Instance,2_threads_time,2_threads_solutions,2_threads_max_blocks,4_threads_time,4_threads_solutions,4_threads_max_blocks,8_threads_time,8_threads_solutions,8_threads_max_blocks
Aarnet.txt,0.8800,53067357700,8,0.8923,53067357700,8,0.9078,53067357700,8
Abilene.txt,0.0575,921600,10,0.0597,921600,10,0.0612,921600,10
Abvt.txt,0.0341,39600000,12,0.0348,39600000,12,0.0308,39600000,12
Aconet.txt,0.9404,4613900,4,0.9407,4613900,4,0.9404,4613900,4
Agis.txt,0.1015,701220,9,0.1048,701220,9,0.1027,701220,9
Ai3.txt,0.1444,543750,8,0.1474,543750,8,0.1457,543750,8
Airtel.txt,0.0367,1903000000,16,0.0388,1903000000,16,0.0359,1903000000,16
Amres.txt,0.0810,3064320,10,0.0786,3064320,10,0.0790,3064320,10
Ans.txt,0.2206,17550,6,0.2210,17550,6,0.2241,17550,6
Arn.txt,0.0421,4368000,13,0.0435,4368000,13,0.0500,4368000,13
Arnes.txt,0.0301,192000000,16,0.0301,192000000,16,0.0339,192000000,16
Arpanet19723.txt,0.0863,983040,11,0.0880,983040,11,0.0835,983040,11
AttMpls.txt,0.0515,242715000,12,0.0530,242715000,12,0.0504,242715000,12
Azrena.txt,0.0319,1000000,12,0.0294,1000000,12,0.0313,1000000,12
Bandcon.txt,0.0262,44400000,14,0.0254,44400000,14,0.0248,44400000,14
Basnet.txt,0.2260,2632500,8,0.2260,2632500,8,0.2258,2632500,8
Bbnplanet.txt,0.1726,1650,4,0.1806,1650,4,0.1749,1650,4
Bellcanada.txt,0.1019,775,5,0.1017,775,5,0.1029,775,5
Bellsouth.txt,0.0408,1188000000,16,0.0467,1188000000,16,0.0424,1188000000,16
Belnet2003.txt,0.0366,624850120000,14,0.0366,624850120000,14,0.0363,624850120000,14
Belnet2005.txt,0.2880,96656,5,0.2883,96656,5,0.3006,96656,5
Belnet2006.txt,0.6974,9535000,6,0.6961,9535000,6,0.6975,9535000,6
Belnet2007.txt,0.1242,702,5,0.1278,702,5,0.1255,702,5
Belnet2010.txt,0.0439,22360800,14,0.0429,22360800,14,0.0430,22360800,14
BeyondTheNetwork.txt,0.1056,650,4,0.1028,650,4,0.1010,650,4
Bics.txt,0.0270,198000000,15,0.0288,198000000,15,0.0294,198000000,15
Biznet.txt,0.0782,921600,11,0.0778,921600,11,0.0800,921600,11
Bren.txt,0.1652,422500,8,0.1612,422500,8,0.1597,422500,8
BsonetEurope.txt,0.0380,3080000,13,0.0367,3080000,13,0.0372,3080000,13
BtAsiaPac.txt,0.0767,17233920,11,0.0800,17233920,11,0.0818,17233920,11
BtEurope.txt,0.5750,2209305,4,0.5740,2209305,4,0.5709,2209305,4
Canerie.txt,0.1685,15625,7,0.1682,15625,7,0.1706,15625,7
Carnet.txt,0.2262,21735000,8,0.2283,21735000,8,0.2157,21735000,8
Cernet.txt,0.1803,421875,9,0.1856,421875,9,0.1856,421875,9
Cesnet1993.txt,0.3315,1056600,7,0.3357,1056600,7,0.3338,1056600,7
Cesnet1997.txt,0.0425,110000000,16,0.0421,110000000,16,0.0429,110000000,16
Cesnet1999.txt,1.3297,183517875,7,1.3251,183517875,7,1.3140,183517875,7
Cesnet200511.txt,0.0861,12794880,11,0.0869,12794880,11,0.0822,12794880,11
Cesnet200603.txt,0.0492,604800000,16,0.0482,604800000,16,0.0494,604800000,16
Chinanet.txt,0.0302,211200000,16,0.0296,211200000,16,0.0315,211200000,16
Cogentco.txt,0.1077,17879040,11,0.1070,17879040,11,0.1048,17879040,11
CrlNetworkServices.txt,0.1326,8451840,11,0.1340,8451840,11,0.1302,8451840,11
Cynet.txt,0.0434,202800000,16,0.0415,202800000,16,0.0448,202800000,16
Deltacom.txt,0.1225,296383950,11,0.1225,296383950,11,0.1260,296383950,11
Eenet.txt,0.0366,144000000,16,0.0383,144000000,16,0.0376,144000000,16
EliBackbone.txt,0.1920,2320000,9,0.2004,2320000,9,0.1866,2320000,9
Epoch.txt,0.0944,15625,6,0.0931,15625,6,0.0899,15625,6
Eunetworks.txt,0.1901,4116875,7,0.1866,4116875,7,0.1855,4116875,7
Fatman.txt,0.0803,1094400,11,0.0823,1094400,11,0.0816,1094400,11
Fccn.txt,0.2532,1600,4,0.2559,1600,4,0.2536,1600,4
Garr200109.txt,0.2034,1703765000,9,0.2087,1703765000,9,0.2064,1703765000,9
Garr200112.txt,0.0383,7381000,12,0.0400,7381000,12,0.0382,7381000,12
Garr200212.txt,0.6603,81321915600,9,0.6642,81321915600,9,0.6564,81321915600,9
Garr200404.txt,0.0375,10000000,14,0.0380,10000000,14,0.0372,10000000,14
Garr200912.txt,0.0466,17303000,15,0.0445,17303000,15,0.0466,17303000,15
Garr201003.txt,0.0320,12100000,14,0.0335,12100000,14,0.0305,12100000,14
Garr201004.txt,0.1458,625,4,0.1421,625,4,0.1452,625,4
Garr201012.txt,0.2053,783,4,0.2029,783,4,0.2070,783,4
Garr201101.txt,0.0423,10000000,15,0.0444,10000000,15,0.0426,10000000,15
Garr201103.txt,0.0923,1440000,11,0.0874,1440000,11,0.0880,1440000,11
Garr201107.txt,0.0585,1749600,10,0.0580,1749600,10,0.0588,1749600,10
Garr201111.txt,1.0165,132501250,7,1.0195,132501250,7,1.0200,132501250,7
Garr201112.txt,0.5369,3346460,4,0.5379,3346460,4,0.5368,3346460,4
Gblnet.txt,0.1394,625,5,0.1357,625,5,0.1353,625,5
Getnet.txt,0.4408,3625000,8,0.4299,3625000,8,0.4396,3625000,8
Globalcenter.txt,0.2221,431926,4,0.2234,431926,4,0.2212,431926,4
Globenet.txt,0.1671,22400,6,0.1656,22400,6,0.1653,22400,6
Grena.txt,0.1251,24316875,8,0.1138,24316875,8,0.1139,24316875,8
Gridnet.txt,0.1525,625,5,0.1514,625,5,0.1531,625,5
Grnet.txt,0.0539,30250000,15,0.0549,30250000,15,0.0542,30250000,15
GtsCe.txt,0.2195,650,5,0.2048,650,5,0.2112,650,5
GtsCzechRepublic.txt,0.0726,1547595,11,0.0682,1547595,11,0.0723,1547595,11
GtsHungary.txt,0.1198,56871936,11,0.1218,56871936,11,0.1220,56871936,11
GtsPoland.txt,0.0362,17600000,15,0.0399,17600000,15,0.0365,17600000,15
GtsSlovakia.txt,0.2117,756,5,0.2143,756,5,0.2179,756,5
Harnet.txt,0.1711,1075,5,0.1676,1075,5,0.1717,1075,5
Heanet.txt,0.3395,17055450,7,0.3401,17055450,7,0.3414,17055450,7
HiberniaCanada.txt,0.0277,36036000,12,0.0285,36036000,12,0.0276,36036000,12
HiberniaGlobal.txt,0.0371,3241555200,12,0.0353,3241555200,12,0.0357,3241555200,12
HurricaneElectric.txt,0.0450,12000000,15,0.0449,12000000,15,0.0451,12000000,15
Ibm.txt,0.0429,1082400000,16,0.0442,1082400000,16,0.0457,1082400000,16
Ilan.txt,0.0785,50388000,10,0.0784,50388000,10,0.0809,50388000,10
Integra.txt,0.1486,523125,9,0.1398,523125,9,0.1480,523125,9
Intellifiber.txt,0.1414,24050,6,0.1451,24050,6,0.1544,24050,6
Internode.txt,0.0356,110000000,16,0.0364,110000000,16,0.0383,110000000,16
Ion.txt,0.0383,401601200,14,0.0382,401601200,14,0.0388,401601200,14
IowaStatewideFiberMap.txt,0.0369,1100000,12,0.0400,1100000,12,0.0361,1100000,12
Janetlense.txt,0.0746,1244160,11,0.0759,1244160,11,0.0759,1244160,11
Kdl.txt,0.1676,775,4,0.1698,775,4,0.1695,775,4
KentmanApr2007.txt,2.3982,3907926100,5,2.4573,3907926100,5,2.4012,3907926100,5
KentmanAug2005.txt,0.0792,756,4,0.0767,756,4,0.0790,756,4
KentmanJan2011.txt,0.0825,3481920,11,0.0847,3481920,11,0.0819,3481920,11
Kreonet.txt,0.0365,702000000,16,0.0375,702000000,16,0.0371,702000000,16
LambdaNet.txt,3.5513,50668090200,6,3.5520,50668090200,6,3.5612,50668090200,6
Layer42.txt,0.0820,1248480,11,0.0945,1248480,11,0.0819,1248480,11
Litnet.txt,0.0454,10000000,14,0.0449,10000000,14,0.0481,10000000,14
Marwan.txt,0.1572,16250,6,0.1632,16250,6,0.1624,16250,6
Mren.txt,0.0762,1789952,11,0.0748,1789952,11,0.0775,1789952,11
NetworkUsa.txt,0.0383,1058200000,16,0.0365,1058200000,16,0.0371,1058200000,16
Nordu1997.txt,0.0383,154000000,16,0.0398,154000000,16,0.0400,154000000,16
Nsfnet.txt,0.0435,39270000,14,0.0416,39270000,14,0.0424,39270000,14
Ntt.txt,0.1960,26000,6,0.1926,26000,6,0.1979,26000,6
Oteglobe.txt,0.0363,2560000,13,0.0373,2560000,13,0.0366,2560000,13
Oxford.txt,0.1472,22100,6,0.1501,22100,6,0.1506,22100,6
Quest.txt,0.1622,1418300,7,0.1679,1418300,7,0.1664,1418300,7
RedBestel.txt,0.0630,1827840,11,0.0538,1827840,11,0.0537,1827840,11
Rediris.txt,0.1057,226746000,10,0.1019,226746000,10,0.1040,226746000,10
Renater2001.txt,0.0749,1583550,10,0.0764,1583550,10,0.0785,1583550,10
Restena.txt,0.4070,289562364,5,0.4094,289562364,5,0.4103,289562364,5
Reuna.txt,0.1865,511056,9,0.1904,511056,9,0.1933,511056,9
RoedunetFibre.txt,0.1854,16875,6,0.1721,16875,6,0.1715,16875,6
Sago.txt,0.1870,20625,6,0.1896,20625,6,0.1860,20625,6
Savvis.txt,0.1971,18900,7,0.1913,18900,7,0.1926,18900,7
Singaren.txt,0.0619,1300500,11,0.0588,1300500,11,0.0546,1300500,11
Surfnet.txt,0.5628,159849725,4,0.5597,159849725,4,0.5627,159849725,4
SwitchL3.txt,0.1910,5225,4,0.1896,5225,4,0.1947,5225,4
Syringa.txt,0.1588,16875,7,0.1567,16875,7,0.1596,16875,7
TLex.txt,0.0413,14400000,15,0.0409,14400000,15,0.0421,14400000,15
Telcove.txt,0.0372,86400000,13,0.0378,86400000,13,0.0415,86400000,13
Ulaknet.txt,0.0449,1762560,10,0.0479,1762560,10,0.0456,1762560,10
UniC.txt,0.0335,4320000,12,0.0327,4320000,12,0.0334,4320000,12
Uninet.txt,0.0352,73500000,14,0.0369,73500000,14,0.0399,73500000,14
Uninett2010.txt,0.0641,650,4,0.0627,650,4,0.0653,650,4
Uninett2011.txt,0.1756,438750,9,0.1753,438750,9,0.1673,438750,9
Uran.txt,0.0411,250000000,16,0.0391,250000000,16,0.0375,250000000,16
UsCarrier.txt,0.0807,4161600,10,0.0806,4161600,10,0.0816,4161600,10
Uunet.txt,0.0409,13200000,15,0.0422,13200000,15,0.0401,13200000,15
VtlWavenet2011.txt,0.0292,165880000,14,0.0311,165880000,14,0.0299,165880000,14
WideJpn.txt,0.2297,45000,6,0.2345,45000,6,0.2352,45000,6
Xeex.txt,0.0272,326700000,16,0.0260,326700000,16,0.0263,326700000,16
York.txt,0.0853,1111359488,11,0.0878,1111359488,11,0.0928,1111359488,11
Zamren.txt,0.0233,3700000,13,0.0232,3700000,13,0.0230,3700000,13
grafo120.40.txt,0.3501,3286,5,0.3455,3286,5,0.3427,3286,5
grafo121.20.txt,0.0288,13000000,15,0.0305,13000000,15,0.0260,13000000,15
grafo124.28.txt,1.7130,33926375,5,1.7130,33926375,5,1.7056,33926375,5
grafo125.32.txt,0.0428,1320000,13,0.0417,1320000,13,0.0441,1320000,13
grafo126.22.txt,0.0435,689700000,16,0.0490,689700000,16,0.0435,689700000,16
grafo127.21.txt,0.3387,6482025,8,0.3381,6482025,8,0.3380,6482025,8
grafo128.35.txt,0.0805,2995200,10,0.0801,2995200,10,0.0781,2995200,10
grafo142.33.txt,0.0428,211200000,16,0.0447,211200000,16,0.0479,211200000,16
grafo143.29.txt,0.1561,1152,4,0.1554,1152,4,0.1588,1152,4
grafo144.12.txt,0.0368,284544000,14,0.0430,284544000,14,0.0366,284544000,14
grafo150.31.txt,0.3459,1397687500,9,0.3385,1397687500,9,0.3358,1397687500,9
grafo159.24.txt,0.1858,16900,7,0.1824,16900,7,0.1840,16900,7
grafo161.31.txt,0.2180,75600,6,0.2134,75600,6,0.2204,75600,6
grafo162.24.txt,0.0356,89812800,12,0.0360,89812800,12,0.0359,89812800,12
grafo166.10.txt,0.0423,20000000,15,0.0392,20000000,15,0.0366,20000000,15
grafo167.22.txt,0.0928,1566720,11,0.0917,1566720,11,0.0898,1566720,11
grafo173.26.txt,0.0766,2894080,11,0.0691,2894080,11,0.0690,2894080,11
grafo174.27.txt,0.1737,675,5,0.1789,675,5,0.1734,675,5
grafo175.23.txt,0.1801,650,4,0.1874,650,4,0.1799,650,4
grafo177.11.txt,0.0517,26730000,13,0.0517,26730000,13,0.0530,26730000,13
grafo179.35.txt,0.2055,1644226560,11,0.2112,1644226560,11,0.2128,1644226560,11
grafo180.27.txt,0.1353,861250,9,0.1412,861250,9,0.1399,861250,9
grafo183.28.txt,0.0841,1044480,11,0.0851,1044480,11,0.0930,1044480,11
grafo184.41.txt,0.0421,1540000,12,0.0432,1540000,12,0.0432,1540000,12
grafo188.23.txt,0.1739,19375,7,0.1729,19375,7,0.1681,19375,7
grafo193.12.txt,0.0323,1210000,13,0.0334,1210000,13,0.0356,1210000,13
grafo194.23.txt,0.1885,1225,4,0.1934,1225,4,0.1923,1225,4
grafo196.30.txt,0.2047,19375,7,0.1874,19375,7,0.1870,19375,7
grafo197.15.txt,0.1350,960,4,0.1356,960,4,0.1331,960,4
grafo198.18.txt,0.2688,341656250,8,0.2732,341656250,8,0.2682,341656250,8
grafo211.14.txt,0.0384,5280000,13,0.0407,5280000,13,0.0358,5280000,13
grafo216.18.txt,0.1135,1575,5,0.1103,1575,5,0.1111,1575,5
grafo218.17.txt,0.0415,41140000,14,0.0387,41140000,14,0.0384,41140000,14
grafo220.13.txt,0.3330,153125,7,0.3350,153125,7,0.3319,153125,7
grafo221.15.txt,0.0351,1000000,12,0.0366,1000000,12,0.0370,1000000,12
grafo229.13.txt,0.0856,6057984,11,0.0854,6057984,11,0.0839,6057984,11
grafo230.14.txt,0.0357,1560000,13,0.0399,1560000,13,0.0369,1560000,13
grafo233.11.txt,0.1436,4605358680,11,0.1440,4605358680,11,0.1465,4605358680,11
grafo234.12.txt,0.0942,921600,10,0.0774,921600,10,0.0788,921600,10
grafo236.15.txt,0.1799,9475,5,0.1764,9475,5,0.1807,9475,5
grafo237.16.txt,0.1020,154387200,10,0.1027,154387200,10,0.0997,154387200,10
grafo238.10.txt,0.0432,143070000,12,0.0426,143070000,12,0.0415,143070000,12
grafo242.14.txt,0.1327,406250,8,0.1308,406250,8,0.1252,406250,8
grafo245.21.txt,0.0728,3465216,11,0.0789,3465216,11,0.0743,3465216,11
grafo246.11.txt,0.0797,864000,11,0.0816,864000,11,0.0833,864000,11
grafo247.15.txt,0.0328,1210000,12,0.0348,1210000,12,0.0354,1210000,12
grafo249.22.txt,0.2476,10693750,9,0.2389,10693750,9,0.2352,10693750,9
grafo250.13.txt,0.1407,116532637200,10,0.1325,116532637200,10,0.1407,116532637200,10
grafo259.12.txt,0.1926,16900,6,0.1867,16900,6,0.1897,16900,6
grafo263.11.txt,0.1708,1297200,4,0.1742,1297200,4,0.1698,1297200,4
grafo265.10.txt,0.0468,258720000,14,0.0413,258720000,14,0.0418,258720000,14
grafo268.15.txt,0.0371,1694000,12,0.0360,1694000,12,0.0382,1694000,12
grafo280.11.txt,0.7273,20872000,7,0.7059,20872000,7,0.7199,20872000,7
grafo281.14.txt,0.0418,245025000,14,0.0388,245025000,14,0.0406,245025000,14
grafo283.24.txt,0.0776,1404000,11,0.0825,1404000,11,0.0770,1404000,11
grafo284.28.txt,0.2169,625,4,0.2157,625,4,0.2183,625,4
grafo285.14.txt,0.1753,468750,8,0.1795,468750,8,0.1798,468750,8
grafo287.19.txt,0.0972,979200,11,0.0987,979200,11,0.0986,979200,11
grafo289.40.txt,0.0395,10912000,13,0.0379,10912000,13,0.0365,10912000,13
grafo292.16.txt,0.3995,506081250,8,0.3925,506081250,8,0.3995,506081250,8
grafo293.17.txt,0.0478,1400000,12,0.0440,1400000,12,0.0450,1400000,12
grafo295.15.txt,0.0479,3300000,13,0.0485,3300000,13,0.0461,3300000,13
grafo297.15.txt,0.0626,18150000,12,0.0698,18150000,12,0.0620,18150000,12
grafo299.19.txt,0.0361,25300000,14,0.0376,25300000,14,0.0399,25300000,14
grafo329.17.txt,0.0387,420000000,16,0.0423,420000000,16,0.0421,420000000,16
grafo331.15.txt,0.3358,5420250,8,0.3342,5420250,8,0.3371,5420250,8
grafo332.82.txt,0.1657,44800,7,0.1633,44800,7,0.1679,44800,7
grafo336.21.txt,0.1156,775,5,0.1134,775,5,0.1129,775,5
grafo337.15.txt,0.0344,53010000,13,0.0337,53010000,13,0.0342,53010000,13
