Instance,#cols,#rows,DLX,DXZ,D3X,DXD_S,DXD_M,IDXD_S,IDXD_M,MDLX,SharpSAT-TD,ExactMC,#sols,#Max_B,zdd_compile(s),cnf_compile(s)
Aarnet,581,2737,,,,,,5.6237,3.4568,,,,,,0.082373,0.0559
Abilene,566,2590,,,,,,12.6891,56.5224,,,,,,0.074333,0.05
Abvt,556,2756,,,,,,3.9652,2.9825,,,,,,0.080279,0.0528
Aconet,512,2592,,,,,,0.0173,0.0718,,,,,,0.068734,0.0474
Agis,587,2554,,,,,,59.9787,24.1024,,,,,,0.075494,0.0524
Ai3,536,2790,,,,,,3.8675,3.6784,,,,,,0.0746,0.0526
Airtel,540,2806,,,,,,13.2279,2.7901,,,,,,0.078643,0.0527
Amres,552,2828,,,,,,28.1630,1.1443,,,,,,0.075115,0.0543
Ans,550,2738,,,,,,11.1318,1.4221,,,,,,0.077844,0.0516
Arn,528,2773,,,,,,3.8087,5.0516,,,,,,0.07822,0.053
Arnes,564,2843,,,,,,0.1425,0.7223,,,,,,0.082256,0.0558
AttMpls,551,2696,,,,,,9.3431,1.7792,,,,,,0.077838,0.0533
Azrena,522,2785,,,,,,14.1410,3.1230,,,,,,0.076441,0.0514
Bandcon,554,2709,,,,,,16.3210,2.1822,,,,,,0.079224,0.0537
Basnet,547,2545,,,,,,1.0105,0.7314,,,,,,0.070117,0.0469
Bbnplanet,558,2761,,,,,,8.0947,2.8480,,,,,,0.084734,0.0537
Bellcanada,495,2458,,,,,,12.2629,1.1376,,,,,,0.061775,0.0432
Bellsouth,534,2657,,,,,,0.7300,1.1007,,,,,,0.06908,0.0485
Belnet2005,535,2986,,,,,,31.4743,9.8544,,,,,,0.086784,0.0574
BeyondTheNetwork,565,2683,,,,,,18.8294,7.3697,,,,,,0.07611,0.0509
Bics,576,2545,,,,,,18.2685,8.2611,,,,,,0.072856,0.0504
Biznet,532,2671,,,,,,22.2278,1.5835,,,,,,0.073715,0.0523
Bren,596,2740,,,,,,0.4328,3.6814,,,,,,0.087713,0.0556
BsonetEurope,562,2793,,,,,,110.5619,1.2638,,,,,,0.080269,0.0543
BtAsiaPac,518,2832,,,,,,7.6067,8.6200,,,,,,0.077904,0.0555
BtEurope,533,2725,,,,,,3.7207,3.0124,,,,,,0.076132,0.0512
Canerie,552,2625,,,,,,3.5503,10.5846,,,,,,0.071298,0.0507
Carnet,550,3132,,,,,,0.0194,2.6471,,,,,,0.088646,0.0617
Cernet,568,2677,,,,,,5.6543,0.6195,,,,,,0.070243,0.0531
Cesnet1993,586,2760,,,,,,8.5474,1.6604,,,,,,0.080164,0.0576
Cesnet1997,548,2788,,,,,,1.8350,7.5861,,,,,,0.081864,0.0544
Chinanet,496,2716,,,,,,0.0165,6.5795,,,,,,0.062097,0.0482
Cynet,606,2816,,,,,,22.0031,13.4974,,,,,,0.089511,0.0631
Grena,623,2600,,,,,,0.0145,0.0502,,,,,,0.087352,0.0556
Gridnet,458,2635,,,,,,4.1129,0.3457,,,,,,0.061896,0.0446
Grnet,562,2713,,,,,,9.4404,2.0290,,,,,,0.082235,0.052
GtsCe,555,2896,,,,,,10.4188,1.0640,,,,,,0.086446,0.0583
GtsCzechRepublic,547,2681,,,,,,16.7519,16.1290,,,,,,0.075373,0.0502
Harnet,545,2615,,,,,,8.0050,0.5600,,,,,,0.070056,0.0501
Heanet,592,2652,,,,,,11.8414,3.2324,,,,,,0.082551,0.0566
HiberniaCanada,588,2816,,,,,,1.3739,5.2044,,,,,,0.092423,0.0582
Ibm,543,2814,,,,,,0.0153,1.6801,,,,,,0.074104,0.0541
Integra,531,2658,,,,,,15.7374,3.5793,,,,,,0.069097,0.0497
Litnet,491,2765,,,,,,56.7460,17.0920,,,,,,0.070212,0.0486
Marwan,575,2844,,,,,,11.5763,5.1271,,,,,,0.077515,0.0568
Ntt,521,2986,,,,,,2.3111,0.1206,,,,,,0.079153,0.055
Oteglobe,550,2919,,,,,,0.3022,8.1218,,,,,,0.082594,0.0567
Oxford,558,2687,,,,,,38.1685,1.8727,,,,,,0.077076,0.0514
Rediris,557,2721,,,,,,18.1785,1.7201,,,,,,0.084961,0.0525
Renater2001,531,2630,,,,,,0.1554,2.9822,,,,,,0.072735,0.0477
Sago,597,2720,,,,,,2.7060,1.8505,,,,,,0.083324,0.057
Savvis,564,2679,,,,,,14.4210,2.9567,,,,,,0.080061,0.051
Surfnet,508,3038,,,,,,7.5781,1.9881,,,,,,0.084864,0.0551
Syringa,520,3012,,,,,,53.7928,1.6729,,,,,,0.078473,0.0578
TLex,532,2703,,,,,,6.0500,3.3761,,,,,,0.072996,0.0507
Telcove,576,2596,,,,,,9.3282,3.3436,,,,,,0.078002,0.0541
UniC,528,2675,,,,,,7.0106,0.8337,,,,,,0.071436,0.0498
Uninet,563,2708,,,,,,0.0105,4.0619,,,,,,0.084205,0.0533
Uran,537,2650,,,,,,0.0052,2.4997,,,,,,0.069807,0.0478
Uunet,532,2787,,,,,,11.6380,4.9140,,,,,,0.080013,0.0534
grafo113.28,914,9279,,,,,,timeout,timeout,,,,,,0.513379,0.2851
grafo114.26,978,9095,,,,,,timeout,timeout,,,,,,0.560186,0.3002
grafo115.30,927,9038,,,,,,timeout,timeout,,,,,,0.499637,0.2764
grafo116.28,909,9460,,,,,,timeout,timeout,,,,,,0.539265,0.2799
grafo200.11,946,9344,,,,,,timeout,timeout,,,,,,0.571187,0.2871
grafo201.13,898,8914,,,,,,timeout,timeout,,,,,,0.480031,0.2691
grafo202.13,985,9318,,,,,,timeout,timeout,,,,,,0.585549,0.2981
grafo203.13,909,9157,,,,,,timeout,timeout,,,,,,0.488503,0.2646
grafo204.15,960,9551,,,,,,timeout,timeout,,,,,,0.577076,0.3071
grafo205.30,984,9058,,,,,,timeout,timeout,,,,,,0.564215,0.3075
grafo206.12,906,9086,,,,,,timeout,timeout,,,,,,0.502058,0.2734
grafo207.12,905,8698,,,,,,timeout,timeout,,,,,,0.490983,0.2723
grafo208.38,949,9111,,,,,,timeout,timeout,,,,,,0.50737,0.2884
grafo209.10,893,9339,,,,,,timeout,timeout,,,,,,0.516894,0.2772
grafo210.10,933,9315,,,,,,timeout,timeout,,,,,,0.543018,0.2994
grafo300.13,900,9574,,,,,,timeout,timeout,,,,,,0.510769,0.2784
grafo301.17,925,9077,,,,,,timeout,timeout,,,,,,0.529681,0.2824
grafo302.17,884,9355,,,,,,timeout,timeout,,,,,,0.514535,0.2813
grafo303.11,992,9114,,,,,,timeout,timeout,,,,,,0.595552,0.2993
grafo304.15,863,8949,,,,,,timeout,timeout,,,,,,0.449531,0.2636
grafo305.16,898,9239,,,,,,timeout,timeout,,,,,,0.507798,0.2717
grafo306.18,975,9363,,,,,,timeout,timeout,,,,,,0.55378,0.2998
grafo307.13,924,9571,,,,,,timeout,timeout,,,,,,0.549994,0.287
grafo308.14,973,8814,,,,,,timeout,timeout,,,,,,0.511994,0.2805
grafo309.26,942,8963,,,,,,timeout,timeout,,,,,,0.511583,0.2687
grafo310.14,907,9005,,,,,,timeout,timeout,,,,,,0.477084,0.2788
grafo311.16,909,8996,,,,,,timeout,timeout,,,,,,0.546637,0.2666
grafo312.27,1003,9170,,,,,,timeout,timeout,,,,,,0.614955,0.3009
grafo316.11,984,9440,,,,,,timeout,timeout,,,,,,0.582001,0.3056
grafo317.13,853,9375,,,,,,timeout,timeout,,,,,,0.499349,0.2771
grafo318.20,935,8940,,,,,,timeout,timeout,,,,,,0.526255,0.2748
grafo319.26,933,9126,,,,,,timeout,timeout,,,,,,0.54681,0.2771
grafo320.35,948,9181,,,,,,timeout,timeout,,,,,,0.539867,0.28
grafo340.15,963,8838,,,,,,timeout,timeout,,,,,,0.539584,0.2816
grafo341.30,921,9180,,,,,,timeout,timeout,,,,,,0.554925,0.2862
grafo342.16,852,8670,,,,,,timeout,timeout,,,,,,0.450005,0.2401
grafo343.14,916,9291,,,,,,timeout,timeout,,,,,,0.582361,0.2843
grafo344.36,986,9135,,,,,,timeout,timeout,,,,,,0.569768,0.2998
grafo345.14,984,8649,,,,,,timeout,timeout,,,,,,0.534168,0.2816
grafo346.19,927,9092,,,,,,timeout,timeout,,,,,,0.515018,0.29
grafo7622.45,1011,677,,,,,,0.0138,318.5635,,,,,,0.00115,0.0186
grafo7623.45,966,773,,,,,,0.0051,0.0035,,,,,,0.001362,0.0207
grafo7624.41,152,617,,,,,,0.0172,0.0045,,,,,,0.00103,0.0059
grafo7625.47,496,857,,,,,,0.0045,996.6817,,,,,,0.001704,0.014
grafo7626.38,111,617,,,,,,0.0055,0.0064,,,,,,0.000937,0.0052
grafo7627.57,1068,1042,,,,,,0.0134,0.0037,,,,,,0.002605,0.0326
grafo7628.47,199,707,,,,,,0.0044,262.7850,,,,,,0.001272,0.0072
grafo8025.82,767,1349,,,,,,0.0186,876.0974,,,,,,0.005673,0.0313
grafo8032.68,1198,1147,,,,,,0.0061,551.5908,,,,,,0.003809,0.0371
grafo8039.65,264,891,,,,,,0.0133,79.1564,,,,,,0.002841,0.0107
grafo8186.90,1288,1457,,,,,,870.8687,44.7854,,,,,,0.006764,0.0516
grafo8187.70,921,1099,,,,,,0.0184,0.0060,,,,,,0.004088,0.0286
grafo8188.62,1130,1104,,,,,,487.6396,357.6596,,,,,,0.002901,0.0335
grafo8189.85,349,1443,,,,,,0.0056,402.0844,,,,,,0.006207,0.0199
grafo8190.73,73,1009,,,,,,0.0125,135.0273,,,,,,0.003202,0.0084
grafo8222.84,851,1407,,,,,,0.0058,292.2539,,,,,,0.006158,0.0368
grafo8223.99,595,1558,,,,,,0.0148,timeout,,,,,,0.007188,0.0301
grafo8224.100,449,1392,,,,,,1110.7607,0.0206,,,,,,0.006555,0.0223
grafo8225.88,1376,1295,,,,,,0.1567,460.1190,,,,,,0.005267,0.0463
grafo8226.90,685,1282,,,,,,0.0051,378.9225,,,,,,0.00547,0.0272
