文件名,线程数,算法耗时(秒),求解个数,最大分块数
bell-09,8,0.574655,21147,1
bell-09,16,0.569131,21147,1
bell-09,24,0.570433,21147,1
bell-10,8,2.88519,115975,1
bell-10,16,2.88294,115975,1
bell-10,24,3.04373,115975,1
doublefact-17,8,12.2532,34459425,1
doublefact-17,16,12.2425,34459425,1
doublefact-17,24,12.1225,34459425,1
doublefact-19,8,60.9019,654729075,1
doublefact-19,16,60.2437,654729075,1
doublefact-19,24,60.0331,654729075,1
kts15-ptpt-0020,8,0.919722,8,2
kts15-ptpt-0020,16,0.966323,8,2
kts15-ptpt-0020,24,0.928448,8,2
kts15-ptpt-0021,8,0.867178,72,2
kts15-ptpt-0021,16,0.873838,72,2
kts15-ptpt-0021,24,0.882793,72,2
latin7-blk-00008,8,3.09087,27072,2
latin7-blk-00008,16,3.08031,27072,2
latin7-blk-00008,24,3.1202,27072,2
latin7-blk-00009,8,3.14958,27776,2
latin7-blk-00009,16,3.16007,27776,2
latin7-blk-00009,24,3.18334,27776,2
bell-03,8,0.000319561,5,1
bell-03,16,0.000318298,5,1
bell-03,24,0.000318429,5,1
bell-04,8,0.000639862,15,1
bell-04,16,0.000558789,15,1
bell-04,24,0.00062276,15,1
bell-05,8,0.00162968,52,1
bell-05,16,0.00149509,52,1
bell-05,24,0.00265807,52,1
bell-06,8,0.00570205,203,1
bell-06,16,0.0056113,203,1
bell-06,24,0.00607258,203,1
bell-07,8,0.0253178,877,1
bell-07,16,0.0242458,877,1
bell-07,24,0.0241022,877,1
bell-08,8,0.11575,4140,1
bell-08,16,0.116219,4140,1
bell-08,24,0.118441,4140,1
bell-11,8,14.2944,678570,1
bell-11,16,14.3446,678570,1
bell-11,24,14.6666,678570,1
bell-12,8,78.6526,4213597,1
bell-12,16,77.9001,4213597,1
bell-12,24,78.198,4213597,1
doublefact-01,8,5.8571,1,1
doublefact-01,16,5.0004,1,1
doublefact-01,24,5.7307,1,1
doublefact-03,8,0.000199635,3,1
doublefact-03,16,0.000191019,3,1
doublefact-03,24,0.000195026,3,1
doublefact-05,8,0.00060139,15,1
doublefact-05,16,0.000566103,15,1
doublefact-05,24,0.000624974,15,1
doublefact-07,8,0.00264667,105,1
doublefact-07,16,0.00263846,105,1
doublefact-07,24,0.00259847,105,1
doublefact-09,8,0.0146011,945,1
doublefact-09,16,0.0141012,945,1
doublefact-09,24,0.0142893,945,1
doublefact-11,8,0.0801881,10395,1
doublefact-11,16,0.0792393,10395,1
doublefact-11,24,0.0794502,10395,1
doublefact-13,8,0.408113,135135,1
doublefact-13,16,0.413478,135135,1
doublefact-13,24,0.404968,135135,1
doublefact-15,8,2.33215,2027025,1
doublefact-15,16,2.33039,2027025,1
doublefact-15,24,2.34372,2027025,1
doublefact-21,8,290.051,13749310575,1
doublefact-21,16,289.986,13749310575,1
doublefact-21,24,292.263,13749310575,1
doublefact-23,8,,,
doublefact-23,16,,,
doublefact-23,24,,,
doublefact-25,8,,,
doublefact-25,16,,,
doublefact-25,24,,,
doublefact-27,8,,,
doublefact-27,16,,,
doublefact-27,24,,,
doublefact-29,8,,,
doublefact-29,16,,,
doublefact-29,24,,,
kts15-ptpt-0001,8,0.451199,0,2
kts15-ptpt-0001,16,0.456384,0,2
kts15-ptpt-0001,24,0.451678,0,2
kts15-ptpt-0002,8,0.443341,1,2
kts15-ptpt-0002,16,0.4226,1,2
kts15-ptpt-0002,24,0.421132,1,2
kts15-ptpt-0003,8,0.404872,8,2
kts15-ptpt-0003,16,0.40342,8,2
kts15-ptpt-0003,24,0.40457,8,2
kts15-ptpt-0004,8,0.534598,1,2
kts15-ptpt-0004,16,0.534553,1,2
kts15-ptpt-0004,24,0.538477,1,2
kts15-ptpt-0005,8,0.467542,0,2
kts15-ptpt-0005,16,0.467937,0,2
kts15-ptpt-0005,24,0.469267,0,2
kts15-ptpt-0006,8,0.552725,8,2
kts15-ptpt-0006,16,0.554066,8,2
kts15-ptpt-0006,24,0.554318,8,2
kts15-ptpt-0007,8,0.547628,12,2
kts15-ptpt-0007,16,0.555519,12,2
kts15-ptpt-0007,24,0.553243,12,2
kts15-ptpt-0008,8,0.568675,0,2
kts15-ptpt-0008,16,0.593527,0,2
kts15-ptpt-0008,24,0.571567,0,2
kts15-ptpt-0009,8,0.694489,6,2
kts15-ptpt-0009,16,0.698159,6,2
kts15-ptpt-0009,24,0.689171,6,2
kts15-ptpt-0010,8,0.671686,1,2
kts15-ptpt-0010,16,0.668238,1,2
kts15-ptpt-0010,24,0.673337,1,2
kts15-ptpt-0011,8,0.740219,4,2
kts15-ptpt-0011,16,0.737632,4,2
kts15-ptpt-0011,24,0.740109,4,2
kts15-ptpt-0012,8,0.317491,4,3
kts15-ptpt-0012,16,0.310772,4,3
kts15-ptpt-0012,24,0.310584,4,3
kts15-ptpt-0013,8,0.797135,24,3
kts15-ptpt-0013,16,0.797949,24,3
kts15-ptpt-0013,24,0.799268,24,3
kts15-ptpt-0014,8,0.710722,8,2
kts15-ptpt-0014,16,0.712651,8,2
kts15-ptpt-0014,24,0.702403,8,2
latin6-blk-00001,8,0.0108064,48,2
latin6-blk-00001,16,0.011068,48,2
latin6-blk-00001,24,0.0103049,48,2
latin6-blk-00002,8,0.0119188,56,2
latin6-blk-00002,16,0.01153,56,2
latin6-blk-00002,24,0.0120212,56,2
latin6-blk-00003,8,0.0139831,80,3
latin6-blk-00003,16,0.0130804,80,3
latin6-blk-00003,24,0.0128627,80,3
latin6-blk-00004,8,0.0130765,72,2
latin6-blk-00004,16,0.0125838,72,2
latin6-blk-00004,24,0.0126632,72,2
latin6-blk-00005,8,0.0138234,80,2
latin6-blk-00005,16,0.0137956,80,2
latin6-blk-00005,24,0.0137213,80,2
latin6-blk-00006,8,0.0143945,88,2
latin6-blk-00006,16,0.0147634,88,2
latin6-blk-00006,24,0.0138895,88,2
latin6-blk-00007,8,0.0146752,80,2
latin6-blk-00007,16,0.013665,80,2
latin6-blk-00007,24,0.0133978,80,2
latin7-blk-00001,8,1.5533,10752,2
latin7-blk-00001,16,1.54409,10752,2
latin7-blk-00001,24,1.55741,10752,2
latin7-blk-00002,8,1.98721,14976,2
latin7-blk-00002,16,1.94859,14976,2
latin7-blk-00002,24,1.95894,14976,2
latin7-blk-00003,8,2.16295,17280,2
latin7-blk-00003,16,2.18817,17280,2
latin7-blk-00003,24,2.18813,17280,2
latin7-blk-00004,8,2.43646,19840,2
latin7-blk-00004,16,2.43964,19840,2
latin7-blk-00004,24,2.45163,19840,2
latin7-blk-00005,8,2.49721,20480,2
latin7-blk-00005,16,2.48895,20480,2
latin7-blk-00005,24,2.49879,20480,2
latin7-blk-00006,8,3.2653,29056,2
latin7-blk-00006,16,3.25856,29056,2
latin7-blk-00006,24,3.25589,29056,2
latin7-blk-00007,8,2.73967,23616,2
latin7-blk-00007,16,2.80464,23616,2
latin7-blk-00007,24,2.75997,23616,2
latin8-blk-00001,8,,,
latin8-blk-00001,16,,,
latin8-blk-00001,24,,,
latin8-blk-00002,8,,,
latin8-blk-00002,16,,,
latin8-blk-00002,24,,,
latin8-blk-00003,8,,,
latin8-blk-00003,16,,,
latin8-blk-00003,24,,,
latin8-blk-00004,8,,,
latin8-blk-00004,16,,,
latin8-blk-00004,24,,,
latin8-blk-00005,8,,,
latin8-blk-00005,16,,,
latin8-blk-00005,24,,,
latin8-blk-00006,8,,,
latin8-blk-00006,16,,,
latin8-blk-00006,24,,,
latin8-blk-00007,8,,,
latin8-blk-00007,16,,,
latin8-blk-00007,24,,,
latin8-blk-00008,8,,,
latin8-blk-00008,16,,,
latin8-blk-00008,24,,,
latin8-blk-00009,8,,,
latin8-blk-00009,16,,,
latin8-blk-00009,24,,,
latin8-blk-00010,8,,,
latin8-blk-00010,16,,,
latin8-blk-00010,24,,,
sts15-blk-00005,8,0.0143232,0,2
sts15-blk-00005,16,0.0141902,0,2
sts15-blk-00005,24,0.0157626,0,2
sts15-blk-00006,8,0.00957407,40,2
sts15-blk-00006,16,0.00969586,40,2
sts15-blk-00006,24,0.0100202,40,2
sts15-blk-00007,8,0.0093909,8,2
sts15-blk-00007,16,0.010251,8,2
sts15-blk-00007,24,0.00931797,8,2
sts15-blk-00008,8,0.00936633,40,2
sts15-blk-00008,16,0.00924798,40,2
sts15-blk-00008,24,0.00905701,40,2
sts15-blk-00009,8,0.0135448,8,2
sts15-blk-00009,16,0.0126842,8,2
sts15-blk-00009,24,0.0131053,8,2
