Instance,#cols,#rows,MDLX,Solutions,Max Blocks,|ZDD|,|DNNF|
AsnetAm.txt,102,928,5.1880,20064184773096211440000,9,,
AttMpls.txt,34,124,0.0976,138690000,6,,
Bellcanada.txt,85,934,11.5931,1366309453307994000,11,,
Bellsouth.txt,84,678,0.3759,794988832250372760,12,,
BeyondTheNetwork.txt,75,928,0.7974,7960497608448,12,,
BtNorthAmerica.txt,55,250,0.0199,17798747645952,8,,
Cernet.txt,56,237,0.0116,13037563816704,6,,
Cesnet200706.txt,42,283,1.4327,14399767872,7,,
Cesnet201006.txt,41,188,0.0106,61223500800,5,,
Chinanet.txt,34,135,0.0033,7691190,5,,
Cogentco.txt,,,TO,,,,
Colt.txt,,,TO,,,,
Columbus.txt,125,715,14.9695,7165051704986651567,13,,
Cudi.txt,71,468,0.2700,9995373489286260,6,,
Deltacom.txt,193,955,24.6851,3951934041188949052559872439407542961305600,13,,
DeutscheTelekom.txt,68,283,0.0183,1569482805945600,7,,
Dfn.txt,93,394,0.1283,164585098635804000,10,,
DialtelecomCz.txt,246,1810,193.0759,20368774221577457181929824667570199495600,14,,
Esnet.txt,,,TO,,,,
Forthnet.txt,84,414,39.6097,29464511615072976,13,,
Garr200902.txt,70,305,0.0557,7824905716064400,7,,
Garr200908.txt,67,312,0.0299,463471976167200,8,,
Garr200909.txt,73,272,0.0205,622464874416000,8,,
Garr200912.txt,69,374,0.0594,2122763494916064,6,,
Garr201001.txt,82,333,0.0292,4162117365182599680,8,,
Garr201003.txt,72,313,0.1684,39991147739136,6,,
Garr201004.txt,92,2459,39.9529,2825001498839593800,13,,
Garr201005.txt,81,319,0.1511,7087148919474624,8,,
Garr201007.txt,85,643,2.7126,5336270947998010944,9,,
Garr201008.txt,69,352,0.0777,388166930756280,6,,
Garr201010.txt,93,1682,17.6139,148027474414443820,13,,
Garr201012.txt,83,376,0.2280,97131756402639000,6,,
Garr201101.txt,83,4082,79.3165,2733651895783360,15,,
Garr201102.txt,74,389,0.1541,289496337962113800,6,,
Garr201103.txt,93,607,0.3024,188664499520640000,10,,
Garr201104.txt,91,583,0.4990,16136087602223714400,8,,
Garr201105.txt,78,464,0.6170,1513246451090613120,6,,
Garr201107.txt,91,499,1.4370,936844463116800,11,,
Garr201108.txt,84,404,0.1169,12012866735768260800,8,,
Garr201109.txt,89,561,0.3560,132270243712681500,11,,
Garr201110.txt,78,413,0.1511,14056537029740766,9,,
Garr201111.txt,86,463,0.6084,5792755250563929648,8,,
Garr201112.txt,89,1483,19.7614,374638307489310900,14,,
Garr201201.txt,78,489,0.1000,503920288213159104,10,,
Geant2009.txt,55,322,1.8392,405899646567480,7,,
Geant2010.txt,68,378,0.2831,49350233892960,7,,
Geant2012.txt,62,312,0.0891,8453062741836,7,,
Globenet.txt,127,1176,3.7433,3614360512588884541440,14,,
GtsCe.txt,,,TO,,,,
HiberniaGlobal.txt,105,851,20.4138,2074561928035084800000,10,,
Highwinds.txt,29,123,0.0173,2620625,7,,
Iij.txt,48,352,11.0289,74717787200,8,,
Intellifiber.txt,,,TO,,,,
Internode.txt,66,473,0.8799,656798976200400,9,,
Interoute.txt,152,766,0.2161,92298128982085591042551065289360000,12,,
Intranetwork.txt,73,337,0.0221,33747703235280000,7,,
Ion.txt,,,TO,,,,
Iris.txt,82,278,0.0057,71342977305600000,8,,
Kdl.txt,,,TO,,,,
Latnet.txt,106,501,0.4552,304291353642490026193920,9,,
Missouri.txt,109,430,0.1425,57105820983404196432000,8,,
Ntelos.txt,78,370,0.0265,12204588447222183936,8,,
Ntt.txt,40,210,0.0245,8386993056,5,,
Oteglobe.txt,151,809,2.2461,58932142778298816678592512000,9,,
Palmetto.txt,69,285,0.0120,873985074811200,7,,
Pern.txt,64,392,0.0748,768839913291780,6,,
PionierL3.txt,65,279,0.7065,11411355795840,6,,
RedBestel.txt,150,839,7.0713,1619510434492756271902713446400,9,,
Renater2010.txt,69,306,0.0098,54096125107736880,7,,
RoedunetFibre.txt,69,250,0.0093,621254814919200,7,,
Sinet.txt,66,1545,0.6740,15071837050368,14,,
Surfnet.txt,88,611,4.4808,3342855333091997118,7,,
Switch.txt,120,634,1.2777,2279438093318474291882336,8,,
SwitchL3.txt,54,226,0.0073,2814573775104,6,,
Syringa.txt,126,683,18.9283,10089788438219191257523968000,9,,
TataNld.txt,247,1196,3.1049,116699270316984507028179654846752222085120000,12,,
Telcove.txt,113,1655,2.7583,74165451814712814103255500,11,,
Tinet.txt,94,548,0.8230,13027376900512716134400,7,,
Tw.txt,126,868,1.0913,3790029909358778736510720000,10,,
Ulaknet.txt,84,2437,6.8628,756492510715200,13,,
Uninett2010.txt,138,1439,22.7485,120545239248463249868042304,10,,
Uninett2011.txt,,,TO,,,,
UsCarrier.txt,272,2973,287.5844,132299646414148921973967297061663323763487466000,14,,
UsSignal.txt,102,631,2.5334,3542621686896383831250,9,,
Uunet.txt,64,267,0.0362,1505816007051840,6,,
VtlWavenet2008.txt,160,721,461.5762,124108206211482212912333137920,15,,
VtlWavenet2011.txt,167,804,94.1672,2067181203168727884189854085729600,11,,
bell-06.ec,6,63,0.0020,203,1,,
bell-07.ec,7,127,0.0095,877,1,,
bell-08.ec,8,255,0.0479,4140,1,,
bell-09.ec,9,511,0.2591,21147,1,,
bell-10.ec,10,1023,1.4831,115975,1,,
bell-11.ec,11,2047,8.9103,678570,1,,
bell-12.ec,,,TO,,,,
delta.txt,126,1194,271.0470,78,28,,
dominoes_10x10.txt,100,180,TO,,,,
dominoes_10x12.txt,120,218,TO,,,,
dominoes_12x12.txt,144,264,TO,,,,
dominoes_8x10.txt,80,142,TO,,,,
dominoes_8x8.txt,64,112,397.7560,12988816,2,,
doublefact-09.ec,10,45,0.0081,945,1,,
doublefact-11.ec,12,66,0.0879,10395,1,,
doublefact-13.ec,14,91,1.1471,135135,1,,
doublefact-15.ec,16,120,17.5112,2027025,1,,
doublefact-17.ec,18,153,291.8531,34459425,1,,
doublefact-19.ec,20,190,TO,,,,
doublefact-21.ec,22,231,TO,,,,
doublefact-23.ec,24,276,TO,,,,
doublefact-25.ec,26,325,TO,,,,
doublefact-27.ec,28,378,TO,,,,
doublefact-29.ec,30,435,TO,,,,
exotic_fives.txt,72,2440,TO,,,,
grafo10006.98.txt,158,985,28.5768,272471817868228000342011539250,12,,
grafo10017.96.txt,,,TO,,,,
grafo10072.97.txt,158,798,402.6819,13259058958914480360125792,16,,
grafo10084.97.txt,164,1260,7.5401,2215710702367944079837593600,11,,
grafo10093.98.txt,160,653,0.2319,12011373629043051434493001680,8,,
grafo10099.94.txt,153,885,486.7347,39349088628024795597276038431211520,14,,
grafo10100.99.txt,169,735,240.0010,7977811134928620432600,19,,
grafo10105.93.txt,163,2363,445.9294,1235530189623079694604780000,17,,
grafo10112.98.txt,170,1324,158.0625,12692215709904984401077716142166580,10,,
grafo10113.94.txt,149,719,70.3654,13552406625123665520153488091360,8,,
grafo10116.100.txt,174,2644,TO,,,,
grafo10124.100.txt,165,699,TO,,,,
grafo10126.98.txt,176,1728,TO,,,,
grafo10129.99.txt,168,4020,50.7732,198551644286553956304688320,16,,
grafo10130.97.txt,,,TO,,,,
grafo10146.97.txt,160,898,20.1430,36084888290235633242565472,12,,
grafo10151.94.txt,163,1536,TO,,,,
grafo10153.100.txt,164,1183,TO,,,,
grafo10156.97.txt,155,770,10.5062,20350483027459989276721853299680,15,,
grafo10160.96.txt,,,TO,,,,
grafo10161.99.txt,178,3163,66.9112,7499629965587176856336728953760,13,,
grafo10162.93.txt,155,1380,93.5083,16943723066030712130728,23,,
grafo10164.98.txt,,,TO,,,,
grafo10171.99.txt,165,1055,45.9260,15378287316672584254732985280,12,,
grafo10173.97.txt,162,1258,TO,,,,
grafo10175.99.txt,157,657,11.1255,85388328645309376216506001872,13,,
grafo10176.97.txt,164,1110,310.1029,110391288988965933859653042432,14,,
grafo10179.97.txt,165,1247,TO,,,,
grafo10184.100.txt,168,984,11.6314,774260303763303208390801489920,16,,
grafo10195.99.txt,167,683,4.1949,190292079107394297194953680,14,,
grafo10203.97.txt,152,748,0.5219,60240136444714215336356779770000,8,,
grafo10204.100.txt,165,1280,72.0050,29653634898146327380379042234220,11,,
grafo10205.97.txt,157,808,0.6708,1047098415602374598602584000,9,,
grafo10207.98.txt,156,891,1.8449,407524009110382244942767825920,11,,
grafo10209.99.txt,160,838,9.2125,1778405443010598595931612784,14,,
grafo10215.93.txt,149,638,0.7402,4429033439896804903015219200,8,,
grafo10218.99.txt,172,1568,745.5773,38667105817754346010481229216,12,,
grafo10220.97.txt,159,1339,101.6350,1790803918795800975261000000,12,,
grafo10223.100.txt,158,1123,21.5123,328837542685158315870007155,11,,
grafo10237.100.txt,169,3988,868.2133,56690839685714305150282092960,15,,
grafo10244.99.txt,169,1740,18.1646,9063532329631820153122673664,12,,
grafo10250.100.txt,162,906,2.7908,114852967527687017594839695360,12,,
grafo10259.100.txt,178,3900,237.2093,64165443845633858500762161900,15,,
grafo10262.100.txt,159,720,5.6331,6525746259024633846681600,10,,
grafo10265.100.txt,154,527,3.4469,32094343893604867070884746240,11,,
grafo10266.94.txt,146,604,3.3609,110801121815568366975240,11,,
grafo10269.99.txt,165,1798,85.6343,380480960212526987313930000,18,,
grafo10273.97.txt,160,1216,20.1902,33635956333383979125105139200,11,,
grafo10275.97.txt,156,899,248.9784,244643834228122975019518779960,12,,
grafo10288.95.txt,151,639,0.9455,67924110954574990800416160000,13,,
grafo10291.93.txt,145,744,50.4782,8089182960223746111277546359360,9,,
grafo10292.100.txt,,,TO,,,,
grafo10293.99.txt,166,870,4.9441,1189967169400391312521176624192,12,,
grafo10297.98.txt,159,712,5.8900,5047361956059511058420258045952,8,,
grafo10298.97.txt,161,887,0.9310,6411956755318891248938904345600,11,,
grafo10303.96.txt,164,749,1.7666,336623282871798635541043488000,9,,
grafo10305.100.txt,179,1630,2.4732,292616449355000172969265830912,10,,
grafo10318.98.txt,162,1251,36.1395,160075764596308430431394162528,11,,
grafo10325.96.txt,157,888,TO,,,,
grafo10327.97.txt,158,709,5.9573,6668191872233180852367168,11,,
grafo10339.95.txt,153,1082,374.4112,154016948980994323270086040,12,,
grafo10346.97.txt,152,602,657.5028,85352803321813705564434487680,14,,
grafo10351.97.txt,154,1482,656.8359,3038891642273243664196962750,13,,
grafo10353.99.txt,161,735,157.7006,577765059452569037115956736,13,,
grafo10354.99.txt,161,728,23.7742,2635922965070113457943960,15,,
grafo10359.95.txt,154,982,TO,,,,
grafo10362.94.txt,157,1134,33.0659,13439932228370461283870400,12,,
grafo10365.97.txt,175,2806,TO,,,,
grafo10369.100.txt,165,1164,0.9891,162269574458684398363738080,12,,
grafo10382.94.txt,,,TO,,,,
grafo10383.99.txt,179,1810,TO,,,,
grafo10387.97.txt,157,704,1.0090,928110106585327508832600,14,,
grafo10388.95.txt,165,1171,11.0655,100871271571286563976946948624,15,,
grafo10393.96.txt,172,1111,TO,,,,
grafo10405.97.txt,160,3673,TO,,,,
grafo10409.96.txt,154,775,1.6431,139058476479714794419701648,11,,
grafo10416.96.txt,154,891,3.7849,271249176254157952533452952,9,,
grafo10418.100.txt,160,833,1.7855,147754061920021215867995714457600,10,,
grafo10420.97.txt,156,770,0.9767,40799332872710765774848481424384,9,,
grafo10421.99.txt,167,1119,4.9550,52350402903229612656419750400,12,,
grafo10426.100.txt,177,982,TO,,,,
grafo10432.99.txt,164,839,66.9058,39585030704867624378340600668160,11,,
grafo10434.98.txt,,,TO,,,,
grafo10436.95.txt,161,1595,14.1747,4397495877745499771502988640640,14,,
grafo10441.98.txt,,,TO,,,,
grafo10444.100.txt,169,904,14.1883,16141694039854526732472576000000,15,,
grafo10445.94.txt,165,1655,20.5313,139093054073990193881088000,16,,
grafo10446.95.txt,146,592,3.2693,1406626619252431805138851200,9,,
grafo10452.94.txt,152,677,0.6840,1302522886890895552129225440,8,,
grafo10453.97.txt,159,712,16.0642,978085055060719586502813757440,9,,
grafo10467.100.txt,156,848,25.0311,829005255557150402856812544000,11,,
grafo10469.100.txt,166,769,576.1733,29833371992729329249984,19,,
grafo10474.94.txt,,,TO,,,,
grafo10484.99.txt,171,1813,4.4021,2800369925851353194772692875,13,,
grafo10488.98.txt,162,883,6.8853,147530693993345834083200,17,,
grafo10489.95.txt,,,TO,,,,
grafo10491.97.txt,169,3856,TO,,,,
grafo10492.96.txt,164,4638,TO,,,,
grafo10496.98.txt,176,3413,771.6324,14305056819480615155962966224,16,,
grafo10501.96.txt,157,847,25.9507,60200824737438188138649600000,13,,
grafo10502.91.txt,146,1113,49.7578,17145714310767787059504,14,,
grafo10508.100.txt,183,5889,TO,,,,
grafo10516.94.txt,156,915,602.2828,15349626258814572399639360,13,,
grafo10522.99.txt,164,2148,75.8418,1362396344215079666562581191680,12,,
grafo10523.97.txt,161,1455,9.1669,2582091752234108448983040,12,,
grafo10532.99.txt,163,953,383.4731,462566039822118771475073572512,13,,
grafo10533.100.txt,166,1116,254.6159,75765334881122745334866192794594400,13,,
grafo10534.100.txt,165,915,1.8770,6190404474802541320344211290206208,9,,
grafo10536.99.txt,154,737,2.2009,89947113720736152688205852520,8,,
grafo10537.95.txt,,,TO,,,,
grafo10538.100.txt,176,931,426.4734,789373682830989325271163816,14,,
grafo10547.94.txt,160,1118,75.1047,6784952125033040430938400,12,,
grafo10549.99.txt,171,1562,16.9690,1145040940241452014901674319885248,10,,
grafo10552.96.txt,170,1188,TO,,,,
grafo10560.95.txt,156,830,7.8267,10454917675207673432929607718912,10,,
grafo10575.99.txt,173,1229,173.9022,290401904358524035719206484192,13,,
grafo10577.100.txt,182,2713,63.9487,289452947838024215689962434880,13,,
grafo10578.96.txt,165,957,8.1436,59448044221069477278245400,11,,
grafo10586.100.txt,162,827,7.2520,3148492073586458925239257920,9,,
grafo10589.93.txt,165,1318,192.1051,48907524397035141831510108060,14,,
grafo10592.98.txt,157,799,41.5530,2607343682329504256862467094951600,8,,
grafo10596.99.txt,156,696,34.7066,112573774918535869185914200320,13,,
grafo10603.100.txt,162,554,201.0921,670515323535794966768000,12,,
grafo10608.93.txt,155,823,7.1758,2731816373006312109429752800,9,,
grafo10624.91.txt,149,701,0.5225,28252598579182428029482758660,8,,
grafo10626.100.txt,163,636,0.7902,123805968402809495607386400,9,,
grafo10630.94.txt,158,837,TO,,,,
grafo10632.100.txt,164,1556,26.4214,574873638719068404760642606008000,11,,
grafo10633.100.txt,179,4742,TO,,,,
grafo10634.96.txt,170,1196,226.5797,1654661607863151503791546470072,12,,
grafo10635.95.txt,163,840,24.7024,71356613932690877273184000,13,,
grafo10637.94.txt,152,600,112.1368,11214433932496991100576672,13,,
grafo10638.100.txt,162,599,230.4331,186453077689245827319552,15,,
grafo10644.100.txt,163,804,39.8978,465721805127078320112415926,15,,
grafo10646.100.txt,164,665,15.5149,9820844339917672108320000,14,,
grafo10648.98.txt,161,1387,28.9764,356474569742739338284800,13,,
grafo10650.98.txt,164,3301,672.9210,34469989471030631805056520,20,,
grafo10652.100.txt,178,2919,TO,,,,
grafo10653.100.txt,181,1712,656.8617,1342947580955101731654364320,12,,
grafo10662.100.txt,168,829,296.9086,27178777349470484479346220000,12,,
grafo10663.99.txt,157,790,1.7891,10004537904397046812627562880,13,,
grafo10670.100.txt,,,TO,,,,
grafo10671.100.txt,176,1520,TO,,,,
grafo10674.99.txt,161,1282,17.2536,5795071987312867464401288085504,13,,
grafo10676.100.txt,155,741,5.4972,88449251051691116273910908805120,10,,
grafo10685.98.txt,157,783,2.9636,18933970214606610605994945868800,9,,
grafo10688.95.txt,170,1972,TO,,,,
grafo10689.98.txt,167,1962,1.6640,1370682840424281115042080000,13,,
grafo10693.98.txt,156,733,0.8359,15811121663230543469294733740160,11,,
grafo10694.96.txt,,,TO,,,,
grafo10695.98.txt,157,746,72.7133,152426309856396886819860480,12,,
grafo10696.99.txt,169,1113,117.4611,5204295119772122743131779016000,12,,
grafo10698.95.txt,150,683,0.3312,195624642073083526902416762880,9,,
grafo10700.98.txt,159,705,2.9102,2303423420658486348064432128000,10,,
grafo10712.98.txt,167,1341,7.6334,87350475221980225179971773660000,10,,
grafo10713.92.txt,163,1518,TO,,,,
grafo10714.99.txt,166,3959,TO,,,,
grafo10722.96.txt,155,1546,3.0368,7181570767061926043280,12,,
grafo10726.99.txt,170,1087,59.1509,1169388613595008901313330971328,13,,
grafo10735.99.txt,,,TO,,,,
grafo10736.99.txt,165,1087,17.0610,654533353008865416702686400,12,,
grafo10737.99.txt,162,972,96.9732,948450972521583413184960,15,,
grafo10750.100.txt,167,923,7.8261,79424048531055784214151971742570,9,,
grafo10758.96.txt,159,1112,2.0668,14393936331269128652052040205472000,9,,
grafo10760.96.txt,168,1424,TO,,,,
grafo10772.100.txt,,,TO,,,,
grafo10780.99.txt,173,1612,TO,,,,
grafo10781.100.txt,170,1949,77.6997,34326665474148801719856,17,,
grafo10792.98.txt,162,1208,20.6749,28740760556884933575573102213120,10,,
grafo10806.97.txt,156,835,TO,,,,
grafo10807.95.txt,161,2560,248.7015,593601033156740569446885,16,,
grafo10808.98.txt,163,1385,36.8647,378121638730523407451224668000,12,,
grafo10810.97.txt,,,TO,,,,
grafo10811.96.txt,161,728,550.8777,62515660367842952114211840,14,,
grafo10814.98.txt,167,1164,97.6039,1117495537268725326331067884800,12,,
grafo10820.100.txt,,,TO,,,,
grafo10825.98.txt,160,666,1.6857,448703730980795389658142516768,10,,
grafo10827.99.txt,176,3159,39.4577,55037159210177477446446115200,15,,
grafo10829.97.txt,163,698,51.9961,353483805373369159926528000,11,,
grafo10831.98.txt,157,697,11.2012,132171520291202302513208524800,8,,
grafo10832.94.txt,,,TO,,,,
grafo10836.97.txt,163,1068,1.1466,53328914740725442127812132608,10,,
grafo10849.95.txt,155,772,12.7330,146263666707748943943862272000,17,,
grafo10854.99.txt,156,949,1.6178,193278561796094961314540049523200,8,,
grafo10859.97.txt,165,726,14.1995,619544659954727747936779866,11,,
grafo10860.93.txt,154,939,0.4775,82576179328076510630400,9,,
grafo10861.100.txt,169,841,7.4074,7829288665158404488852831676796000,9,,
grafo10862.98.txt,,,TO,,,,
grafo10864.99.txt,164,1618,528.9541,16665764537733819344371841148,14,,
grafo10865.100.txt,,,TO,,,,
grafo10866.98.txt,159,2116,TO,,,,
grafo10876.98.txt,,,TO,,,,
grafo10878.94.txt,152,1002,7.6711,40448324839475188109531614233600,8,,
grafo10882.95.txt,156,869,80.6499,447542272092260259015739440,11,,
grafo10883.93.txt,157,1366,2.4711,2430118976009979196378800000,16,,
grafo10898.95.txt,153,737,3.1582,758521327325540596697880000,12,,
grafo10905.97.txt,151,682,0.6087,12135924843732264824121600000,9,,
grafo10907.99.txt,165,2875,47.1398,32617260794404341954987264,13,,
grafo10908.98.txt,159,988,37.9527,6900725645688243858242801600,12,,
grafo10911.100.txt,,,TO,,,,
grafo10918.98.txt,166,784,393.4672,32800654433715516623943360,16,,
grafo10919.97.txt,160,769,10.8067,4873808896014194882486512200,11,,
grafo10926.99.txt,162,703,1.9893,401726519668839391778054937600,10,,
grafo10928.100.txt,178,1222,TO,,,,
grafo10937.100.txt,158,733,6.9693,911068768064780693215657056000,9,,
grafo10943.95.txt,154,712,142.6300,2232135796878792160387153920000,14,,
grafo10945.98.txt,161,1093,5.9887,95891009417905168894140000,12,,
grafo10950.97.txt,,,TO,,,,
grafo10952.96.txt,164,2080,1154.5582,391142330406672230736365760,18,,
grafo10958.98.txt,,,TO,,,,
grafo10962.100.txt,,,TO,,,,
grafo10970.100.txt,163,758,117.9922,2452216546463682773005463232,15,,
grafo10972.95.txt,157,968,TO,,,,
grafo10976.92.txt,163,1705,32.4428,10759050697100237213220300916440,12,,
grafo10998.100.txt,,,TO,,,,
grafo11000.99.txt,171,916,100.9318,1217725012095539482686059005177080,15,,
grafo11001.97.txt,,,TO,,,,
grafo11003.100.txt,159,764,665.1838,3976499213449309516733400000,16,,
grafo11008.99.txt,163,967,496.0301,3675203970100782918317392,15,,
grafo11011.100.txt,161,861,2.2140,140688757390106390892469346304000,11,,
grafo11014.100.txt,159,755,11.2098,102699410881895065529306726096461824,11,,
grafo11015.98.txt,162,1360,726.5033,5799643168166328288201029091456,13,,
grafo11016.98.txt,161,1253,2.6522,7526571230364813338624640,12,,
grafo11020.100.txt,164,823,22.1956,20444842677214024445820085111800000,10,,
grafo11035.99.txt,165,816,0.6298,26848343803661264515276800,11,,
grafo11037.99.txt,160,1011,TO,,,,
grafo11039.96.txt,154,597,809.1315,3389918511944201602117280,16,,
grafo11044.95.txt,144,501,1.4670,1197912132516610056000,13,,
grafo11047.92.txt,,,TO,,,,
grafo11050.98.txt,158,745,65.8950,21793683158398046358023808,14,,
grafo11056.98.txt,163,965,48.4906,139448046035464528744346345472,10,,
grafo11060.99.txt,160,823,17.3011,2221581091015208181652619592894,9,,
grafo11067.98.txt,164,2449,414.5689,4884715904609705915728260,15,,
grafo11069.93.txt,156,810,150.2015,67197688711299492990806963592,13,,
grafo11070.94.txt,159,864,12.0581,296693280114774832563512784000,11,,
grafo11072.98.txt,,,TO,,,,
grafo11073.100.txt,,,TO,,,,
grafo11076.97.txt,155,632,6.2419,3926107989980203149244661760,12,,
grafo11088.97.txt,163,1237,0.6796,1042994082302208333696820608,12,,
grafo11096.97.txt,162,840,2.6699,21190592381506159344503198702400000,9,,
grafo11099.99.txt,,,TO,,,,
grafo11100.95.txt,157,3914,69.5110,1816713943740179220678036480,15,,
grafo11101.95.txt,162,1800,55.9850,925307123039192848461312,13,,
grafo11102.98.txt,156,541,61.0347,78159853560697776,16,,
grafo11105.95.txt,166,1068,816.6320,2780329361017679787740480496,12,,
grafo11106.99.txt,158,810,208.7948,1800410829963731636845259520,15,,
grafo11110.99.txt,156,672,13.8248,3283273471348689681777012,18,,
grafo11112.96.txt,157,655,951.5253,32730420111605723465368,16,,
grafo11113.98.txt,153,577,9.0890,85282876610070364386506217600,10,,
grafo11114.93.txt,158,813,29.6613,19671423926865926171894250009840,11,,
grafo11115.92.txt,152,700,0.3012,457952153329344881847182400,8,,
grafo11119.98.txt,161,863,TO,,,,
grafo11125.100.txt,,,TO,,,,
grafo11140.98.txt,147,542,2.6746,12949719097651467435583488000,12,,
grafo11142.99.txt,164,721,365.7067,1972035514499084401578914190442500,11,,
grafo11143.98.txt,156,563,1.7970,21006525537883519741138348800,12,,
grafo11144.92.txt,151,722,23.6288,69290945340192171185472000,9,,
grafo11145.99.txt,169,1166,926.5062,3903575490174366298584834349500,14,,
grafo11148.99.txt,155,977,1017.8838,26041694824934201896252713228780,11,,
grafo11149.100.txt,,,TO,,,,
grafo11157.100.txt,158,1598,37.0892,2255220706960252460009775340800,11,,
grafo11162.100.txt,,,TO,,,,
grafo11176.100.txt,,,TO,,,,
grafo11178.95.txt,,,TO,,,,
grafo11181.95.txt,154,745,2.2198,204303551180648012431583604480,12,,
grafo11198.98.txt,167,2169,TO,,,,
grafo11201.99.txt,165,885,1.5686,1147720450559495792252226408000,11,,
grafo11204.99.txt,,,TO,,,,
grafo11218.99.txt,166,1389,1087.8966,981634254919532297202912,15,,
grafo11223.99.txt,146,568,72.3608,2360818719012081418650711306540,10,,
grafo11227.100.txt,165,734,486.4677,2716288583159839941443148,14,,
grafo11250.99.txt,163,1007,23.0661,8943747317419205357818461381583296,10,,
grafo11251.93.txt,151,807,1.5506,4809787111811592399184022526528,9,,
grafo11254.99.txt,154,1002,109.0303,30139977622287267367176194,13,,
grafo11271.99.txt,171,1500,81.4046,109664252023274371019546173840,13,,
grafo11280.99.txt,165,1092,61.3764,83393808943885689836202,18,,
grafo11313.96.txt,154,696,208.2215,7003276840515664560,15,,
grafo11324.100.txt,171,1233,15.7433,560387610526314185205659607711744,11,,
grafo11335.100.txt,162,778,6.3270,61471332725994635285503002432000,12,,
grafo11369.96.txt,,,TO,,,,
grafo11458.100.txt,160,945,228.3347,32929161513245347400780796768,16,,
grafo11469.96.txt,159,749,113.8196,165728243199277045297920000,13,,
grafo11546.97.txt,160,797,7.0918,75444469155251576685056404800,9,,
grafo11569.93.txt,155,990,18.2230,4844612865840488301571200,13,,
grafo3224.98.txt,,,TO,,,,
grafo3435.99.txt,167,2102,56.3950,652148706592030102138027610622720,11,,
grafo3532.99.txt,161,760,1.2510,28327450894599629841700806720,9,,
grafo3680.99.txt,168,1206,9.1029,2149519026657629741871667680000,10,,
grafo3712.95.txt,149,644,2.9426,5258623445171291339393040,12,,
grafo3861.99.txt,153,726,9.0965,16121448104607716575683640617648,8,,
grafo3890.96.txt,167,832,TO,,,,
grafo3898.99.txt,170,2091,206.1978,45437908753940371061101014897360,11,,
grafo3979.98.txt,166,896,1.2276,423904573438761629195520,13,,
grafo3995.97.txt,158,1160,4.6350,5931077209549283555589214132590240,11,,
grafo4091.99.txt,167,1879,113.8549,32508414237190114299136803240960,12,,
grafo6562.98.txt,162,722,0.3262,236273893424318395676761226496,9,,
grafo6625.99.txt,156,672,30.8999,1337161524838599745621440,15,,
grafo6975.39.txt,174,1113,5.2716,320039444695988826981559487100000,10,,
grafo7221.99.txt,152,644,0.4897,1525888907338681754882536320000,8,,
grafo7263.99.txt,162,1775,955.4752,4898247703830220765158946176,14,,
grafo7417.39.txt,161,700,1.1112,413427890976458123248101187541280000,10,,
grafo7785.100.txt,163,819,5.4498,557646274243607696621728263360,14,,
grafo7797.100.txt,167,2533,32.3215,18087494243875214914061634240,13,,
grafo7907.80.txt,134,720,21.1722,56046368067982192880179200,9,,
grafo7936.89.txt,,,TO,,,,
grafo8008.95.txt,161,1051,7.8749,2836630049700547381881600,12,,
grafo8127.78.txt,126,537,0.1102,66208157321355098849280,8,,
grafo8198.99.txt,161,718,2.9158,649388601659380264242499152000,10,,
grafo8223.99.txt,151,647,0.9336,334422330310025516401710173429760,8,,
grafo8373.100.txt,170,787,6.7183,742658646888847672838471232000,13,,
grafo8478.98.txt,170,807,350.6845,12250781027964153710065548,16,,
grafo8490.95.txt,167,3772,TO,,,,
grafo8510.100.txt,163,953,9.1714,2522290965851353756626557847360,10,,
grafo8513.100.txt,167,2092,TO,,,,
grafo8549.100.txt,,,TO,,,,
grafo8566.98.txt,154,1176,16.6193,33675447534980819354777573856,11,,
grafo8571.94.txt,148,922,29.7938,60036648006230924769664308000,11,,
grafo8673.98.txt,158,1536,20.7778,3665987126814610816771132800,13,,
grafo8674.100.txt,166,1120,21.0243,4411819550965378162337392234383360,9,,
grafo8719.93.txt,154,3309,TO,,,,
grafo8739.99.txt,168,1578,26.0019,3376726709558271550550300000,11,,
grafo8777.98.txt,158,645,1.0755,527114627133616421733651616800,9,,
grafo8780.96.txt,168,1228,10.3450,106865700460093439124794247168,13,,
grafo8791.94.txt,160,883,329.9827,41589594170975930336399016,14,,
grafo8793.100.txt,166,652,12.1834,6290998565958574189476048,10,,
grafo8805.80.txt,,,TO,,,,
grafo8812.99.txt,,,TO,,,,
grafo8823.93.txt,151,1240,4.4290,2471867976793564523950612320,13,,
grafo8826.100.txt,162,848,2.7513,1834705985117148849612007324569600,10,,
grafo8857.99.txt,167,1042,24.6079,313543526986779746908720331250,11,,
grafo8864.98.txt,172,1086,46.9867,1950049320147521882078400,11,,
grafo8865.100.txt,166,3081,TO,,,,
grafo8867.97.txt,165,958,TO,,,,
grafo8882.100.txt,162,841,32.8220,60433143070321573071599902510800,11,,
grafo8892.100.txt,157,546,2.1086,156239009903443337640000,11,,
grafo8893.96.txt,146,506,0.2423,8420211467291839036389765120,9,,
grafo8921.98.txt,165,2014,TO,,,,
grafo8943.98.txt,165,1128,TO,,,,
grafo8963.92.txt,167,2704,192.0596,22926250524268338334887333870000,11,,
grafo8997.96.txt,177,6156,TO,,,,
grafo9008.91.txt,152,776,8.4442,72401743992697856645701464672,9,,
grafo9357.99.txt,161,3306,123.8783,142289637244534381196640,15,,
grafo9362.98.txt,158,719,594.1855,211356181498372577399700,19,,
grafo9542.87.txt,,,TO,,,,
grafo9691.79.txt,126,505,2.4089,150604398614405598500000,9,,
grafo9738.100.txt,170,837,TO,,,,
grafo9788.80.txt,131,580,2.1313,5964147984416058082800,10,,
grafo9973.96.txt,159,1078,31.3107,2561493285098512987929575760,15,,
grafo9984.96.txt,154,652,13.1913,3696278631131858917807872,16,,
grafo9995.94.txt,157,837,72.0154,6526238612574319118772318,14,,
heart.txt,180,926,TO,,,,
kts15-ptpt-0001.ec,,,TO,,,,
kts15-ptpt-0002.ec,,,TO,,,,
kts15-ptpt-0003.ec,132,390,1.3624,8,19,,
kts15-ptpt-0004.ec,132,392,1.8680,1,23,,
kts15-ptpt-0005.ec,,,TO,,,,
kts15-ptpt-0006.ec,132,388,1.7022,8,23,,
kts15-ptpt-0007.ec,132,390,1.6796,12,18,,
kts15-ptpt-0008.ec,,,TO,,,,
kts15-ptpt-0009.ec,132,389,2.0798,6,19,,
kts15-ptpt-0010.ec,,,TO,,,,
kts15-ptpt-0011.ec,132,390,2.1745,4,25,,
kts15-ptpt-0012.ec,132,390,1.2404,4,18,,
kts15-ptpt-0013.ec,132,388,2.7990,24,23,,
kts15-ptpt-0014.ec,132,388,2.2415,8,23,,
kts15-ptpt-0015.ec,132,390,1.9582,14,25,,
kts15-ptpt-0016.ec,132,391,1.8206,6,21,,
kts15-ptpt-0017.ec,132,388,1.6052,24,21,,
kts15-ptpt-0018.ec,132,394,1.8177,8,24,,
kts15-ptpt-0019.ec,,,TO,,,,
kts15-ptpt-0020.ec,132,391,2.7077,8,25,,
kts15-ptpt-0021.ec,132,388,2.2244,72,21,,
kts21-ptpt-0001.ec,,,TO,,,,
kts21-ptpt-0002.ec,,,TO,,,,
kts21-ptpt-0003.ec,,,TO,,,,
kts21-ptpt-0004.ec,,,TO,,,,
kts21-ptpt-0005.ec,,,TO,,,,
kts21-ptpt-0006.ec,,,TO,,,,
kts21-ptpt-0007.ec,,,TO,,,,
kts21-ptpt-0008.ec,,,TO,,,,
kts21-ptpt-0009.ec,,,TO,,,,
kts21-ptpt-0010.ec,,,TO,,,,
kts21-ptpt-0011.ec,,,TO,,,,
kts21-ptpt-0012.ec,,,TO,,,,
kts21-ptpt-0013.ec,,,TO,,,,
kts21-ptpt-0014.ec,,,TO,,,,
kts21-ptpt-0015.ec,,,TO,,,,
kts21-ptpt-0016.ec,,,TO,,,,
kts21-ptpt-0017.ec,,,TO,,,,
kts21-ptpt-0018.ec,,,TO,,,,
kts21-ptpt-0019.ec,,,TO,,,,
kts21-ptpt-0020.ec,,,TO,,,,
kts21-ptpt-0021.ec,,,TO,,,,
kts21-ptpt-0022.ec,,,TO,,,,
kts21-ptpt-0023.ec,,,TO,,,,
kts21-ptpt-0024.ec,,,TO,,,,
kts21-ptpt-0025.ec,,,TO,,,,
kts21-ptpt-0026.ec,,,TO,,,,
kts21-ptpt-0027.ec,,,TO,,,,
kts21-ptpt-0028.ec,,,TO,,,,
kts21-ptpt-0029.ec,,,TO,,,,
kts21-ptpt-0030.ec,,,TO,,,,
kts21-ptpt-0031.ec,,,TO,,,,
kts21-ptpt-0032.ec,,,TO,,,,
kts21-ptpt-0033.ec,,,TO,,,,
kts21-ptpt-0034.ec,,,TO,,,,
kts21-ptpt-0035.ec,,,TO,,,,
kts21-ptpt-0036.ec,,,TO,,,,
kts21-ptpt-0037.ec,,,TO,,,,
kts21-ptpt-0038.ec,,,TO,,,,
kts21-ptpt-0039.ec,,,TO,,,,
kts21-ptpt-0040.ec,,,TO,,,,
kts21-ptpt-0041.ec,,,TO,,,,
kts21-ptpt-0042.ec,,,TO,,,,
kts21-ptpt-0043.ec,,,TO,,,,
kts21-ptpt-0044.ec,,,TO,,,,
kts21-ptpt-0045.ec,,,TO,,,,
kts21-ptpt-0046.ec,,,TO,,,,
kts21-ptpt-0047.ec,,,TO,,,,
kts21-ptpt-0048.ec,,,TO,,,,
kts21-ptpt-0049.ec,,,TO,,,,
kts21-ptpt-0050.ec,,,TO,,,,
kts21-ptpt-0051.ec,,,TO,,,,
kts21-ptpt-0052.ec,,,TO,,,,
kts21-ptpt-0053.ec,,,TO,,,,
kts21-ptpt-0054.ec,,,TO,,,,
kts21-ptpt-0055.ec,,,TO,,,,
kts21-ptpt-0056.ec,,,TO,,,,
kts21-ptpt-0057.ec,,,TO,,,,
kts21-ptpt-0058.ec,,,TO,,,,
kts21-ptpt-0059.ec,,,TO,,,,
kts21-ptpt-0060.ec,,,TO,,,,
kts21-ptpt-0061.ec,,,TO,,,,
kts21-ptpt-0062.ec,,,TO,,,,
kts21-ptpt-0063.ec,,,TO,,,,
kts21-ptpt-0064.ec,,,TO,,,,
kts21-ptpt-0065.ec,,,TO,,,,
kts21-ptpt-0066.ec,,,TO,,,,
kts21-ptpt-0067.ec,,,TO,,,,
kts21-ptpt-0068.ec,,,TO,,,,
kts21-ptpt-0069.ec,,,TO,,,,
kts21-ptpt-0070.ec,,,TO,,,,
kts21-ptpt-0071.ec,,,TO,,,,
kts21-ptpt-0072.ec,,,TO,,,,
kts21-ptpt-0073.ec,,,TO,,,,
kts21-ptpt-0074.ec,,,TO,,,,
kts21-ptpt-0075.ec,,,TO,,,,
kts21-ptpt-0076.ec,,,TO,,,,
kts21-ptpt-0077.ec,,,TO,,,,
kts21-ptpt-0078.ec,,,TO,,,,
kts21-ptpt-0079.ec,,,TO,,,,
kts21-ptpt-0080.ec,,,TO,,,,
kts21-ptpt-0081.ec,,,TO,,,,
kts21-ptpt-0082.ec,,,TO,,,,
kts21-ptpt-0083.ec,,,TO,,,,
kts21-ptpt-0084.ec,,,TO,,,,
kts21-ptpt-0085.ec,,,TO,,,,
kts21-ptpt-0086.ec,,,TO,,,,
kts21-ptpt-0087.ec,,,TO,,,,
kts21-ptpt-0088.ec,,,TO,,,,
kts21-ptpt-0089.ec,,,TO,,,,
kts21-ptpt-0090.ec,,,TO,,,,
kts21-ptpt-0091.ec,,,TO,,,,
kts21-ptpt-0092.ec,,,TO,,,,
kts21-ptpt-0093.ec,,,TO,,,,
kts21-ptpt-0094.ec,,,TO,,,,
kts21-ptpt-0095.ec,,,TO,,,,
kts21-ptpt-0096.ec,,,TO,,,,
kts21-ptpt-0097.ec,,,TO,,,,
kts21-ptpt-0098.ec,,,TO,,,,
kts21-ptpt-0099.ec,,,TO,,,,
kts21-ptpt-0100.ec,,,TO,,,,
latin6-blk-00001.ec,60,60,0.0186,48,3,,
latin6-blk-00002.ec,60,62,0.0200,56,5,,
latin6-blk-00003.ec,60,64,0.0234,80,4,,
latin6-blk-00004.ec,60,63,0.0216,72,4,,
latin6-blk-00005.ec,60,65,0.0247,80,3,,
latin6-blk-00006.ec,60,64,0.0244,88,3,,
latin6-blk-00007.ec,60,65,0.0237,80,3,,
latin7-blk-00001.ec,90,120,4.5734,10752,6,,
latin7-blk-00002.ec,90,122,5.4894,14976,6,,
latin7-blk-00003.ec,90,123,6.0345,17280,5,,
latin7-blk-00004.ec,90,124,6.3050,19840,5,,
latin7-blk-00005.ec,90,124,6.1694,20480,5,,
latin7-blk-00006.ec,90,126,8.0661,29056,5,,
latin7-blk-00007.ec,90,125,6.9810,23616,5,,
latin7-blk-00008.ec,90,126,8.1289,27072,5,,
latin7-blk-00009.ec,90,126,8.2060,27776,5,,
latin8-blk-00001.ec,,,TO,,,,
latin8-blk-00002.ec,,,TO,,,,
latin8-blk-00003.ec,,,TO,,,,
latin8-blk-00004.ec,,,TO,,,,
latin8-blk-00005.ec,,,TO,,,,
latin8-blk-00006.ec,,,TO,,,,
latin8-blk-00007.ec,,,TO,,,,
latin8-blk-00008.ec,,,TO,,,,
latin8-blk-00009.ec,,,TO,,,,
latin8-blk-00010.ec,,,TO,,,,
latin8-blk-00011.ec,,,TO,,,,
latin8-blk-00012.ec,,,TO,,,,
latin8-blk-00013.ec,,,TO,,,,
latin8-blk-00014.ec,,,TO,,,,
latin8-blk-00015.ec,,,TO,,,,
meteor.txt,60,2464,TO,,,,
sppaa01.txt,,,TO,,,,
sppaa02.txt,,,TO,,,,
sppaa03.txt,,,TO,,,,
sppaa04.txt,,,TO,,,,
sppaa05.txt,,,TO,,,,
sppaa06.txt,,,TO,,,,
sppkl01.txt,,,TO,,,,
sppkl02.txt,,,TO,,,,
sppnw01.txt,,,TO,,,,
sppnw02.txt,,,TO,,,,
sppnw03.txt,,,TO,,,,
sppnw04.txt,,,TO,,,,
sppnw05.txt,,,TO,,,,
sppnw06.txt,,,TO,,,,
sppnw07.txt,,,TO,,,,
sppnw08.txt,24,434,5.9166,285701,7,,
sppnw09.txt,40,3103,TO,,,,
sppnw10.txt,24,853,20.4266,318168,13,,
sppnw11.txt,,,TO,,,,
sppnw12.txt,,,TO,,,,
sppnw13.txt,,,TO,,,,
sppnw14.txt,,,TO,,,,
sppnw15.txt,31,467,0.2638,46,6,,
sppnw16.txt,,,TO,,,,
sppnw17.txt,,,TO,,,,
sppnw18.txt,,,TO,,,,
sppnw19.txt,40,2879,TO,,,,
sppnw20.txt,22,685,8.6645,538696,5,,
sppnw21.txt,25,577,5.0926,291047,6,,
sppnw22.txt,23,619,6.1288,286758,6,,
sppnw23.txt,,,TO,,,,
sppnw24.txt,19,1366,16.9040,725183,5,,
sppnw25.txt,20,1217,31.0926,2225105,4,,
sppnw26.txt,23,771,73.2895,805896,5,,
sppnw27.txt,22,1355,21.6994,1046161,8,,
sppnw28.txt,18,1210,0.6070,20117,6,,
sppnw29.txt,18,2540,398.3081,16937938,6,,
sppnw30.txt,26,2653,154.9609,4122439,7,,
sppnw31.txt,26,2662,63.3972,3450340,4,,
sppnw32.txt,,,TO,,,,
sppnw33.txt,23,3068,145.9860,4589163,6,,
sppnw34.txt,20,899,13.3727,977866,6,,
sppnw35.txt,23,1709,19.2275,184967,9,,
sppnw36.txt,20,1783,4.2862,25474,8,,
sppnw37.txt,19,770,49.1193,3740550,6,,
sppnw38.txt,,,TO,,,,
sppnw39.txt,25,677,12.5964,737597,6,,
sppnw40.txt,19,404,4.4038,298956,5,,
sppnw41.txt,17,197,1.8650,163155,3,,
sppnw42.txt,23,1079,36.3556,230326,7,,
sppnw43.txt,,,TO,,,,
sppus02.txt,,,TO,,,,
sppus03.txt,,,TO,,,,
sppus04.txt,,,TO,,,,
sts15-blk-00001.ec,48,64,0.0784,576,2,,
sts15-blk-00002.ec,48,72,0.0420,288,3,,
sts15-blk-00003.ec,48,72,0.0329,144,3,,
sts15-blk-00004.ec,48,72,0.0325,144,3,,
sts15-blk-00005.ec,,,TO,,,,
sts15-blk-00006.ec,48,76,0.0203,40,5,,
sts15-blk-00007.ec,48,76,0.0145,8,4,,
sts15-blk-00008.ec,48,76,0.0199,40,5,,
sts15-blk-00009.ec,48,76,0.0138,8,4,,
sts15-blk-00010.ec,48,76,0.0280,64,4,,
sts15-blk-00011.ec,48,76,0.0135,8,4,,
sts15-blk-00012.ec,48,76,0.0159,16,5,,
sts15-blk-00013.ec,48,76,0.0138,8,4,,
sts15-blk-00014.ec,,,TO,,,,
sts15-blk-00015.ec,,,TO,,,,
sts15-blk-00016.ec,,,TO,,,,
sts15-blk-00017.ec,48,76,0.0145,16,5,,
sts15-blk-00018.ec,48,76,0.0142,8,4,,
sts15-blk-00019.ec,48,76,0.0215,32,4,,
sts15-blk-00020.ec,48,75,0.0192,28,4,,
sts15-blk-00021.ec,48,76,0.0234,40,5,,
sts15-blk-00022.ec,48,74,0.0202,24,4,,
sts15-blk-00023.ec,48,74,0.0206,20,4,,
sts15-blk-00024.ec,48,74,0.0138,16,6,,
sts15-blk-00025.ec,48,76,0.0225,20,5,,
sts15-blk-00026.ec,48,76,0.0252,40,4,,
sts15-blk-00027.ec,48,76,0.0216,40,5,,
sts15-blk-00028.ec,48,72,0.0216,24,6,,
sts15-blk-00029.ec,48,74,0.0235,16,5,,
sts15-blk-00030.ec,48,74,0.0217,20,4,,
sts15-blk-00031.ec,48,74,0.0219,20,4,,
sts15-blk-00032.ec,48,74,0.0204,24,6,,
sts15-blk-00033.ec,48,74,0.0194,48,4,,
sts15-blk-00034.ec,48,74,0.0176,24,4,,
sts15-blk-00035.ec,48,71,0.0237,48,5,,
sts15-blk-00036.ec,48,75,0.0186,16,4,,
sts15-blk-00037.ec,48,76,0.0183,8,5,,
sts15-blk-00038.ec,48,76,0.0150,8,4,,
sts15-blk-00039.ec,48,76,0.0194,24,6,,
sts15-blk-00040.ec,48,76,0.0244,32,4,,
sts15-blk-00041.ec,,,TO,,,,
sts15-blk-00042.ec,48,75,0.0236,24,7,,
sts15-blk-00043.ec,48,74,0.0252,24,5,,
sts15-blk-00044.ec,48,76,0.0178,24,4,,
sts15-blk-00045.ec,48,76,0.0208,20,4,,
sts15-blk-00046.ec,48,76,0.0242,24,5,,
sts15-blk-00047.ec,48,75,0.0167,20,4,,
sts15-blk-00048.ec,48,75,0.0189,28,4,,
sts15-blk-00049.ec,,,TO,,,,
sts15-blk-00050.ec,48,75,0.0165,16,4,,
sts15-blk-00051.ec,,,TO,,,,
sts15-blk-00052.ec,,,TO,,,,
sts15-blk-00053.ec,48,76,0.0265,48,4,,
sts15-blk-00054.ec,48,76,0.0218,20,4,,
sts15-blk-00055.ec,48,75,0.0183,28,4,,
sts15-blk-00056.ec,48,75,0.0202,20,4,,
sts15-blk-00057.ec,48,74,0.0246,24,7,,
sts15-blk-00058.ec,48,76,0.0166,16,4,,
sts15-blk-00059.ec,48,73,0.0182,36,4,,
sts15-blk-00060.ec,48,73,0.0136,16,4,,
sts15-blk-00061.ec,48,74,0.0116,24,4,,
sts15-blk-00062.ec,48,74,0.0226,24,6,,
sts15-blk-00063.ec,48,68,0.0431,192,2,,
sts15-blk-00064.ec,48,70,0.0420,144,4,,
sts15-blk-00065.ec,48,71,0.0340,96,4,,
sts15-blk-00066.ec,48,72,0.0447,288,2,,
sts15-blk-00067.ec,48,72,0.0166,24,5,,
sts15-blk-00068.ec,48,74,0.0231,28,4,,
sts15-blk-00069.ec,48,74,0.0238,16,5,,
sts15-blk-00070.ec,48,73,0.0184,36,4,,
sts15-blk-00071.ec,48,75,0.0183,20,7,,
sts15-blk-00072.ec,48,75,0.0153,16,6,,
sts15-blk-00073.ec,48,74,0.0218,20,5,,
sts15-blk-00074.ec,48,75,0.0218,16,5,,
sts15-blk-00075.ec,48,75,0.0181,20,7,,
sts15-blk-00076.ec,48,75,0.0150,16,6,,
sts15-blk-00077.ec,48,74,0.0197,20,5,,
sts15-blk-00078.ec,48,73,0.0193,20,7,,
sts15-blk-00079.ec,48,75,0.0207,36,5,,
sts15-blk-00080.ec,48,74,0.0212,16,5,,
sts15-blk-00081.ec,48,74,0.0242,20,4,,
sts15-blk-00082.ec,48,74,0.0219,24,7,,
sts15-blk-00083.ec,,,TO,,,,
sts15-blk-00084.ec,48,74,0.0252,16,6,,
sts15-blk-00085.ec,48,74,0.0153,32,5,,
sts15-blk-00086.ec,48,73,0.0282,8,4,,
sts15-blk-00087.ec,48,74,0.0194,48,4,,
sts15-blk-00088.ec,48,73,0.0171,16,5,,
sts15-blk-00089.ec,48,75,0.0255,20,5,,
sts15-blk-00090.ec,48,74,0.0199,48,4,,
sts15-blk-00091.ec,48,72,0.0197,24,5,,
sts15-blk-00092.ec,48,74,0.0202,24,7,,
sts15-blk-00093.ec,48,70,0.0208,32,5,,
sts15-blk-00094.ec,48,76,0.0190,8,4,,
sts15-blk-00095.ec,48,75,0.0115,16,6,,
sts15-blk-00096.ec,48,75,0.0146,24,4,,
sts15-blk-00097.ec,48,74,0.0194,12,6,,
sts15-blk-00098.ec,48,76,0.0183,24,5,,
sts15-blk-00099.ec,48,76,0.0183,20,4,,
sts15-blk-00100.ec,48,75,0.0149,28,4,,
sts15-blk-00101.ec,48,76,0.0124,20,4,,
sts15-blk-00102.ec,48,75,0.0188,24,4,,
sts15-blk-00103.ec,48,76,0.0158,8,5,,
sts15-blk-00104.ec,48,75,0.0204,20,5,,
sts15-blk-00105.ec,48,75,0.0238,24,4,,
sts15-blk-00106.ec,48,75,0.0209,20,4,,
sts15-blk-00107.ec,48,75,0.0214,24,4,,
sts15-blk-00108.ec,48,76,0.0296,64,4,,
sts15-blk-00109.ec,48,76,0.0223,32,4,,
sts15-blk-00110.ec,48,76,0.0209,48,5,,
sts15-blk-00111.ec,48,76,0.0238,24,4,,
sts15-blk-00112.ec,48,76,0.0174,16,5,,
sts15-blk-00113.ec,,,TO,,,,
sts15-blk-00114.ec,,,TO,,,,
sts15-blk-00115.ec,48,74,0.0237,24,4,,
sts15-blk-00116.ec,48,75,0.0188,16,5,,
sts15-blk-00117.ec,,,TO,,,,
sts15-blk-00118.ec,,,TO,,,,
sts15-blk-00119.ec,48,76,0.0151,16,5,,
sts15-blk-00120.ec,48,76,0.0202,24,5,,
sts15-blk-00121.ec,48,75,0.0149,20,4,,
sts15-blk-00122.ec,,,TO,,,,
sts15-blk-00123.ec,,,TO,,,,
sts15-blk-00124.ec,,,TO,,,,
sts15-blk-00125.ec,48,76,0.0122,16,4,,
sts15-blk-00126.ec,48,74,0.0162,24,4,,
sts15-blk-00127.ec,,,TO,,,,
sts15-blk-00128.ec,48,76,0.0189,24,4,,
sts15-blk-00129.ec,48,76,0.0202,40,5,,
sts15-blk-00130.ec,48,76,0.0238,12,6,,
sts15-blk-00131.ec,48,75,0.0203,24,5,,
sts15-blk-00132.ec,48,76,0.0211,28,4,,
sts15-blk-00133.ec,48,76,0.0181,20,4,,
sts15-blk-00134.ec,48,76,0.0208,28,6,,
sts15-blk-00135.ec,48,73,0.0213,28,6,,
sts15-blk-00136.ec,48,74,0.0163,16,5,,
sts15-blk-00137.ec,48,74,0.0222,16,5,,
sts15-blk-00138.ec,48,74,0.0215,20,6,,
sts15-blk-00139.ec,,,TO,,,,
sts15-blk-00140.ec,48,76,0.0270,48,4,,
sts15-blk-00141.ec,48,75,0.0253,20,4,,
sts15-blk-00142.ec,48,74,0.0227,20,5,,
sts15-blk-00143.ec,48,76,0.0247,16,5,,
sts15-blk-00144.ec,48,76,0.0227,16,6,,
sts15-blk-00145.ec,48,74,0.0191,24,5,,
sts15-blk-00146.ec,48,75,0.0184,28,5,,
sts15-blk-00147.ec,48,74,0.0205,28,4,,
sts15-blk-00148.ec,48,74,0.0202,28,5,,
sts15-blk-00149.ec,48,76,0.0187,24,4,,
sts15-blk-00150.ec,48,73,0.0218,16,5,,
sts15-blk-00151.ec,48,75,0.0180,28,5,,
sts15-blk-00152.ec,48,75,0.0189,24,6,,
sts15-blk-00153.ec,48,72,0.0278,64,4,,
sts15-blk-00154.ec,48,72,0.0246,40,5,,
sts15-blk-00155.ec,48,76,0.0213,40,5,,
sts15-blk-00156.ec,48,76,0.0170,8,4,,
sts15-blk-00157.ec,48,76,0.0202,24,5,,
sts19-blk-00001.ec,,,TO,,,,
sts19-blk-00002.ec,,,TO,,,,
sts19-blk-00003.ec,,,TO,,,,
sts19-blk-00004.ec,,,TO,,,,
sts19-blk-00005.ec,,,TO,,,,
sts19-blk-00006.ec,,,TO,,,,
sts19-blk-00007.ec,,,TO,,,,
sts19-blk-00008.ec,,,TO,,,,
sts19-blk-00009.ec,,,TO,,,,
sts19-blk-00010.ec,,,TO,,,,
sts19-blk-00011.ec,,,TO,,,,
sts19-blk-00012.ec,,,TO,,,,
sts19-blk-00013.ec,,,TO,,,,
sts19-blk-00014.ec,,,TO,,,,
sts19-blk-00015.ec,,,TO,,,,
sts19-blk-00016.ec,,,TO,,,,
sts19-blk-00017.ec,,,TO,,,,
sts19-blk-00018.ec,,,TO,,,,
sts19-blk-00019.ec,,,TO,,,,
sts19-blk-00020.ec,,,TO,,,,
sts19-blk-00021.ec,,,TO,,,,
sts19-blk-00022.ec,,,TO,,,,
sts19-blk-00023.ec,,,TO,,,,
sts19-blk-00024.ec,,,TO,,,,
sts19-blk-00025.ec,,,TO,,,,
sts19-blk-00026.ec,,,TO,,,,
sts19-blk-00027.ec,,,TO,,,,
sts19-blk-00028.ec,,,TO,,,,
sts19-blk-00029.ec,,,TO,,,,
sts19-blk-00030.ec,,,TO,,,,
sts19-blk-00031.ec,,,TO,,,,
sts19-blk-00032.ec,,,TO,,,,
sts19-blk-00033.ec,,,TO,,,,
sts19-blk-00034.ec,,,TO,,,,
sts19-blk-00035.ec,,,TO,,,,
sts19-blk-00036.ec,,,TO,,,,
sts19-blk-00037.ec,,,TO,,,,
sts19-blk-00038.ec,,,TO,,,,
sts19-blk-00039.ec,,,TO,,,,
sts19-blk-00040.ec,,,TO,,,,
sts19-blk-00041.ec,,,TO,,,,
sts19-blk-00042.ec,,,TO,,,,
sts19-blk-00043.ec,,,TO,,,,
sts19-blk-00044.ec,,,TO,,,,
sts19-blk-00045.ec,,,TO,,,,
sts19-blk-00046.ec,,,TO,,,,
sts19-blk-00047.ec,,,TO,,,,
sts19-blk-00048.ec,,,TO,,,,
sts19-blk-00049.ec,,,TO,,,,
sts19-blk-00050.ec,,,TO,,,,
sts19-blk-00051.ec,,,TO,,,,
sts19-blk-00052.ec,,,TO,,,,
sts19-blk-00053.ec,,,TO,,,,
sts19-blk-00054.ec,,,TO,,,,
sts19-blk-00055.ec,,,TO,,,,
sts19-blk-00056.ec,,,TO,,,,
sts19-blk-00057.ec,,,TO,,,,
sts19-blk-00058.ec,,,TO,,,,
sts19-blk-00059.ec,,,TO,,,,
sts19-blk-00060.ec,,,TO,,,,
sts19-blk-00061.ec,,,TO,,,,
sts19-blk-00062.ec,,,TO,,,,
sts19-blk-00063.ec,,,TO,,,,
sts19-blk-00064.ec,,,TO,,,,
sts19-blk-00065.ec,,,TO,,,,
sts19-blk-00066.ec,,,TO,,,,
sts19-blk-00067.ec,,,TO,,,,
sts19-blk-00068.ec,,,TO,,,,
sts19-blk-00069.ec,,,TO,,,,
sts19-blk-00070.ec,,,TO,,,,
sts19-blk-00071.ec,,,TO,,,,
sts19-blk-00072.ec,,,TO,,,,
sts19-blk-00073.ec,,,TO,,,,
sts19-blk-00074.ec,,,TO,,,,
sts19-blk-00075.ec,96,272,TO,,,,
sts19-blk-00076.ec,96,272,TO,,,,
sts19-blk-00077.ec,96,272,TO,,,,
sts19-blk-00078.ec,96,272,TO,,,,
sts19-blk-00079.ec,,,TO,,,,
sts19-blk-00080.ec,,,TO,,,,
sts19-blk-00081.ec,,,TO,,,,
sts19-blk-00082.ec,,,TO,,,,
sts19-blk-00083.ec,,,TO,,,,
sts19-blk-00084.ec,,,TO,,,,
sts19-blk-00085.ec,,,TO,,,,
sts19-blk-00086.ec,,,TO,,,,
sts19-blk-00087.ec,,,TO,,,,
sts19-blk-00088.ec,,,TO,,,,
sts19-blk-00089.ec,,,TO,,,,
sts19-blk-00090.ec,,,TO,,,,
sts19-blk-00091.ec,,,TO,,,,
sts19-blk-00092.ec,,,TO,,,,
sts19-blk-00093.ec,,,TO,,,,
sts19-blk-00094.ec,,,TO,,,,
sts19-blk-00095.ec,,,TO,,,,
sts19-blk-00096.ec,,,TO,,,,
sts19-blk-00097.ec,,,TO,,,,
sts19-blk-00098.ec,,,TO,,,,
sts19-blk-00099.ec,,,TO,,,,
sts19-blk-00100.ec,,,TO,,,,
sts19-blk-00101.ec,,,TO,,,,
sts19-blk-00102.ec,,,TO,,,,
sts19-blk-00103.ec,,,TO,,,,
sts19-blk-00104.ec,,,TO,,,,
sts19-blk-00105.ec,,,TO,,,,
sts19-blk-00106.ec,,,TO,,,,
sts19-blk-00107.ec,,,TO,,,,
sts19-blk-00108.ec,,,TO,,,,
sts19-blk-00109.ec,,,TO,,,,
sts19-blk-00110.ec,,,TO,,,,
sts19-blk-00111.ec,,,TO,,,,
sts19-blk-00112.ec,,,TO,,,,
sts19-blk-00113.ec,,,TO,,,,
sts19-blk-00114.ec,,,TO,,,,
sts19-blk-00115.ec,,,TO,,,,
sts19-blk-00116.ec,,,TO,,,,
sts19-blk-00117.ec,,,TO,,,,
sts19-blk-00118.ec,,,TO,,,,
sts19-blk-00119.ec,,,TO,,,,
sts19-blk-00120.ec,,,TO,,,,
sts19-blk-00121.ec,,,TO,,,,
sts19-blk-00122.ec,,,TO,,,,
sts19-blk-00123.ec,,,TO,,,,
sts19-blk-00124.ec,,,TO,,,,
sts19-blk-00125.ec,,,TO,,,,
sts19-blk-00126.ec,,,TO,,,,
sts19-blk-00127.ec,,,TO,,,,
sts19-blk-00128.ec,,,TO,,,,
sts19-blk-00129.ec,,,TO,,,,
sts19-blk-00130.ec,,,TO,,,,
sts19-blk-00131.ec,,,TO,,,,
sts19-blk-00132.ec,,,TO,,,,
sts19-blk-00133.ec,,,TO,,,,
sts19-blk-00134.ec,,,TO,,,,
sts19-blk-00135.ec,,,TO,,,,
sts19-blk-00136.ec,,,TO,,,,
sts19-blk-00137.ec,,,TO,,,,
sts19-blk-00138.ec,,,TO,,,,
sts19-blk-00139.ec,,,TO,,,,
sts19-blk-00140.ec,,,TO,,,,
sts19-blk-00141.ec,,,TO,,,,
sts19-blk-00142.ec,,,TO,,,,
sts19-blk-00143.ec,,,TO,,,,
sts19-blk-00144.ec,,,TO,,,,
sts19-blk-00145.ec,,,TO,,,,
sts19-blk-00146.ec,,,TO,,,,
sts19-blk-00147.ec,,,TO,,,,
sts19-blk-00148.ec,,,TO,,,,
sts19-blk-00149.ec,,,TO,,,,
sts19-blk-00150.ec,,,TO,,,,
sts19-blk-00151.ec,,,TO,,,,
sts19-blk-00152.ec,,,TO,,,,
sts19-blk-00153.ec,,,TO,,,,
sts19-blk-00154.ec,,,TO,,,,
sts19-blk-00155.ec,,,TO,,,,
sts19-blk-00156.ec,,,TO,,,,
sts19-blk-00157.ec,,,TO,,,,
sts19-blk-00158.ec,,,TO,,,,
sts19-blk-00159.ec,,,TO,,,,
sts19-blk-00160.ec,,,TO,,,,
sts19-blk-00161.ec,,,TO,,,,
sts19-blk-00162.ec,,,TO,,,,
sts19-blk-00163.ec,,,TO,,,,
sts19-blk-00164.ec,,,TO,,,,
sts19-blk-00165.ec,,,TO,,,,
sts19-blk-00166.ec,,,TO,,,,
sts19-blk-00167.ec,,,TO,,,,
sts19-blk-00168.ec,,,TO,,,,
sts19-blk-00169.ec,,,TO,,,,
sts19-blk-00170.ec,,,TO,,,,
sts19-blk-00171.ec,,,TO,,,,
sts19-blk-00172.ec,,,TO,,,,
sts19-blk-00173.ec,,,TO,,,,
sts19-blk-00174.ec,,,TO,,,,
sts19-blk-00175.ec,,,TO,,,,
sts19-blk-00176.ec,,,TO,,,,
sts19-blk-00177.ec,,,TO,,,,
sts19-blk-00178.ec,,,TO,,,,
sts19-blk-00179.ec,,,TO,,,,
sts19-blk-00180.ec,,,TO,,,,
sts19-blk-00181.ec,,,TO,,,,
sts19-blk-00182.ec,,,TO,,,,
sts19-blk-00183.ec,,,TO,,,,
sts19-blk-00184.ec,,,TO,,,,
sts19-blk-00185.ec,,,TO,,,,
sts19-blk-00186.ec,,,TO,,,,
sts19-blk-00187.ec,,,TO,,,,
sts19-blk-00188.ec,,,TO,,,,
sts19-blk-00189.ec,,,TO,,,,
sts19-blk-00190.ec,,,TO,,,,
sts19-blk-00191.ec,,,TO,,,,
sts19-blk-00192.ec,,,TO,,,,
sts19-blk-00193.ec,,,TO,,,,
sts19-blk-00194.ec,,,TO,,,,
sts19-blk-00195.ec,,,TO,,,,
sts19-blk-00196.ec,,,TO,,,,
sts19-blk-00197.ec,,,TO,,,,
sts19-blk-00198.ec,,,TO,,,,
sts19-blk-00199.ec,,,TO,,,,
sts19-blk-00200.ec,,,TO,,,,
tetrominoes_4x5.txt,20,161,0.0435,454,4,,
tetrominoes_4x7.txt,28,257,1.1498,9157,4,,
tetrominoes_6x6.txt,36,381,40.8395,178939,5,,
tetrominoes_6x8.txt,48,553,TO,,,,
tetrominoes_8x8.txt,,,TO,,,,
