Instance,#cols,#rows,DXD_T1,Solutions,Max Blocks,|ZDD|,|DNNF|
AsnetAm.txt,83,17209,220.3816,10940176835337547967924371034466868710630875677480103542870936241337139500367104,15,,21808
AttMpls.txt,43,3818,8.8193,332079085047889148852050485582652086278656000,7,,4944
Bellcanada.txt,79,10336,564.0499,21734494071839738913800372841092339928806213887682976,6,,37684
Bellsouth.txt,92,7366,39.6895,25499846072471603994198597758742212232593756141300827054153268206047828847968750000000000000000000000,23,,19067
BeyondTheNetwork.txt,54,22189,606.5178,2295287706099684505114490054400,7,,22795
BtNorthAmerica.txt,48,21971,599.3215,77832850131400759213277281147715111455060618217472,7,,27184
Cernet.txt,38,9564,78.1742,999911045595155186882207018646590760,7,,8744
Cesnet200706.txt,33,7618,32.9939,26379159737915280007275994063063067339520,7,,9545
Cesnet201006.txt,40,4525,9.5475,80299268806739645462729470199902374912,9,,4085
Chinanet.txt,41,10731,50.0881,176727991793056467571205005439579591987494173900,10,,10773
Cogentco.txt,197,4568,TO,,,,
Colt.txt,142,9260,991.3506,1689163681250005833547215512283891717896679964994070256658525395487885885518711535450845316906609600,9,,191409
Columbus.txt,87,13380,188.3147,5090009455158177059209193331838145145990297840,10,,12302
Cudi.txt,88,6257,30.6956,98887636113082547323646407045739194489389917934081369993997279669055703758187244382982871449600,15,,7683
Deltacom.txt,82,14172,692.0050,1281700296008735372858250382438130552640,9,,9952
DeutscheTelekom.txt,76,11986,1183.0792,830092987687112518055852931366741759752919843750000000000,11,,53944
Dfn.txt,58,6748,621.2904,52708983971456817471099323712565054699137671799041662076197844057507161465336462002221118240,5,,535160
DialtelecomCz.txt,200,11332,1199.7087,150613714105720391095453664020662786243696345146138543367067615803011599351747477939078717990517939704097645666746368,41,,86316
Esnet.txt,55,11716,122.1243,102339557612778829053460458922240934506659840,17,,14262
Forthnet.txt,66,3953,19.5146,546450507006957294468261464125560707481600,13,,3979
Garr200902.txt,51,7717,70.7893,144954582223854446917895755730894050587033600,7,,9607
Garr200908.txt,51,5685,22.7200,149557807934502940246059184369284846005760,9,,5712
Garr200909.txt,53,6924,85.6125,1015814853378741778651688378867374211652608030036700,12,,9880
Garr200912.txt,54,16655,313.0104,302484739320686513198704378660573950216000000,9,,13855
Garr201001.txt,53,8063,74.0288,492173555273235782445110509807618914159532391081780400,15,,9530
Garr201003.txt,54,17774,275.9346,4638858188061670631035222623544784343959242100869939200,8,,15857
Garr201004.txt,54,18136,384.0414,1379038779832011838688761591791769248162786698487398400,14,,19917
Garr201005.txt,53,5444,29.4378,2293097254697450131457776011042855581295873607716000000,13,,8010
Garr201007.txt,53,17345,494.4349,39747929163012952611440662382722282096715815018884000,7,,22196
Garr201008.txt,53,9366,93.4548,441017805172365879603264736562302156800,15,,8721
Garr201010.txt,55,12866,196.9879,215075245475688008898001197069296849560769377861632,13,,12228
Garr201012.txt,55,14952,326.6728,2988224155251923877291845483530704354380312412422257413980160,10,,22294
Garr201101.txt,55,15690,484.7238,573317548987789097336271960547973429726112,10,,16739
Garr201102.txt,57,14448,155.1774,1033590414327575680675386997247699230337689791329716392796160000,14,,14839
Garr201103.txt,60,12479,187.7678,2147459890664978716183667828077727376557650326161719296000,16,,15974
Garr201104.txt,64,16525,299.2005,909510916109358425971111718400000,10,,12397
Garr201105.txt,64,18850,631.8775,1487141964678119852732414161820029822087541329161798471707622574080,11,,30839
Garr201107.txt,64,7145,143.4144,5517758818636015254504835994479401091772350800,5,,13572
Garr201108.txt,64,6962,53.6622,483513403404754255153502412978375508469243230663666040832000000000,16,,8769
Garr201109.txt,64,16755,889.4255,5771080089975474743530695183060166656,7,,17812
Garr201110.txt,64,7380,49.9357,70827947477273144207346637473284640342509260800000,10,,8165
Garr201111.txt,63,3785,26.5962,217033881231731069977192965857031193110773760000,15,,5407
Garr201112.txt,65,4258,35.4851,18280671064677937442888167436526553379132166550703285867361024,26,,7155
Garr201201.txt,66,15242,452.3425,36795491472742327066416773771513905534902959150926762201912934400,9,,33549
Geant2009.txt,46,16272,179.9102,206876241822531419589522189500640198999107813945009331982080,7,,19203
Geant2010.txt,44,17643,169.8684,2039888960520741211356885071103348586967815799049337903680,8,,19624
Geant2012.txt,45,18639,263.1149,84281484538735062171868395307266889489569117199673856,7,,23090
Globenet.txt,56,12729,251.5065,64421415402945201674398356763513082231810880,6,,18067
GtsCe.txt,149,4051,445.5596,357777756039340490456824967214492443885329030465923631414838832615013377967579468775829665568383872532272566136331381517890643264,6,,1658432
HiberniaGlobal.txt,47,3672,16.3166,167702743319829806575827120,5,,3210
Highwinds.txt,48,18878,1434.3245,8138287226951413662322901815490966247900,4,,47807
Iij.txt,51,17880,244.4211,137108949987302317974696724082337580832771051874000,6,,18643
Intellifiber.txt,51,3261,22.3240,36549802787055953709844384931432745900000,5,,8027
Internode.txt,42,5309,21.6328,17086140349704335830394759139844981612560,10,,6418
Interoute.txt,110,3675,323.4852,834873003973592677064539574704887952857505340922884386471939116957234108080553776472986407559136000,5,,1160749
Intranetwork.txt,41,2852,3.5485,10550301506245098778162949708954793612570,8,,3158
Ion.txt,112,6265,75.6837,28975221696578908070326048800825600,9,,5185
Iris.txt,58,8078,48.0035,112566891049207111041061862674382154408460800,8,,9574
Kdl.txt,754,4889,TO,,,,
Latnet.txt,115,2932,101.0755,881192229446354281751953125000,16,,4299
Missouri.txt,48,7691,136.7830,1998709288134217991220,4,,5486
Ntelos.txt,62,7982,169.5398,26425916772671025423094095498996280008308573060321280,8,,13491
Ntt.txt,54,3502,12.7560,2240076355517039400341618299647502136137432699354194169036800,20,,10910
Oteglobe.txt,76,10506,637.0542,1380078795623701280078238316576410696206210115871703040,14,,19544
Palmetto.txt,54,15699,205.4393,49996540641318003921652453825595413815846246081735920349645000,8,,27674
Pern.txt,29,10499,31.2216,31359896822482775963408666258232795984375,7,,10366
PionierL3.txt,45,16083,298.1445,22085582726425610222238166859596321920,6,,13954
RedBestel.txt,104,10073,88.2080,50416119991323377742371541676488442824955135029567342908357567711318435520000,11,,13070
Renater2010.txt,53,20026,874.2680,4018842348241317110117714562080347023626759380278336,5,,33358
RoedunetFibre.txt,53,5542,23.7943,26673886912630445540817492515755968,7,,4996
Sinet.txt,31,15324,215.7034,191673857894640619440941948761812,5,,13578
Surfnet.txt,45,5697,95.5746,94800684301945458535179937248,4,,6908
Switch.txt,79,6676,66.0190,14609534147869034498645225042741563493852570131027835228880000,7,,18630
SwitchL3.txt,62,18502,486.6096,140822025203406064685989130459371048023581344368012624053779200,7,,29340
Syringa.txt,55,8950,46.3111,6186634853639282671231090617484420800,8,,9194
TataNld.txt,65,11943,164.5589,260983043412261592981145570554786864292045010000,12,,9279
Telcove.txt,51,5471,22.0597,3729056438843059625929631747410057959406813644121063458,16,,6384
Tinet.txt,59,4911,23.9091,2670635259240834118035453297853115718633384312143406518966400,7,,14606
Tw.txt,79,12755,125.5539,59186321770984041356846605313285241760704607842264505037322240000,18,,12872
Ulaknet.txt,38,4412,7.1936,25091016529638677941716833121520736247187500,13,,4661
Uninett2010.txt,74,4863,328.7605,7103435552897234490478459068470713659251410809159524733716443100993418521899065035036352101164224,4,,545601
Uninett2011.txt,69,3545,36.1096,13536445827818292423840645586359869677357641102109242572525876547669920342128481450148364563456,7,,193731
UsCarrier.txt,88,16653,408.8336,494830411885041260424830122222636927900512637518610110000,8,,16848
UsSignal.txt,62,17215,1118.5862,38280886146152905012005974196992788636080,4,,29298
Uunet.txt,65,18711,247.6393,6216666147457984708300994148521401269197824662920448385106083776179808000,10,,24176
VtlWavenet2008.txt,137,20023,TO,,,,
VtlWavenet2011.txt,143,7362,69.8151,13486323596215757120861757926748724539647280,8,,7474
bell-09.txt,9,511,2.4439,21147,1,,3536
bell-10.txt,10,1023,12.6965,115975,1,,10353
delta.txt,126,1194,230.6947,78,1,,331
dominoes_10x10.txt,100,180,0.8271,258500842280,1,,13547
dominoes_8x8.txt,64,112,0.1484,12988816,1,,2316
doublefact-17.txt,18,153,3.3043,34459425,1,,30510
doublefact-19.txt,20,190,10.4991,654729075,1,,89665
exotic_fives.txt,72,2440,TO,,,,
grafo10116.100.txt,100,3650,7.0266,765687449110919039481918058780350854922831102503955916950822366080983152391670975786180707241066656238295751454446463110370849767891077600,9,,64081
grafo10184.100.txt,100,6383,58.8297,28939437741364204985037435001634855587932164940600619679152115959889712942274720552397177332896083184230097406579570052757684387017678898648637500,9,,145849
grafo10204.100.txt,100,7061,1309.9730,335967672732852313881035711842879229509995281523401322131764089711008062019678985314584099288652839552025583922454318495494972492019500462560,6,,1745993
grafo10237.100.txt,100,6291,TO,,,,
grafo10259.100.txt,100,8183,90.6442,67982912973672368127496720651405036557517535199739910450796991663232789697551020006252976209219092643573672711025763343070571373374469166308491264000,12,,125516
grafo10292.100.txt,100,8272,TO,,,,
grafo10305.100.txt,100,3219,10.8763,10515647702635986591165231354637412157055585194540536047502477450445240980647602148147720539158738283973290282476568318000000000000,11,,114981
grafo10418.100.txt,100,7378,185.8131,811624564261399938523155771854423941513422620715189621331955309691902672814640685579066922008087049241978320623733030399489960960,8,,189331
grafo10446.95.txt,95,10849,TO,,,,
grafo10469.100.txt,100,7159,387.5529,4157598366579431982581608724787042045508705195705700343591380192711039601634037208656564170411647518824789500806867970977005899698304,8,,942123
grafo10492.96.txt,96,3029,22.3091,604197525402489233087434577546646353931431863605052721838779844744195716660098433647665709016122664512444378657400916,8,,126784
grafo10508.100.txt,100,6396,140.3838,141781781442404423920723106499922004936739450441845267348794566476125750975537486106644961997051296992780604531074112656309148565000,9,,143304
grafo10534.100.txt,100,7172,309.7770,2160906908438028788640564135537007805851214409877842850763148977429768225443658312052898934097662910630523065594443860516985030820744225226796319960,6,,721301
grafo10538.100.txt,100,7602,TO,,,,
grafo10632.100.txt,100,10530,TO,,,,
grafo10638.100.txt,100,6057,147.6351,58798154987930748142356689023066524134972452830234548533920035264711861192018213924080768275657180327218564188627949184000,8,,190234
grafo10644.100.txt,100,8391,166.4083,3761888793510632148976219092308991315881836514785673154090946139037848253786837614433519408920886586362471018600741886179333120693634634017039222361856,9,,309282
grafo10646.100.txt,100,8751,TO,,,,
grafo10652.100.txt,100,3605,192.6387,35273779331995867402399092652579208026454727134817020615736031066882347940213083088826579919376666557693525540140685739284480,6,,902850
grafo10653.100.txt,100,5825,313.6690,5669589842705053763596004693257264534896315808583397983312923495750230167445586911296392134569518758044240069068207508937544320,8,,266423
grafo10671.100.txt,100,8256,TO,,,,
grafo10772.100.txt,100,9508,TO,,,,
grafo10781.100.txt,100,6181,866.3715,121591851365279040582510817076521297645140201837134655889729837971827391862414163819753857359217447510778117842660054148957916623733718217910000,7,,1636871
grafo10820.100.txt,100,7958,145.9336,62304041443136332894755579292092323883861809462756573021771290216866323457306768598500987648955478292695549975106699229973197960603322449920,10,,256788
grafo10865.100.txt,100,3804,207.0739,25873206711570194768373506341145969271872013503833218425477709677827234536580585942575477242327928330093063913867305676800,8,,383630
grafo10928.100.txt,100,6295,TO,,,,
grafo10958.98.txt,98,11843,TO,,,,
grafo10962.100.txt,100,5312,47.8892,733629969889729858273756690318648542002040978521228694077465906537723039741317960883190826279493041003495749233450400,7,,86451
grafo10998.100.txt,100,9060,TO,,,,
grafo11003.100.txt,100,5238,161.6895,33783559834412100539586287338288118660479847447949715031552502612484959700032691853884871361426389452517783106352174187520,8,,176479
grafo11020.100.txt,100,5445,29.1280,271075901978088211411891489147565733566493442220641529282070064827604272843373067023225995071483326111282355335587769354570329578648894736685056,8,,88780
grafo11073.100.txt,100,7237,119.2456,213655267226321957761359262588465770620675602413420269789612430077811254358917302444901424673222727971715996232064026522731504490960219354350026595821747200,8,,171088
grafo11125.100.txt,100,4896,177.8339,28257983774817509307478954131063841628685453828023538175795502655448593607556331726268028129463299606046904964675275934400,7,,310700
grafo11227.100.txt,100,8182,240.0756,410566782706717734092054138098430765398066138269753369918931277465785967865109021654513969795416197748132225199738977530028360757627340768890128864000,9,,547341
grafo11335.100.txt,100,6894,92.7708,153523062642613271606000375063110420755465135127254193221034620516491994331374070890765616150563383507449365999364601326387200,9,,122504
grafo11458.100.txt,100,5091,305.0977,394214292218002481804605355385881767379355196103863388991831464157922396279642757286743619748364865454080,7,,291244
grafo3532.99.txt,99,7212,TO,,,,
grafo7797.100.txt,100,4313,55.0801,743512892248581148873007929360043807584222787255355078617605042728215298215815749421676954423634176955695826000,8,,116178
grafo7907.80.txt,80,10912,TO,,,,
grafo8127.78.txt,78,2161,10.8966,1206656064780333283350008096550461368523657087186095375198961778533306026234699876520727148416,8,,143156
grafo8510.100.txt,100,3701,188.2913,24882758585662129120096101197731625564561758828226418505691828855697513440218331111096983455791637671879168644782479707571931316224,8,,625317
grafo8805.80.txt,80,10094,TO,,,,
grafo8812.99.txt,99,7246,204.2405,6024145170723578995737413094257815351498080752299834533678337341047983910606825462398216524546102116846179596860247143356324492981380326400,8,,264710
grafo8826.100.txt,100,7961,TO,,,,
grafo8882.100.txt,100,15209,TO,,,,
grafo8892.100.txt,100,6425,TO,,,,
grafo8921.98.txt,98,8588,119.7789,3613644170304124635237566772262894841079760817251373967936457623069415679320916824454066308447574201498511621508292406829824,9,,159583
grafo9691.79.txt,79,7004,TO,,,,
grafo9738.100.txt,100,7087,177.2412,556788794044961729404700471276667934897256194109894046445887890016818535594970910809789644352932878022498462223093454286707224084759238495600640,8,,439114
grafo9788.80.txt,80,7477,579.0179,1236561642731006733396347002062243752488487105527680316620652525869934038965896985026612813434963642565367544,7,,308389
heart.txt,180,926,TO,,,,
kts15-ptpt-0020.txt,132,391,2.6173,8,1,,171
kts15-ptpt-0021.txt,132,388,2.5060,72,1,,1139
latin7-blk-00008.txt,90,126,9.3651,27072,1,,122203
latin7-blk-00009.txt,90,126,9.0800,27776,1,,118214
meteor.txt,60,2464,596.0027,9212,1,,2043
sppnw07.txt,36,5172,TO,,,,
sppnw08.txt,24,434,9.2853,285701,4,,11821
sppnw09.txt,40,3103,TO,,,,
sppnw10.txt,24,853,43.1066,318168,11,,25107
sppnw12.txt,27,626,16.7206,496333530,3,,4738
sppnw15.txt,31,467,2.3879,46,3,,60
sppnw19.txt,40,2879,TO,,,,
sppnw20.txt,22,685,23.0015,538696,1,,18936
sppnw21.txt,25,577,11.8986,291047,1,,13372
sppnw22.txt,23,619,16.2944,286758,1,,24057
tetrominoes_6x6.txt,36,381,25.8645,178939,1,,25819
tetrominoes_8x8.txt,64,801,TO,,,,
