Instance,#cols,#rows,DLX,Solutions,Max Blocks,|ZDD|,|DNNF|
AsnetAm.txt,,,TO,,,,
AttMpls.txt,34,124,13.4413,138690000,,,
Bellcanada.txt,,,TO,,,,
Bellsouth.txt,,,TO,,,,
BeyondTheNetwork.txt,,,TO,,,,
BtNorthAmerica.txt,,,TO,,,,
Cernet.txt,,,TO,,,,
Cesnet200706.txt,,,TO,,,,
Cesnet201006.txt,,,TO,,,,
Chinanet.txt,34,135,2.5058,7691190,,,
Cogentco.txt,,,TO,,,,
Colt.txt,,,TO,,,,
Columbus.txt,,,TO,,,,
Cudi.txt,,,TO,,,,
Deltacom.txt,,,TO,,,,
DeutscheTelekom.txt,,,TO,,,,
Dfn.txt,,,TO,,,,
DialtelecomCz.txt,,,TO,,,,
Esnet.txt,,,TO,,,,
Forthnet.txt,,,TO,,,,
Garr200902.txt,,,TO,,,,
Garr200908.txt,,,TO,,,,
Garr200909.txt,,,TO,,,,
Garr200912.txt,,,TO,,,,
Garr201001.txt,,,TO,,,,
Garr201003.txt,,,TO,,,,
Garr201004.txt,,,TO,,,,
Garr201005.txt,,,TO,,,,
Garr201007.txt,,,TO,,,,
Garr201008.txt,,,TO,,,,
Garr201010.txt,,,TO,,,,
Garr201012.txt,,,TO,,,,
Garr201101.txt,,,TO,,,,
Garr201102.txt,,,TO,,,,
Garr201103.txt,,,TO,,,,
Garr201104.txt,,,TO,,,,
Garr201105.txt,,,TO,,,,
Garr201107.txt,,,TO,,,,
Garr201108.txt,,,TO,,,,
Garr201109.txt,,,TO,,,,
Garr201110.txt,,,TO,,,,
Garr201111.txt,,,TO,,,,
Garr201112.txt,,,TO,,,,
Garr201201.txt,,,TO,,,,
Geant2009.txt,,,TO,,,,
Geant2010.txt,,,TO,,,,
Geant2012.txt,,,TO,,,,
Globenet.txt,,,TO,,,,
GtsCe.txt,,,TO,,,,
HiberniaGlobal.txt,,,TO,,,,
Highwinds.txt,29,123,0.7630,2620625,,,
Iij.txt,,,TO,,,,
Intellifiber.txt,,,TO,,,,
Internode.txt,,,TO,,,,
Interoute.txt,,,TO,,,,
Intranetwork.txt,,,TO,,,,
Ion.txt,,,TO,,,,
Iris.txt,,,TO,,,,
Kdl.txt,339,187759,0.2992 (WARNING: 0 solutions),0,,,
Latnet.txt,,,TO,,,,
Missouri.txt,,,TO,,,,
Ntelos.txt,,,TO,,,,
Ntt.txt,,,TO,,,,
Oteglobe.txt,,,TO,,,,
Palmetto.txt,,,TO,,,,
Pern.txt,,,TO,,,,
PionierL3.txt,,,TO,,,,
RedBestel.txt,,,TO,,,,
Renater2010.txt,,,TO,,,,
RoedunetFibre.txt,,,TO,,,,
Sinet.txt,,,TO,,,,
Surfnet.txt,,,TO,,,,
Switch.txt,,,TO,,,,
SwitchL3.txt,,,TO,,,,
Syringa.txt,,,TO,,,,
TataNld.txt,,,TO,,,,
Telcove.txt,,,TO,,,,
Tinet.txt,,,TO,,,,
Tw.txt,,,TO,,,,
Ulaknet.txt,,,TO,,,,
Uninett2010.txt,,,TO,,,,
Uninett2011.txt,,,TO,,,,
UsCarrier.txt,,,TO,,,,
UsSignal.txt,,,TO,,,,
Uunet.txt,,,TO,,,,
VtlWavenet2008.txt,,,TO,,,,
VtlWavenet2011.txt,,,TO,,,,
bell-06.ec,6,63,0.0000,203,,,
bell-07.ec,7,127,0.0001,877,,,
bell-08.ec,8,255,0.0006,4140,,,
bell-09.ec,9,511,0.0039,21147,,,
bell-10.ec,10,1023,0.0256,115975,,,
bell-11.ec,11,2047,0.1586,678570,,,
bell-12.ec,12,4095,1.1718,4213597,,,
delta.txt,126,1194,0.5295,78,,,
dominoes_10x10.txt,,,TO,,,,
dominoes_10x12.txt,,,TO,,,,
dominoes_12x12.txt,,,TO,,,,
dominoes_8x10.txt,80,142,205.8423,1031151241,,,
dominoes_8x8.txt,64,112,2.5495,12988816,,,
doublefact-09.ec,10,45,0.0001,945,,,
doublefact-11.ec,12,66,0.0011,10395,,,
doublefact-13.ec,14,91,0.0144,135135,,,
doublefact-15.ec,16,120,0.2175,2027025,,,
doublefact-17.ec,18,153,3.7067,34459425,,,
doublefact-19.ec,20,190,75.6346,654729075,,,
doublefact-21.ec,,,TO,,,,
doublefact-23.ec,,,TO,,,,
doublefact-25.ec,,,TO,,,,
doublefact-27.ec,,,TO,,,,
doublefact-29.ec,,,TO,,,,
exotic_fives.txt,72,2440,112.0518,31520,,,
grafo10006.98.txt,,,TO,,,,
grafo10017.96.txt,,,TO,,,,
grafo10072.97.txt,,,TO,,,,
grafo10084.97.txt,,,TO,,,,
grafo10093.98.txt,,,TO,,,,
grafo10099.94.txt,,,TO,,,,
grafo10100.99.txt,,,TO,,,,
grafo10105.93.txt,,,TO,,,,
grafo10112.98.txt,,,TO,,,,
grafo10113.94.txt,,,TO,,,,
grafo10116.100.txt,,,TO,,,,
grafo10124.100.txt,,,TO,,,,
grafo10126.98.txt,,,TO,,,,
grafo10129.99.txt,,,TO,,,,
grafo10130.97.txt,,,TO,,,,
grafo10146.97.txt,,,TO,,,,
grafo10151.94.txt,,,TO,,,,
grafo10153.100.txt,,,TO,,,,
grafo10156.97.txt,,,TO,,,,
grafo10160.96.txt,,,TO,,,,
grafo10161.99.txt,,,TO,,,,
grafo10162.93.txt,,,TO,,,,
grafo10164.98.txt,,,TO,,,,
grafo10171.99.txt,,,TO,,,,
grafo10173.97.txt,,,TO,,,,
grafo10175.99.txt,,,TO,,,,
grafo10176.97.txt,,,TO,,,,
grafo10179.97.txt,,,TO,,,,
grafo10184.100.txt,,,TO,,,,
grafo10195.99.txt,,,TO,,,,
grafo10203.97.txt,,,TO,,,,
grafo10204.100.txt,,,TO,,,,
grafo10205.97.txt,,,TO,,,,
grafo10207.98.txt,,,TO,,,,
grafo10209.99.txt,,,TO,,,,
grafo10215.93.txt,,,TO,,,,
grafo10218.99.txt,,,TO,,,,
grafo10220.97.txt,,,TO,,,,
grafo10223.100.txt,,,TO,,,,
grafo10237.100.txt,,,TO,,,,
grafo10244.99.txt,,,TO,,,,
grafo10250.100.txt,,,TO,,,,
grafo10259.100.txt,,,TO,,,,
grafo10262.100.txt,,,TO,,,,
grafo10265.100.txt,,,TO,,,,
grafo10266.94.txt,,,TO,,,,
grafo10269.99.txt,,,TO,,,,
grafo10273.97.txt,,,TO,,,,
grafo10275.97.txt,,,TO,,,,
grafo10288.95.txt,,,TO,,,,
grafo10291.93.txt,,,TO,,,,
grafo10292.100.txt,,,TO,,,,
grafo10293.99.txt,,,TO,,,,
grafo10297.98.txt,,,TO,,,,
grafo10298.97.txt,,,TO,,,,
grafo10303.96.txt,,,TO,,,,
grafo10305.100.txt,,,TO,,,,
grafo10318.98.txt,,,TO,,,,
grafo10325.96.txt,,,TO,,,,
grafo10327.97.txt,,,TO,,,,
grafo10339.95.txt,,,TO,,,,
grafo10346.97.txt,,,TO,,,,
grafo10351.97.txt,,,TO,,,,
grafo10353.99.txt,,,TO,,,,
grafo10354.99.txt,,,TO,,,,
grafo10359.95.txt,,,TO,,,,
grafo10362.94.txt,,,TO,,,,
grafo10365.97.txt,,,TO,,,,
grafo10369.100.txt,,,TO,,,,
grafo10382.94.txt,,,TO,,,,
grafo10383.99.txt,,,TO,,,,
grafo10387.97.txt,,,TO,,,,
grafo10388.95.txt,,,TO,,,,
grafo10393.96.txt,,,TO,,,,
grafo10405.97.txt,,,TO,,,,
grafo10409.96.txt,,,TO,,,,
grafo10416.96.txt,,,TO,,,,
grafo10418.100.txt,,,TO,,,,
grafo10420.97.txt,,,TO,,,,
grafo10421.99.txt,,,TO,,,,
grafo10426.100.txt,,,TO,,,,
grafo10432.99.txt,,,TO,,,,
grafo10434.98.txt,,,TO,,,,
grafo10436.95.txt,,,TO,,,,
grafo10441.98.txt,,,TO,,,,
grafo10444.100.txt,,,TO,,,,
grafo10445.94.txt,,,TO,,,,
grafo10446.95.txt,,,TO,,,,
grafo10452.94.txt,,,TO,,,,
grafo10453.97.txt,,,TO,,,,
grafo10467.100.txt,,,TO,,,,
grafo10469.100.txt,,,TO,,,,
grafo10474.94.txt,,,TO,,,,
grafo10484.99.txt,,,TO,,,,
grafo10488.98.txt,,,TO,,,,
grafo10489.95.txt,,,TO,,,,
grafo10491.97.txt,,,TO,,,,
grafo10492.96.txt,,,TO,,,,
grafo10496.98.txt,,,TO,,,,
grafo10501.96.txt,,,TO,,,,
grafo10502.91.txt,,,TO,,,,
grafo10508.100.txt,,,TO,,,,
grafo10516.94.txt,,,TO,,,,
grafo10522.99.txt,,,TO,,,,
grafo10523.97.txt,,,TO,,,,
grafo10532.99.txt,,,TO,,,,
grafo10533.100.txt,,,TO,,,,
grafo10534.100.txt,,,TO,,,,
grafo10536.99.txt,,,TO,,,,
grafo10537.95.txt,,,TO,,,,
grafo10538.100.txt,,,TO,,,,
grafo10547.94.txt,,,TO,,,,
grafo10549.99.txt,,,TO,,,,
grafo10552.96.txt,,,TO,,,,
grafo10560.95.txt,,,TO,,,,
grafo10575.99.txt,,,TO,,,,
grafo10577.100.txt,,,TO,,,,
grafo10578.96.txt,,,TO,,,,
grafo10586.100.txt,,,TO,,,,
grafo10589.93.txt,,,TO,,,,
grafo10592.98.txt,,,TO,,,,
grafo10596.99.txt,,,TO,,,,
grafo10603.100.txt,,,TO,,,,
grafo10608.93.txt,,,TO,,,,
grafo10624.91.txt,,,TO,,,,
grafo10626.100.txt,,,TO,,,,
grafo10630.94.txt,,,TO,,,,
grafo10632.100.txt,,,TO,,,,
grafo10633.100.txt,,,TO,,,,
grafo10634.96.txt,,,TO,,,,
grafo10635.95.txt,,,TO,,,,
grafo10637.94.txt,,,TO,,,,
grafo10638.100.txt,,,TO,,,,
grafo10644.100.txt,,,TO,,,,
grafo10646.100.txt,,,TO,,,,
grafo10648.98.txt,,,TO,,,,
grafo10650.98.txt,,,TO,,,,
grafo10652.100.txt,,,TO,,,,
grafo10653.100.txt,,,TO,,,,
grafo10662.100.txt,,,TO,,,,
grafo10663.99.txt,,,TO,,,,
grafo10670.100.txt,,,TO,,,,
grafo10671.100.txt,,,TO,,,,
grafo10674.99.txt,,,TO,,,,
grafo10676.100.txt,,,TO,,,,
grafo10685.98.txt,,,TO,,,,
grafo10688.95.txt,,,TO,,,,
grafo10689.98.txt,,,TO,,,,
grafo10693.98.txt,,,TO,,,,
grafo10694.96.txt,,,TO,,,,
grafo10695.98.txt,,,TO,,,,
grafo10696.99.txt,,,TO,,,,
grafo10698.95.txt,,,TO,,,,
grafo10700.98.txt,,,TO,,,,
grafo10712.98.txt,,,TO,,,,
grafo10713.92.txt,,,TO,,,,
grafo10714.99.txt,,,TO,,,,
grafo10722.96.txt,,,TO,,,,
grafo10726.99.txt,,,TO,,,,
grafo10735.99.txt,,,TO,,,,
grafo10736.99.txt,,,TO,,,,
grafo10737.99.txt,,,TO,,,,
grafo10750.100.txt,,,TO,,,,
grafo10758.96.txt,,,TO,,,,
grafo10760.96.txt,,,TO,,,,
grafo10772.100.txt,,,TO,,,,
grafo10780.99.txt,,,TO,,,,
grafo10781.100.txt,,,TO,,,,
grafo10792.98.txt,,,TO,,,,
grafo10806.97.txt,,,TO,,,,
grafo10807.95.txt,,,TO,,,,
grafo10808.98.txt,,,TO,,,,
grafo10810.97.txt,,,TO,,,,
grafo10811.96.txt,,,TO,,,,
grafo10814.98.txt,,,TO,,,,
grafo10820.100.txt,,,TO,,,,
grafo10825.98.txt,,,TO,,,,
grafo10827.99.txt,,,TO,,,,
grafo10829.97.txt,,,TO,,,,
grafo10831.98.txt,,,TO,,,,
grafo10832.94.txt,,,TO,,,,
grafo10836.97.txt,,,TO,,,,
grafo10849.95.txt,,,TO,,,,
grafo10854.99.txt,,,TO,,,,
grafo10859.97.txt,,,TO,,,,
grafo10860.93.txt,,,TO,,,,
grafo10861.100.txt,,,TO,,,,
grafo10862.98.txt,,,TO,,,,
grafo10864.99.txt,,,TO,,,,
grafo10865.100.txt,,,TO,,,,
grafo10866.98.txt,,,TO,,,,
grafo10876.98.txt,,,TO,,,,
grafo10878.94.txt,,,TO,,,,
grafo10882.95.txt,,,TO,,,,
grafo10883.93.txt,,,TO,,,,
grafo10898.95.txt,,,TO,,,,
grafo10905.97.txt,,,TO,,,,
grafo10907.99.txt,,,TO,,,,
grafo10908.98.txt,,,TO,,,,
grafo10911.100.txt,,,TO,,,,
grafo10918.98.txt,,,TO,,,,
grafo10919.97.txt,,,TO,,,,
grafo10926.99.txt,,,TO,,,,
grafo10928.100.txt,,,TO,,,,
grafo10937.100.txt,,,TO,,,,
grafo10943.95.txt,,,TO,,,,
grafo10945.98.txt,,,TO,,,,
grafo10950.97.txt,,,TO,,,,
grafo10952.96.txt,,,TO,,,,
grafo10958.98.txt,,,TO,,,,
grafo10962.100.txt,,,TO,,,,
grafo10970.100.txt,,,TO,,,,
grafo10972.95.txt,,,TO,,,,
grafo10976.92.txt,,,TO,,,,
grafo10998.100.txt,,,TO,,,,
grafo11000.99.txt,,,TO,,,,
grafo11001.97.txt,,,TO,,,,
grafo11003.100.txt,,,TO,,,,
grafo11008.99.txt,,,TO,,,,
grafo11011.100.txt,,,TO,,,,
grafo11014.100.txt,,,TO,,,,
grafo11015.98.txt,,,TO,,,,
grafo11016.98.txt,,,TO,,,,
grafo11020.100.txt,,,TO,,,,
grafo11035.99.txt,,,TO,,,,
grafo11037.99.txt,,,TO,,,,
grafo11039.96.txt,,,TO,,,,
grafo11044.95.txt,,,TO,,,,
grafo11047.92.txt,,,TO,,,,
grafo11050.98.txt,,,TO,,,,
grafo11056.98.txt,,,TO,,,,
grafo11060.99.txt,,,TO,,,,
grafo11067.98.txt,,,TO,,,,
grafo11069.93.txt,,,TO,,,,
grafo11070.94.txt,,,TO,,,,
grafo11072.98.txt,,,TO,,,,
grafo11073.100.txt,,,TO,,,,
grafo11076.97.txt,,,TO,,,,
grafo11088.97.txt,,,TO,,,,
grafo11096.97.txt,,,TO,,,,
grafo11099.99.txt,,,TO,,,,
grafo11100.95.txt,,,TO,,,,
grafo11101.95.txt,,,TO,,,,
grafo11102.98.txt,,,TO,,,,
grafo11105.95.txt,,,TO,,,,
grafo11106.99.txt,,,TO,,,,
grafo11110.99.txt,,,TO,,,,
grafo11112.96.txt,,,TO,,,,
grafo11113.98.txt,,,TO,,,,
grafo11114.93.txt,,,TO,,,,
grafo11115.92.txt,,,TO,,,,
grafo11119.98.txt,,,TO,,,,
grafo11125.100.txt,,,TO,,,,
grafo11140.98.txt,,,TO,,,,
grafo11142.99.txt,,,TO,,,,
grafo11143.98.txt,,,TO,,,,
grafo11144.92.txt,,,TO,,,,
grafo11145.99.txt,,,TO,,,,
grafo11148.99.txt,,,TO,,,,
grafo11149.100.txt,,,TO,,,,
grafo11157.100.txt,,,TO,,,,
grafo11162.100.txt,,,TO,,,,
heart.txt,180,926,13.8006,6164,,,
kts15-ptpt-0001.ec,132,400,0.0016 (WARNING: 0 solutions),0,,,
kts15-ptpt-0002.ec,132,394,0.0021 (WARNING: 0 solutions),0,,,
kts15-ptpt-0003.ec,132,390,0.0018,8,,,
kts15-ptpt-0004.ec,132,392,0.0029,1,,,
kts15-ptpt-0005.ec,132,396,0.0018 (WARNING: 0 solutions),0,,,
kts15-ptpt-0006.ec,132,388,0.0025,8,,,
kts15-ptpt-0007.ec,132,390,0.0025,12,,,
kts15-ptpt-0008.ec,132,388,0.0026 (WARNING: 0 solutions),0,,,
kts15-ptpt-0009.ec,132,389,0.0029,6,,,
kts15-ptpt-0010.ec,132,392,0.0028 (WARNING: 0 solutions),0,,,
kts15-ptpt-0011.ec,132,390,0.0034,4,,,
kts15-ptpt-0012.ec,132,390,0.0014,4,,,
kts15-ptpt-0013.ec,132,388,0.0035,24,,,
kts15-ptpt-0014.ec,132,388,0.0039,8,,,
kts15-ptpt-0015.ec,132,390,0.0034,14,,,
kts15-ptpt-0016.ec,132,391,0.0029,6,,,
kts15-ptpt-0017.ec,132,388,0.0025,24,,,
kts15-ptpt-0018.ec,132,394,0.0026,8,,,
kts15-ptpt-0019.ec,132,392,0.0031 (WARNING: 0 solutions),0,,,
kts15-ptpt-0020.ec,132,391,0.0040,8,,,
kts15-ptpt-0021.ec,132,388,0.0041,72,,,
kts21-ptpt-0001.ec,,,TO,,,,
kts21-ptpt-0002.ec,,,TO,,,,
kts21-ptpt-0003.ec,,,TO,,,,
kts21-ptpt-0004.ec,,,TO,,,,
kts21-ptpt-0005.ec,,,TO,,,,
kts21-ptpt-0006.ec,,,TO,,,,
kts21-ptpt-0007.ec,,,TO,,,,
kts21-ptpt-0008.ec,,,TO,,,,
kts21-ptpt-0009.ec,,,TO,,,,
kts21-ptpt-0010.ec,,,TO,,,,
kts21-ptpt-0011.ec,,,TO,,,,
kts21-ptpt-0012.ec,,,TO,,,,
kts21-ptpt-0013.ec,,,TO,,,,
kts21-ptpt-0014.ec,,,TO,,,,
kts21-ptpt-0015.ec,,,TO,,,,
kts21-ptpt-0016.ec,,,TO,,,,
kts21-ptpt-0017.ec,,,TO,,,,
kts21-ptpt-0018.ec,,,TO,,,,
kts21-ptpt-0019.ec,,,TO,,,,
kts21-ptpt-0020.ec,,,TO,,,,
kts21-ptpt-0021.ec,,,TO,,,,
kts21-ptpt-0022.ec,,,TO,,,,
kts21-ptpt-0023.ec,,,TO,,,,
kts21-ptpt-0024.ec,,,TO,,,,
kts21-ptpt-0025.ec,,,TO,,,,
kts21-ptpt-0026.ec,,,TO,,,,
kts21-ptpt-0027.ec,,,TO,,,,
kts21-ptpt-0028.ec,,,TO,,,,
kts21-ptpt-0029.ec,,,TO,,,,
kts21-ptpt-0030.ec,,,TO,,,,
kts21-ptpt-0031.ec,,,TO,,,,
kts21-ptpt-0032.ec,,,TO,,,,
kts21-ptpt-0033.ec,,,TO,,,,
kts21-ptpt-0034.ec,,,TO,,,,
kts21-ptpt-0035.ec,,,TO,,,,
kts21-ptpt-0036.ec,,,TO,,,,
kts21-ptpt-0037.ec,,,TO,,,,
kts21-ptpt-0038.ec,,,TO,,,,
kts21-ptpt-0039.ec,,,TO,,,,
kts21-ptpt-0040.ec,,,TO,,,,
kts21-ptpt-0041.ec,,,TO,,,,
kts21-ptpt-0042.ec,,,TO,,,,
kts21-ptpt-0043.ec,,,TO,,,,
kts21-ptpt-0044.ec,,,TO,,,,
kts21-ptpt-0045.ec,,,TO,,,,
kts21-ptpt-0046.ec,,,TO,,,,
kts21-ptpt-0047.ec,,,TO,,,,
kts21-ptpt-0048.ec,,,TO,,,,
kts21-ptpt-0049.ec,,,TO,,,,
kts21-ptpt-0050.ec,,,TO,,,,
kts21-ptpt-0051.ec,,,TO,,,,
kts21-ptpt-0052.ec,,,TO,,,,
kts21-ptpt-0053.ec,,,TO,,,,
kts21-ptpt-0054.ec,,,TO,,,,
kts21-ptpt-0055.ec,,,TO,,,,
kts21-ptpt-0056.ec,,,TO,,,,
kts21-ptpt-0057.ec,,,TO,,,,
kts21-ptpt-0058.ec,,,TO,,,,
kts21-ptpt-0059.ec,,,TO,,,,
kts21-ptpt-0060.ec,,,TO,,,,
kts21-ptpt-0061.ec,,,TO,,,,
kts21-ptpt-0062.ec,,,TO,,,,
kts21-ptpt-0063.ec,,,TO,,,,
kts21-ptpt-0064.ec,,,TO,,,,
kts21-ptpt-0065.ec,,,TO,,,,
kts21-ptpt-0066.ec,,,TO,,,,
kts21-ptpt-0067.ec,,,TO,,,,
kts21-ptpt-0068.ec,,,TO,,,,
kts21-ptpt-0069.ec,,,TO,,,,
kts21-ptpt-0070.ec,,,TO,,,,
kts21-ptpt-0071.ec,,,TO,,,,
kts21-ptpt-0072.ec,,,TO,,,,
kts21-ptpt-0073.ec,,,TO,,,,
kts21-ptpt-0074.ec,,,TO,,,,
kts21-ptpt-0075.ec,,,TO,,,,
kts21-ptpt-0076.ec,,,TO,,,,
kts21-ptpt-0077.ec,,,TO,,,,
kts21-ptpt-0078.ec,,,TO,,,,
kts21-ptpt-0079.ec,,,TO,,,,
kts21-ptpt-0080.ec,,,TO,,,,
kts21-ptpt-0081.ec,,,TO,,,,
kts21-ptpt-0082.ec,,,TO,,,,
kts21-ptpt-0083.ec,,,TO,,,,
kts21-ptpt-0084.ec,,,TO,,,,
kts21-ptpt-0085.ec,,,TO,,,,
kts21-ptpt-0086.ec,,,TO,,,,
kts21-ptpt-0087.ec,,,TO,,,,
kts21-ptpt-0088.ec,,,TO,,,,
kts21-ptpt-0089.ec,,,TO,,,,
kts21-ptpt-0090.ec,,,TO,,,,
kts21-ptpt-0091.ec,,,TO,,,,
kts21-ptpt-0092.ec,,,TO,,,,
kts21-ptpt-0093.ec,,,TO,,,,
kts21-ptpt-0094.ec,,,TO,,,,
kts21-ptpt-0095.ec,,,TO,,,,
kts21-ptpt-0096.ec,,,TO,,,,
kts21-ptpt-0097.ec,,,TO,,,,
kts21-ptpt-0098.ec,,,TO,,,,
kts21-ptpt-0099.ec,,,TO,,,,
kts21-ptpt-0100.ec,,,TO,,,,
latin6-blk-00001.ec,60,60,0.0001,48,,,
latin6-blk-00002.ec,60,62,0.0001,56,,,
latin6-blk-00003.ec,60,64,0.0001,80,,,
latin6-blk-00004.ec,60,63,0.0001,72,,,
latin6-blk-00005.ec,60,65,0.0001,80,,,
latin6-blk-00006.ec,60,64,0.0001,88,,,
latin6-blk-00007.ec,60,65,0.0001,80,,,
latin7-blk-00001.ec,90,120,0.0171,10752,,,
latin7-blk-00002.ec,90,122,0.0210,14976,,,
latin7-blk-00003.ec,90,123,0.0235,17280,,,
latin7-blk-00004.ec,90,124,0.0261,19840,,,
latin7-blk-00005.ec,90,124,0.0253,20480,,,
latin7-blk-00006.ec,90,126,0.0331,29056,,,
latin7-blk-00007.ec,90,125,0.0290,23616,,,
latin7-blk-00008.ec,90,126,0.0324,27072,,,
latin7-blk-00009.ec,90,126,0.0327,27776,,,
latin8-blk-00001.ec,126,210,80.2661,49390080,,,
latin8-blk-00002.ec,126,212,93.3083,63398400,,,
latin8-blk-00003.ec,126,213,103.8528,71875584,,,
latin8-blk-00004.ec,126,214,114.8232,81497088,,,
latin8-blk-00005.ec,126,215,129.7577,92570880,,,
latin8-blk-00006.ec,126,214,112.5063,81652224,,,
latin8-blk-00007.ec,126,216,139.6195,105267712,,,
latin8-blk-00008.ec,126,217,156.9234,119867264,,,
latin8-blk-00009.ec,126,215,126.2391,92696832,,,
latin8-blk-00010.ec,126,217,159.2775,119789568,,,
latin8-blk-00011.ec,126,216,142.3689,105361920,,,
latin8-blk-00012.ec,126,217,158.6935,119932416,,,
latin8-blk-00013.ec,126,216,143.2465,105321984,,,
latin8-blk-00014.ec,126,216,142.7629,105271680,,,
latin8-blk-00015.ec,126,217,160.0319,119884800,,,
meteor.txt,60,2464,5.1179,9212,,,
sppaa01.txt,,,TO,,,,
sppaa02.txt,,,TO,,,,
sppaa03.txt,,,TO,,,,
sppaa04.txt,,,TO,,,,
sppaa05.txt,,,TO,,,,
sppaa06.txt,,,TO,,,,
sppkl01.txt,,,TO,,,,
sppkl02.txt,,,TO,,,,
sppnw01.txt,,,TO,,,,
sppnw02.txt,,,TO,,,,
sppnw03.txt,,,TO,,,,
sppnw04.txt,,,TO,,,,
sppnw05.txt,,,TO,,,,
sppnw06.txt,,,TO,,,,
sppnw07.txt,,,TO,,,,
sppnw08.txt,24,434,0.0763,285701,,,
sppnw09.txt,,,TO,,,,
sppnw10.txt,24,853,0.2945,318168,,,
sppnw11.txt,,,TO,,,,
sppnw12.txt,27,626,237.4014,496333530,,,
sppnw13.txt,,,TO,,,,
sppnw14.txt,,,TO,,,,
sppnw15.txt,31,467,0.0046,46,,,
sppnw16.txt,,,TO,,,,
sppnw17.txt,,,TO,,,,
sppnw18.txt,,,TO,,,,
sppnw19.txt,,,TO,,,,
sppnw20.txt,22,685,0.1148,538696,,,
sppnw21.txt,25,577,0.0711,291047,,,
sppnw22.txt,23,619,0.0884,286758,,,
sppnw23.txt,19,711,0.1003,80524,,,
sppnw24.txt,19,1366,0.3149,725183,,,
sppnw25.txt,20,1217,0.5505,2225105,,,
sppnw26.txt,23,771,0.6536,805896,,,
sppnw27.txt,22,1355,0.3886,1046161,,,
sppnw28.txt,18,1210,0.0114,20117,,,
sppnw29.txt,18,2540,6.7628,16937938,,,
sppnw30.txt,26,2653,3.6893,4122439,,,
sppnw31.txt,26,2662,1.2055,3450340,,,
sppnw32.txt,19,294,0.0202,127126,,,
sppnw33.txt,23,3068,3.5406,4589163,,,
sppnw34.txt,20,899,0.1909,977866,,,
sppnw35.txt,23,1709,0.3926,184967,,,
sppnw36.txt,20,1783,0.1282,25474,,,
sppnw37.txt,19,770,0.7349,3740550,,,
sppnw38.txt,23,1220,1.1542,221108,,,
sppnw39.txt,25,677,0.2811,737597,,,
sppnw40.txt,19,404,0.0605,298956,,,
sppnw41.txt,17,197,0.0224,163155,,,
sppnw42.txt,23,1079,0.6598,230326,,,
sppnw43.txt,18,1072,1.8012,5442901,,,
sppus02.txt,,,TO,,,,
sppus03.txt,,,TO,,,,
sppus04.txt,,,TO,,,,
sts15-blk-00001.ec,48,64,0.0004,576,,,
sts15-blk-00002.ec,48,72,0.0002,288,,,
sts15-blk-00003.ec,48,72,0.0001,144,,,
sts15-blk-00004.ec,48,72,0.0001,144,,,
sts15-blk-00005.ec,48,72,0.0000 (WARNING: 0 solutions),0,,,
sts15-blk-00006.ec,48,76,0.0001,40,,,
sts15-blk-00007.ec,48,76,0.0000,8,,,
sts15-blk-00008.ec,48,76,0.0001,40,,,
sts15-blk-00009.ec,48,76,0.0000,8,,,
sts15-blk-00010.ec,48,76,0.0001,64,,,
sts15-blk-00011.ec,48,76,0.0000,8,,,
sts15-blk-00012.ec,48,76,0.0000,16,,,
sts15-blk-00013.ec,48,76,0.0000,8,,,
sts15-blk-00014.ec,48,72,0.0000 (WARNING: 0 solutions),0,,,
sts15-blk-00015.ec,48,74,0.0000 (WARNING: 0 solutions),0,,,
sts15-blk-00016.ec,48,76,0.0000 (WARNING: 0 solutions),0,,,
sts15-blk-00017.ec,48,76,0.0000,16,,,
sts15-blk-00018.ec,48,76,0.0000,8,,,
sts15-blk-00019.ec,48,76,0.0001,32,,,
sts15-blk-00020.ec,48,75,0.0001,28,,,
sts15-blk-00021.ec,48,76,0.0001,40,,,
sts15-blk-00022.ec,48,74,0.0001,24,,,
sts15-blk-00023.ec,48,74,0.0001,20,,,
sts15-blk-00024.ec,48,74,0.0001,16,,,
sts15-blk-00025.ec,48,76,0.0001,20,,,
sts15-blk-00026.ec,48,76,0.0001,40,,,
sts15-blk-00027.ec,48,76,0.0001,40,,,
sts15-blk-00028.ec,48,72,0.0001,24,,,
sts15-blk-00029.ec,48,74,0.0001,16,,,
sts15-blk-00030.ec,48,74,0.0001,20,,,
sts15-blk-00031.ec,48,74,0.0001,20,,,
sts15-blk-00032.ec,48,74,0.0001,24,,,
sts15-blk-00033.ec,48,74,0.0001,48,,,
sts15-blk-00034.ec,48,74,0.0001,24,,,
sts15-blk-00035.ec,48,71,0.0001,48,,,
sts15-blk-00036.ec,48,75,0.0001,16,,,
sts15-blk-00037.ec,48,76,0.0000,8,,,
sts15-blk-00038.ec,48,76,0.0000,8,,,
sts15-blk-00039.ec,48,76,0.0001,24,,,
sts15-blk-00040.ec,48,76,0.0001,32,,,
sts15-blk-00041.ec,48,72,0.0000 (WARNING: 0 solutions),0,,,
sts15-blk-00042.ec,48,75,0.0001,24,,,
sts15-blk-00043.ec,48,74,0.0001,24,,,
sts15-blk-00044.ec,48,76,0.0001,24,,,
sts15-blk-00045.ec,48,76,0.0001,20,,,
sts15-blk-00046.ec,48,76,0.0001,24,,,
sts15-blk-00047.ec,48,75,0.0001,20,,,
sts15-blk-00048.ec,48,75,0.0001,28,,,
sts15-blk-00049.ec,48,74,0.0000 (WARNING: 0 solutions),0,,,
sts15-blk-00050.ec,48,75,0.0001,16,,,
sts15-blk-00051.ec,48,76,0.0000 (WARNING: 0 solutions),0,,,
sts15-blk-00052.ec,48,76,0.0000 (WARNING: 0 solutions),0,,,
sts15-blk-00053.ec,48,76,0.0001,48,,,
sts15-blk-00054.ec,48,76,0.0001,20,,,
sts15-blk-00055.ec,48,75,0.0001,28,,,
sts15-blk-00056.ec,48,75,0.0001,20,,,
sts15-blk-00057.ec,48,74,0.0001,24,,,
sts15-blk-00058.ec,48,76,0.0000,16,,,
sts15-blk-00059.ec,48,73,0.0001,36,,,
sts15-blk-00060.ec,48,73,0.0000,16,,,
sts15-blk-00061.ec,48,74,0.0000,24,,,
sts15-blk-00062.ec,48,74,0.0001,24,,,
sts15-blk-00063.ec,48,68,0.0002,192,,,
sts15-blk-00064.ec,48,70,0.0002,144,,,
sts15-blk-00065.ec,48,71,0.0001,96,,,
sts15-blk-00066.ec,48,72,0.0002,288,,,
sts15-blk-00067.ec,48,72,0.0001,24,,,
sts15-blk-00068.ec,48,74,0.0001,28,,,
sts15-blk-00069.ec,48,74,0.0001,16,,,
sts15-blk-00070.ec,48,73,0.0001,36,,,
sts15-blk-00071.ec,48,75,0.0001,20,,,
sts15-blk-00072.ec,48,75,0.0001,16,,,
sts15-blk-00073.ec,48,74,0.0001,20,,,
sts15-blk-00074.ec,48,75,0.0001,16,,,
sts15-blk-00075.ec,48,75,0.0001,20,,,
sts15-blk-00076.ec,48,75,0.0001,16,,,
sts15-blk-00077.ec,48,74,0.0001,20,,,
sts15-blk-00078.ec,48,73,0.0001,20,,,
sts15-blk-00079.ec,48,75,0.0001,36,,,
sts15-blk-00080.ec,48,74,0.0001,16,,,
sts15-blk-00081.ec,48,74,0.0001,20,,,
sts15-blk-00082.ec,48,74,0.0001,24,,,
sts15-blk-00083.ec,48,72,0.0000 (WARNING: 0 solutions),0,,,
sts15-blk-00084.ec,48,74,0.0001,16,,,
sts15-blk-00085.ec,48,74,0.0001,32,,,
sts15-blk-00086.ec,48,73,0.0001,8,,,
sts15-blk-00087.ec,48,74,0.0001,48,,,
sts15-blk-00088.ec,48,73,0.0001,16,,,
sts15-blk-00089.ec,48,75,0.0001,20,,,
sts15-blk-00090.ec,48,74,0.0001,48,,,
sts15-blk-00091.ec,48,72,0.0001,24,,,
sts15-blk-00092.ec,48,74,0.0001,24,,,
sts15-blk-00093.ec,48,70,0.0001,32,,,
sts15-blk-00094.ec,48,76,0.0001,8,,,
sts15-blk-00095.ec,48,75,0.0000,16,,,
sts15-blk-00096.ec,48,75,0.0001,24,,,
sts15-blk-00097.ec,48,74,0.0001,12,,,
sts15-blk-00098.ec,48,76,0.0001,24,,,
sts15-blk-00099.ec,48,76,0.0001,20,,,
sts15-blk-00100.ec,48,75,0.0001,28,,,
sts15-blk-00101.ec,48,76,0.0000,20,,,
sts15-blk-00102.ec,48,75,0.0001,24,,,
sts15-blk-00103.ec,48,76,0.0000,8,,,
sts15-blk-00104.ec,48,75,0.0001,20,,,
sts15-blk-00105.ec,48,75,0.0001,24,,,
sts15-blk-00106.ec,48,75,0.0001,20,,,
sts15-blk-00107.ec,48,75,0.0001,24,,,
sts15-blk-00108.ec,48,76,0.0001,64,,,
sts15-blk-00109.ec,48,76,0.0001,32,,,
sts15-blk-00110.ec,48,76,0.0001,48,,,
sts15-blk-00111.ec,48,76,0.0001,24,,,
sts15-blk-00112.ec,48,76,0.0001,16,,,
sts15-blk-00113.ec,48,74,0.0000 (WARNING: 0 solutions),0,,,
sts15-blk-00114.ec,48,73,0.0000 (WARNING: 0 solutions),0,,,
sts15-blk-00115.ec,48,74,0.0001,24,,,
sts15-blk-00116.ec,48,75,0.0001,16,,,
sts15-blk-00117.ec,48,72,0.0000 (WARNING: 0 solutions),0,,,
sts15-blk-00118.ec,48,76,0.0000 (WARNING: 0 solutions),0,,,
sts15-blk-00119.ec,48,76,0.0001,16,,,
sts15-blk-00120.ec,48,76,0.0001,24,,,
sts15-blk-00121.ec,48,75,0.0001,20,,,
sts15-blk-00122.ec,48,76,0.0000 (WARNING: 0 solutions),0,,,
sts15-blk-00123.ec,48,74,0.0000 (WARNING: 0 solutions),0,,,
sts15-blk-00124.ec,48,75,0.0000 (WARNING: 0 solutions),0,,,
sts15-blk-00125.ec,48,76,0.0000,16,,,
sts15-blk-00126.ec,48,74,0.0001,24,,,
sts15-blk-00127.ec,48,74,0.0000 (WARNING: 0 solutions),0,,,
sts15-blk-00128.ec,48,76,0.0001,24,,,
sts15-blk-00129.ec,48,76,0.0001,40,,,
sts15-blk-00130.ec,48,76,0.0001,12,,,
sts15-blk-00131.ec,48,75,0.0001,24,,,
sts15-blk-00132.ec,48,76,0.0001,28,,,
sts15-blk-00133.ec,48,76,0.0001,20,,,
sts15-blk-00134.ec,48,76,0.0001,28,,,
sts15-blk-00135.ec,48,73,0.0001,28,,,
sts15-blk-00136.ec,48,74,0.0001,16,,,
sts15-blk-00137.ec,48,74,0.0001,16,,,
sts15-blk-00138.ec,48,74,0.0001,20,,,
sts15-blk-00139.ec,48,73,0.0000 (WARNING: 0 solutions),0,,,
sts15-blk-00140.ec,48,76,0.0001,48,,,
sts15-blk-00141.ec,48,75,0.0001,20,,,
sts15-blk-00142.ec,48,74,0.0001,20,,,
sts15-blk-00143.ec,48,76,0.0001,16,,,
sts15-blk-00144.ec,48,76,0.0001,16,,,
sts15-blk-00145.ec,48,74,0.0001,24,,,
sts15-blk-00146.ec,48,75,0.0001,28,,,
sts15-blk-00147.ec,48,74,0.0001,28,,,
sts15-blk-00148.ec,48,74,0.0001,28,,,
sts15-blk-00149.ec,48,76,0.0001,24,,,
sts15-blk-00150.ec,48,73,0.0001,16,,,
sts15-blk-00151.ec,48,75,0.0001,28,,,
sts15-blk-00152.ec,48,75,0.0001,24,,,
sts15-blk-00153.ec,48,72,0.0001,64,,,
sts15-blk-00154.ec,48,72,0.0001,40,,,
sts15-blk-00155.ec,48,76,0.0001,40,,,
sts15-blk-00156.ec,48,76,0.0000,8,,,
sts15-blk-00157.ec,48,76,0.0001,24,,,
sts19-blk-00001.ec,96,256,108.6580,47112192,,,
sts19-blk-00002.ec,96,260,87.3210,25436160,,,
sts19-blk-00003.ec,96,264,88.5891,23003136,,,
sts19-blk-00004.ec,96,264,85.0023,21639168,,,
sts19-blk-00005.ec,96,264,87.8310,23003136,,,
sts19-blk-00006.ec,96,264,87.0749,21639168,,,
sts19-blk-00007.ec,96,264,97.7086,27365376,,,
sts19-blk-00008.ec,96,264,95.8313,27445248,,,
sts19-blk-00009.ec,96,262,92.3462,24591360,,,
sts19-blk-00010.ec,96,266,103.7794,30303744,,,
sts19-blk-00011.ec,96,266,105.3012,30508032,,,
sts19-blk-00012.ec,96,266,104.7149,30303744,,,
sts19-blk-00013.ec,96,266,105.8764,30508032,,,
sts19-blk-00014.ec,96,268,113.3409,38128128,,,
sts19-blk-00015.ec,96,268,113.1548,38164992,,,
sts19-blk-00016.ec,96,268,113.0021,38128128,,,
sts19-blk-00017.ec,96,268,113.0649,38164992,,,
sts19-blk-00018.ec,96,268,117.3404,37946880,,,
sts19-blk-00019.ec,96,268,117.4721,37946880,,,
sts19-blk-00020.ec,96,268,115.9813,37946880,,,
sts19-blk-00021.ec,96,268,120.0192,38367744,,,
sts19-blk-00022.ec,96,268,119.4905,38367744,,,
sts19-blk-00023.ec,96,268,119.5028,37260288,,,
sts19-blk-00024.ec,96,268,102.3874,36485120,,,
sts19-blk-00025.ec,96,268,102.2976,36485120,,,
sts19-blk-00026.ec,96,268,103.1936,36718848,,,
sts19-blk-00027.ec,96,266,95.6963,32553984,,,
sts19-blk-00028.ec,96,270,107.9888,40126720,,,
sts19-blk-00029.ec,96,270,110.5719,41524160,,,
sts19-blk-00030.ec,96,270,107.6030,40126720,,,
sts19-blk-00031.ec,96,270,112.3374,41524160,,,
sts19-blk-00032.ec,96,270,110.2270,41524160,,,
sts19-blk-00033.ec,96,264,71.7722,25237504,,,
sts19-blk-00034.ec,96,268,71.1679,25362432,,,
sts19-blk-00035.ec,96,268,72.0600,25006080,,,
sts19-blk-00036.ec,96,268,71.1292,25362432,,,
sts19-blk-00037.ec,96,268,71.8144,25006080,,,
sts19-blk-00038.ec,96,268,93.1569,35475456,,,
sts19-blk-00039.ec,96,266,89.0327,31909632,,,
sts19-blk-00040.ec,96,270,97.7801,39274496,,,
sts19-blk-00041.ec,96,270,100.4231,40048256,,,
sts19-blk-00042.ec,96,270,97.2645,39274496,,,
sts19-blk-00043.ec,96,270,99.7854,40048256,,,
sts19-blk-00044.ec,96,264,83.3474,27882496,,,
sts19-blk-00045.ec,96,268,98.6282,34878464,,,
sts19-blk-00046.ec,96,268,96.7203,35432320,,,
sts19-blk-00047.ec,96,268,97.3041,34878464,,,
sts19-blk-00048.ec,96,268,98.3513,35432320,,,
sts19-blk-00049.ec,96,268,102.9999,39572736,,,
sts19-blk-00050.ec,96,268,104.6066,39455104,,,
sts19-blk-00051.ec,96,268,100.7779,38405504,,,
sts19-blk-00052.ec,96,270,109.7002,44378688,,,
sts19-blk-00053.ec,96,270,111.1771,44862976,,,
sts19-blk-00054.ec,96,270,110.2665,44378688,,,
sts19-blk-00055.ec,96,270,110.6556,44862976,,,
sts19-blk-00056.ec,96,270,115.0019,45933696,,,
sts19-blk-00057.ec,96,270,114.3823,45933696,,,
sts19-blk-00058.ec,96,268,103.3480,39572736,,,
sts19-blk-00059.ec,96,268,104.5140,39455104,,,
sts19-blk-00060.ec,96,268,101.5399,38405504,,,
sts19-blk-00061.ec,96,270,111.7900,44378688,,,
sts19-blk-00062.ec,96,270,109.8541,44862976,,,
sts19-blk-00063.ec,96,270,116.2684,45933696,,,
sts19-blk-00064.ec,96,268,102.7127,38533888,,,
sts19-blk-00065.ec,96,268,101.8732,38533888,,,
sts19-blk-00066.ec,96,270,113.3467,45172736,,,
sts19-blk-00067.ec,96,270,112.5441,45172736,,,
sts19-blk-00068.ec,96,270,111.9755,45172736,,,
sts19-blk-00069.ec,96,270,112.0998,45172736,,,
sts19-blk-00070.ec,96,270,114.2860,45568768,,,
sts19-blk-00071.ec,96,270,115.4270,45568768,,,
sts19-blk-00072.ec,96,270,114.5043,45385984,,,
sts19-blk-00073.ec,96,270,116.8466,45385984,,,
sts19-blk-00074.ec,96,270,113.4608,44200960,,,
sts19-blk-00075.ec,96,272,49.7581,26302464,,,
sts19-blk-00076.ec,96,272,51.9331,26772480,,,
sts19-blk-00077.ec,96,272,50.5297,26302464,,,
sts19-blk-00078.ec,96,272,52.4634,26772480,,,
sts19-blk-00079.ec,96,272,80.9596,41532416,,,
sts19-blk-00080.ec,96,272,83.0747,42472128,,,
sts19-blk-00081.ec,96,272,81.2079,41532416,,,
sts19-blk-00082.ec,96,272,81.5898,42472128,,,
sts19-blk-00083.ec,96,272,70.1855,28114432,,,
sts19-blk-00084.ec,96,272,65.5424,26772480,,,
sts19-blk-00085.ec,96,272,69.7966,28114432,,,
sts19-blk-00086.ec,96,272,70.2446,28114432,,,
sts19-blk-00087.ec,96,272,93.9453,43773504,,,
sts19-blk-00088.ec,96,272,91.3305,42472128,,,
sts19-blk-00089.ec,96,272,93.4368,43773504,,,
sts19-blk-00090.ec,96,272,94.2110,43773504,,,
sts19-blk-00091.ec,96,272,91.6984,47530752,,,
sts19-blk-00092.ec,96,272,91.6946,47263488,,,
sts19-blk-00093.ec,96,272,92.3297,47530752,,,
sts19-blk-00094.ec,96,272,91.8360,47263488,,,
sts19-blk-00095.ec,96,272,94.1326,49273728,,,
sts19-blk-00096.ec,96,272,94.8033,49273728,,,
sts19-blk-00097.ec,96,272,90.9691,47530752,,,
sts19-blk-00098.ec,96,272,90.9657,47263488,,,
sts19-blk-00099.ec,96,272,94.2297,49273728,,,
sts19-blk-00100.ec,96,272,94.8845,49273728,,,
sts19-blk-00101.ec,96,272,100.5233,50310784,,,
sts19-blk-00102.ec,96,272,98.6522,50310784,,,
sts19-blk-00103.ec,96,272,100.3607,51215872,,,
sts19-blk-00104.ec,96,272,102.0243,52198272,,,
sts19-blk-00105.ec,96,272,100.1419,51215872,,,
sts19-blk-00106.ec,96,272,101.0215,52198272,,,
sts19-blk-00107.ec,96,272,101.4887,52580608,,,
sts19-blk-00108.ec,96,272,100.6791,52580608,,,
sts19-blk-00109.ec,96,272,100.6091,51215872,,,
sts19-blk-00110.ec,96,272,100.7010,52198272,,,
sts19-blk-00111.ec,96,272,101.4701,52580608,,,
sts19-blk-00112.ec,96,272,98.6403,52580608,,,
sts19-blk-00113.ec,96,272,97.1546,51417728,,,
sts19-blk-00114.ec,96,272,95.9370,51417728,,,
sts19-blk-00115.ec,96,272,98.7557,53519488,,,
sts19-blk-00116.ec,96,272,97.7649,52198272,,,
sts19-blk-00117.ec,96,272,100.0705,53519488,,,
sts19-blk-00118.ec,96,272,99.3934,53142240,,,
sts19-blk-00119.ec,96,272,99.9831,53142240,,,
sts19-blk-00120.ec,96,272,100.8620,53519488,,,
sts19-blk-00121.ec,96,272,100.5561,53142240,,,
sts19-blk-00122.ec,96,272,100.0660,53142240,,,
sts19-blk-00123.ec,96,272,100.5017,51520384,,,
sts19-blk-00124.ec,96,272,99.2213,51520384,,,
sts19-blk-00125.ec,96,272,49.5301,26302464,,,
sts19-blk-00126.ec,96,272,50.6989,26772480,,,
sts19-blk-00127.ec,96,272,80.4136,41532416,,,
sts19-blk-00128.ec,96,272,80.4331,42472128,,,
sts19-blk-00129.ec,96,272,67.8872,28114432,,,
sts19-blk-00130.ec,96,272,90.6872,43773504,,,
sts19-blk-00131.ec,96,272,91.2084,43773504,,,
sts19-blk-00132.ec,96,272,89.9699,47530752,,,
sts19-blk-00133.ec,96,272,88.7360,47263488,,,
sts19-blk-00134.ec,96,272,93.4602,49273728,,,
sts19-blk-00135.ec,96,272,92.8075,49273728,,,
sts19-blk-00136.ec,96,272,99.1490,50310784,,,
sts19-blk-00137.ec,96,272,98.5255,50310784,,,
sts19-blk-00138.ec,96,272,99.7268,51215872,,,
sts19-blk-00139.ec,96,272,98.2351,52198272,,,
sts19-blk-00140.ec,96,272,101.1653,52580608,,,
sts19-blk-00141.ec,96,272,100.9719,52580608,,,
sts19-blk-00142.ec,96,272,99.7775,51417728,,,
sts19-blk-00143.ec,96,272,99.1189,51417728,,,
sts19-blk-00144.ec,96,272,101.4744,53519488,,,
sts19-blk-00145.ec,96,272,102.9823,53142240,,,
sts19-blk-00146.ec,96,272,103.5104,53142240,,,
sts19-blk-00147.ec,96,272,100.5621,51520384,,,
sts19-blk-00148.ec,96,272,101.4524,51520384,,,
sts19-blk-00149.ec,96,272,108.0688,50634240,,,
sts19-blk-00150.ec,96,272,105.1672,50634240,,,
sts19-blk-00151.ec,96,272,106.2687,50634240,,,
sts19-blk-00152.ec,96,272,106.9160,50634240,,,
sts19-blk-00153.ec,96,272,107.3917,50281984,,,
sts19-blk-00154.ec,96,272,106.8407,50281984,,,
sts19-blk-00155.ec,96,272,111.5645,54046688,,,
sts19-blk-00156.ec,96,272,111.0918,54046688,,,
sts19-blk-00157.ec,96,272,111.5032,54046688,,,
sts19-blk-00158.ec,96,272,111.4474,54046688,,,
sts19-blk-00159.ec,96,272,111.4850,53322688,,,
sts19-blk-00160.ec,96,272,110.5814,53322688,,,
sts19-blk-00161.ec,96,272,113.1299,54046688,,,
sts19-blk-00162.ec,96,272,113.1837,54046688,,,
sts19-blk-00163.ec,96,272,111.2206,53322688,,,
sts19-blk-00164.ec,96,272,110.0468,53322688,,,
sts19-blk-00165.ec,96,272,96.7530,48979968,,,
sts19-blk-00166.ec,96,272,100.0845,48979968,,,
sts19-blk-00167.ec,96,272,110.4429,53872128,,,
sts19-blk-00168.ec,96,272,109.3882,53872128,,,
sts19-blk-00169.ec,96,272,110.0449,53872128,,,
sts19-blk-00170.ec,96,262,84.2120,22616064,,,
sts19-blk-00171.ec,96,263,83.0386,21067776,,,
sts19-blk-00172.ec,96,264,94.4057,27365376,,,
sts19-blk-00173.ec,96,265,99.5930,29178624,,,
sts19-blk-00174.ec,96,264,94.4259,27245568,,,
sts19-blk-00175.ec,96,266,101.9754,31067136,,,
sts19-blk-00176.ec,96,263,91.3327,25900800,,,
sts19-blk-00177.ec,96,265,98.6216,28667136,,,
sts19-blk-00178.ec,96,265,97.9699,27748608,,,
sts19-blk-00179.ec,96,266,101.9546,29760000,,,
sts19-blk-00180.ec,96,264,95.0081,26846208,,,
sts19-blk-00181.ec,96,266,102.2380,30303744,,,
sts19-blk-00182.ec,96,265,100.9100,28167168,,,
sts19-blk-00183.ec,96,266,103.1442,29919744,,,
sts19-blk-00184.ec,96,264,93.7913,27293184,,,
sts19-blk-00185.ec,96,265,97.6860,28839936,,,
sts19-blk-00186.ec,96,266,102.4091,30508032,,,
sts19-blk-00187.ec,96,264,96.7437,26652672,,,
sts19-blk-00188.ec,96,266,102.7045,29919744,,,
sts19-blk-00189.ec,96,267,105.4240,33977856,,,
sts19-blk-00190.ec,96,268,107.3262,36820224,,,
sts19-blk-00191.ec,96,266,103.8492,31767552,,,
sts19-blk-00192.ec,96,268,113.0490,37508736,,,
sts19-blk-00193.ec,96,267,106.9897,34482048,,,
sts19-blk-00194.ec,96,268,114.9032,37522944,,,
sts19-blk-00195.ec,96,267,109.2684,34310016,,,
sts19-blk-00196.ec,96,267,108.6137,34335360,,,
sts19-blk-00197.ec,96,268,110.6221,37590144,,,
sts19-blk-00198.ec,96,266,101.9270,31473024,,,
sts19-blk-00199.ec,96,268,110.5988,36874752,,,
sts19-blk-00200.ec,96,267,107.5364,33980928,,,
tetrominoes_4x5.txt,20,161,0.0004,454,,,
tetrominoes_4x7.txt,28,257,0.0067,9157,,,
tetrominoes_6x6.txt,36,381,0.1561,178939,,,
tetrominoes_6x8.txt,48,553,20.7351,22483347,,,
tetrominoes_8x8.txt,,,TO,,,,
