Instance,#cols,#rows,DXZ,Solutions,Max Blocks,|ZDD|,|DNNF|
AsnetAm.txt,102,928,0.3301,20064184773096211440000,,281910,
AttMpls.txt,34,124,0.0012,138690000,,2087,
Bellcanada.txt,85,934,0.0609,1366309453307994000,,37327,
Bellsouth.txt,84,678,0.0104,794988832250372760,,8613,
BeyondTheNetwork.txt,75,928,0.0228,7960497608448,,18014,
BtNorthAmerica.txt,55,250,0.0009,17798747645952,,1518,
Cernet.txt,56,237,0.0006,13037563816704,,1039,
Cesnet200706.txt,42,283,0.0091,14399767872,,14412,
Cesnet201006.txt,41,188,0.0004,61223500800,,767,
Chinanet.txt,34,135,0.0002,7691190,,271,
Cogentco.txt,349,22725,,,,,
Colt.txt,264,10901,,,,,
Columbus.txt,125,715,1.6678,7165052741677388207,,934487,
Cudi.txt,71,468,0.0189,9995373489286260,,24056,
Deltacom.txt,193,955,0.0578,3951934041188949052559872439407542961305600,,51709,
DeutscheTelekom.txt,68,283,0.0009,1569482805945600,,1427,
Dfn.txt,93,394,0.0036,164585098635804000,,4957,
DialtelecomCz.txt,246,1810,11.6186,20366989272352555948677506647823731884000,,4420922,
Esnet.txt,115,8971,4.9314,2404212918172947720,,107704,
Forthnet.txt,84,414,0.0491,29464511615072976,,49552,
Garr200902.txt,70,305,0.0013,7824905716064400,,2109,
Garr200908.txt,67,312,0.0019,463471976167200,,3066,
Garr200909.txt,73,272,0.0007,622464874416000,,1155,
Garr200912.txt,69,374,0.0022,2122763494916064,,3360,
Garr201001.txt,82,333,0.0010,4162117365182599680,,1589,
Garr201003.txt,72,313,0.0024,39991147739136,,3839,
Garr201004.txt,92,2459,0.4635,2825001498839593800,,120936,
Garr201005.txt,81,319,0.0028,7087148919474624,,4429,
Garr201007.txt,85,643,0.0187,5336270947998010944,,20124,
Garr201008.txt,69,352,0.0021,388166930756280,,3291,
Garr201010.txt,93,1682,0.2056,148027474414443820,,120278,
Garr201012.txt,83,376,0.0039,97131756402639000,,6113,
Garr201101.txt,83,4082,1.4235,2733651895783360,,136146,
Garr201102.txt,74,389,0.0045,289496337962113800,,7041,
Garr201103.txt,93,607,0.0115,188664499520640000,,12693,
Garr201104.txt,91,583,0.0200,16136087602223714400,,25862,
Garr201105.txt,78,464,0.0067,1513246451090613120,,9462,
Garr201107.txt,91,499,0.0066,936844463116800,,8384,
Garr201108.txt,84,404,0.0030,12012866735768260800,,4382,
Garr201109.txt,89,561,0.0114,132270243712681500,,12628,
Garr201110.txt,78,413,0.0031,14056537029740766,,3766,
Garr201111.txt,86,463,0.0064,5792755250563929648,,8949,
Garr201112.txt,89,1483,0.2169,374638307489310900,,71770,
Garr201201.txt,78,489,0.0036,503920288213159104,,4446,
Geant2009.txt,55,322,0.0094,405899646567480,,14484,
Geant2010.txt,68,378,0.0044,49350233892960,,6390,
Geant2012.txt,62,312,0.0020,8453062741836,,3109,
Globenet.txt,127,1176,0.1283,3614360512588884541440,,82090,
GtsCe.txt,267,7003,,,,,
HiberniaGlobal.txt,105,851,0.2678,2074561928035084800000,,158122,
Highwinds.txt,29,123,0.0004,2620625,,633,
Iij.txt,48,352,0.0388,74717787200,,43085,
Intellifiber.txt,139,10057,51.8025,110051733253260230790546816,,6253348,
Internode.txt,66,473,0.0097,656798976200400,,13343,
Interoute.txt,152,766,0.0073,92298128982085591042551065289360000,,9954,
Intranetwork.txt,73,337,0.0011,33747703235280000,,1933,
Ion.txt,,,TO,,,,
Iris.txt,82,278,0.0008,71342977305600000,,1226,
Kdl.txt,339,187759,0.3197 (WARNING: 0 solutions),0,,0,
Latnet.txt,106,501,0.0049,304291353642490026193920,,6876,
Missouri.txt,109,430,0.0028,57105820983404196432000,,4419,
Ntelos.txt,78,370,0.0010,12204588447222183936,,1740,
Ntt.txt,40,210,0.0007,8386993056,,1128,
Oteglobe.txt,151,809,0.1889,58932142778298816678592512000,,147565,
Palmetto.txt,69,285,0.0009,873985074811200,,1468,
Pern.txt,64,392,0.0031,768839913291780,,4863,
PionierL3.txt,65,279,0.0039,11411355795840,,6341,
RedBestel.txt,150,839,0.0644,1619510434492756271902713446400,,58337,
Renater2010.txt,69,306,0.0008,54096125107736880,,1389,
RoedunetFibre.txt,69,250,0.0008,621254814919200,,1473,
Sinet.txt,66,1545,0.0484,15071837050368,,5479,
Surfnet.txt,88,611,0.1203,3342855333091997118,,110995,
Switch.txt,120,634,0.0579,2279438093318474291882336,,60325,
SwitchL3.txt,54,226,0.0004,2814573775104,,718,
Syringa.txt,126,683,0.4057,10089788438219191257523968000,,245364,
TataNld.txt,247,1196,2.5859,116699270316984507028179654846752222085120000,,1292977,
Telcove.txt,113,1655,0.2474,74165451814712814103255500,,167259,
Tinet.txt,94,548,0.0104,13027376900512716134400,,14557,
Tw.txt,126,868,0.0237,3790029909358778736510720000,,24357,
Ulaknet.txt,84,2437,0.1894,756492510715200,,24032,
Uninett2010.txt,138,1439,1.6996,120545239248463249868042304,,820201,
Uninett2011.txt,,,TO,,,,
UsCarrier.txt,272,2973,7.7840,132299646414148921973967297061663323763487466000,,3087742,
UsSignal.txt,102,631,0.1432,3542621686896383831250,,153875,
Uunet.txt,64,267,0.0021,1505816007051840,,2954,
VtlWavenet2008.txt,160,721,0.3628,124108206211482212912333137920,,266842,
VtlWavenet2011.txt,167,804,0.3157,2067181203168727884189854085729600,,210759,
bell-06.ec,6,63,0.0001,203,,153,
bell-07.ec,7,127,0.0002,877,,423,
bell-08.ec,8,255,0.0007,4140,,1221,
bell-09.ec,9,511,0.0033,21147,,3536,
bell-10.ec,10,1023,0.0181,115975,,10353,
bell-11.ec,11,2047,0.1020,678570,,30548,
bell-12.ec,12,4095,0.5455,4213597,,90621,
delta.txt,126,1194,0.4164,78,,331,
dominoes_10x10.txt,100,180,0.1855,258500842280,,13547,
dominoes_10x12.txt,120,218,0.2239,65727306209773,,17596,
dominoes_12x12.txt,144,264,1.0128,53060477521960000,,73857,
dominoes_8x10.txt,80,142,0.0473,1031151241,,3209,
dominoes_8x8.txt,64,112,0.0344,12988816,,2316,
doublefact-09.ec,10,45,0.0001,945,,332,
doublefact-11.ec,12,66,0.0005,10395,,1076,
doublefact-13.ec,14,91,0.0013,135135,,3361,
doublefact-15.ec,16,120,0.0042,2027025,,10226,
doublefact-17.ec,18,153,0.0136,34459425,,30510,
doublefact-19.ec,20,190,0.0551,654729075,,89665,
doublefact-21.ec,22,231,0.2127,13749310575,,260376,
doublefact-23.ec,24,276,0.7011,316234143225,,748776,
doublefact-25.ec,26,325,2.1371,7905853580625,,2135980,
doublefact-27.ec,28,378,8.5403,213458046676875,,6052004,
doublefact-29.ec,30,435,25.5947,6190283353629375,,17048550,
exotic_fives.txt,72,2440,170.1046,31533,,184086,
grafo10006.98.txt,158,985,43.1296,272471106390199377402034931930,,18189059,
grafo10017.96.txt,169,6421,40.3388,1126371818560262602512242856,,12888238,
grafo10072.97.txt,158,798,40.0976,13259003119547347051187296,,15347230,
grafo10084.97.txt,164,1260,4.8528,2215710702367944079837593600,,2519972,
grafo10093.98.txt,160,653,0.0134,12011373629043051434493001680,,16963,
grafo10099.94.txt,153,885,4.3971,39349051696435393361131802792386560,,2182065,
grafo10100.99.txt,169,735,11.0275,7977811134928620432600,,4830032,
grafo10105.93.txt,163,2363,19.0823,1235532278470124343996396000,,7765871,
grafo10112.98.txt,170,1324,0.3848,12692278449485651553820752512837640,,241583,
grafo10113.94.txt,149,719,0.3396,13552406625123665520153488091360,,250796,
grafo10116.100.txt,174,2644,,,,,
grafo10124.100.txt,165,699,7.6809,148038655539174183605749758300,,3635134,
grafo10126.98.txt,176,1728,,,,,
grafo10129.99.txt,168,4020,7.1690,198551632611166496818833600,,2382989,
grafo10130.97.txt,181,16885,,,,,
grafo10146.97.txt,160,898,20.5977,36084888290235633242565472,,8868844,
grafo10151.94.txt,163,1536,,,,,
grafo10153.100.txt,164,1183,,,,,
grafo10156.97.txt,155,770,4.2145,20350788179756775262699366145880,,2311736,
grafo10160.96.txt,174,5415,40.4238,14752172374814295543468672,,15761923,
grafo10161.99.txt,178,3163,91.9473,7498229750941455612172616771208,,37741629,
grafo10162.93.txt,155,1380,1.8287,16943723066030712130728,,725912,
grafo10164.98.txt,159,4860,2.9593,3832204204851047972904160,,581422,
grafo10171.99.txt,165,1055,42.0837,15378285083017458375052636984,,18259977,
grafo10173.97.txt,162,1258,,,,,
grafo10175.99.txt,157,657,1.5362,85388296714611191939078722512,,805524,
grafo10176.97.txt,164,1110,2.7088,110391653311181502378615222000,,1356606,
grafo10179.97.txt,165,1247,213.1659,3281797481363785678928469210,,,
grafo10184.100.txt,168,984,0.2002,774260303763303208390801489920,,139876,
grafo10195.99.txt,167,683,0.7429,190292079107394297194953680,,427960,
grafo10203.97.txt,152,748,0.0654,60240136444714215336356779770000,,54977,
grafo10204.100.txt,165,1280,21.0258,29653634220956689822243990543620,,9139097,
grafo10205.97.txt,157,808,2.2776,1047098415602374598602584000,,1202289,
grafo10207.98.txt,156,891,0.3240,407524009110382244942767825920,,213304,
grafo10209.99.txt,160,838,3.0733,1778405449717739049871792464,,1493393,
grafo10215.93.txt,149,638,0.0515,4429033439896804903015219200,,50463,
grafo10218.99.txt,172,1568,,,,,
grafo10220.97.txt,159,1339,3.6346,1790803918795800975261000000,,1908685,
grafo10223.100.txt,158,1123,1.0633,328757268525449878800124560,,519374,
grafo10237.100.txt,169,3988,,,,,
grafo10244.99.txt,169,1740,96.0716,9063529462889658358520613552,,36552262,
grafo10250.100.txt,162,906,1.9699,114853934521809322735985295360,,1068537,
grafo10259.100.txt,178,3900,2.8903,64248824441935463807851574382,,541183,
grafo10262.100.txt,159,720,0.7794,6525746259024633846681600,,447768,
grafo10265.100.txt,154,527,0.0817,32094343893604867070884746240,,61849,
grafo10266.94.txt,146,604,0.0448,110801121815568366975240,,44114,
grafo10269.99.txt,165,1798,7.9826,380480960212526987313930000,,3493265,
grafo10273.97.txt,160,1216,8.6587,33635959924701462697224504000,,3704393,
grafo10275.97.txt,156,899,3.0308,244643951180904348970673677224,,1440719,
grafo10288.95.txt,151,639,0.1146,67924379474503634175654704000,,99480,
grafo10291.93.txt,145,744,0.6070,8089182960223746111277546359360,,349430,
grafo10292.100.txt,185,7094,,,,,
grafo10293.99.txt,166,870,0.1460,1189967169400391312521176624192,,98966,
grafo10297.98.txt,159,712,0.0381,5047361956059511058420258045952,,41429,
grafo10298.97.txt,161,887,2.6761,6411956755318891248938904345600,,1338769,
grafo10303.96.txt,164,749,0.1574,336623282871798635541043488000,,126006,
grafo10305.100.txt,179,1630,0.3151,292616449355000172969265830912,,176089,
grafo10318.98.txt,162,1251,32.9184,160075982472899032252173236160,,12592229,
grafo10325.96.txt,157,888,,,,,
grafo10327.97.txt,158,709,1.2350,6668191872233180852367168,,665611,
grafo10339.95.txt,153,1082,34.5617,154016263775635045484598360,,13584273,
grafo10346.97.txt,152,602,0.8054,85352803321813705564434487680,,377547,
grafo10351.97.txt,154,1482,6.1912,3038905037451107695297801625,,2907959,
grafo10353.99.txt,161,735,42.0532,577766361841258571670729600,,16500021,
grafo10354.99.txt,161,728,0.0570,2635922965070113457943960,,50471,
grafo10359.95.txt,154,982,2.5213,21227801801995043517403231970880,,1141068,
grafo10362.94.txt,157,1134,,,,,
grafo10365.97.txt,175,2806,124.0854,25575665773078741736904396,,37214172,
grafo10369.100.txt,165,1164,5.2964,162269578159908999873968160,,2447000,
grafo10382.94.txt,165,11101,,,,,
grafo10383.99.txt,179,1810,,,,,
grafo10387.97.txt,157,704,0.0776,930997979683065433752600,,68527,
grafo10388.95.txt,165,1171,7.0825,100871271571286563976946948624,,3018386,
grafo10393.96.txt,172,1111,,,,,
grafo10405.97.txt,160,3673,5.3634,422648800154234723817440,,1473322,
grafo10409.96.txt,154,775,0.3900,139058476479714794419701648,,226381,
grafo10416.96.txt,154,891,0.7329,271249180459292492843434776,,473573,
grafo10418.100.txt,160,833,0.0322,147754061920021215867995714457600,,36394,
grafo10420.97.txt,156,770,0.0676,40799332872710765774848481424384,,64390,
grafo10421.99.txt,167,1119,1.7020,52350402903229612656419750400,,893061,
grafo10426.100.txt,177,982,40.7904,1827797067468109638242980393082096,,16433451,
grafo10432.99.txt,164,839,3.5681,39585030704867624378340600668160,,1575230,
grafo10434.98.txt,170,13460,,,,,
grafo10436.95.txt,161,1595,2.9823,4397495877745499771502988640640,,1437653,
grafo10441.98.txt,,,TO,,,,
grafo10444.100.txt,169,904,0.9067,16141694039854526732472576000000,,629678,
grafo10445.94.txt,165,1655,2.5776,139093053337462147403268096,,1239494,
grafo10446.95.txt,146,592,0.1359,1406626619252431805138851200,,88520,
grafo10452.94.txt,152,677,0.0372,1302522886890895552129225440,,38817,
grafo10453.97.txt,159,712,0.2362,978085055060719586502813757440,,177325,
grafo10467.100.txt,156,848,0.4784,829005255557150402856812544000,,323539,
grafo10469.100.txt,166,769,3.6490,29833391744907475521984,,1840501,
grafo10474.94.txt,169,5123,58.8389,379074909018099214651488,,21873175,
grafo10484.99.txt,171,1813,1.5655,2800300383570008750673277875,,833573,
grafo10488.98.txt,162,883,0.0725,147530693993345834083200,,59212,
grafo10489.95.txt,164,6020,,,,,
grafo10491.97.txt,169,3856,,,,,
grafo10492.96.txt,164,4638,64.6182,38385092889215558709646608,,21892360,
grafo10496.98.txt,176,3413,,,,,
grafo10501.96.txt,157,847,0.5253,60200824737438188138649600000,,347262,
grafo10502.91.txt,146,1113,1.3514,17145714310767787059504,,685003,
grafo10508.100.txt,183,5889,,,,,
grafo10516.94.txt,156,915,42.7099,15349711122512351824387104,,18174016,
grafo10522.99.txt,164,2148,0.7368,1362396344215079666562581191680,,300499,
grafo10523.97.txt,161,1455,1.9265,2582091205626879955768320,,788472,
grafo10532.99.txt,163,953,6.5901,462566121904987146278607062688,,2885130,
grafo10533.100.txt,166,1116,9.9324,75764857535860831884117103184352000,,4172759,
grafo10534.100.txt,165,915,0.5290,6190408588157272937200357916356608,,349060,
grafo10536.99.txt,154,737,0.5942,89947113720736152688205852520,,425839,
grafo10537.95.txt,164,6323,,,,,
grafo10538.100.txt,176,931,,,,,
grafo10547.94.txt,160,1118,1.7705,6784952125033040430938400,,950745,
grafo10549.99.txt,171,1562,0.2843,1145040940241452014901674319885248,,182224,
grafo10552.96.txt,170,1188,20.8611,20889189870809500241567463732,,8786734,
grafo10560.95.txt,156,830,0.3052,10454917675207673432929607718912,,236207,
grafo10575.99.txt,173,1229,40.4163,290401264008949854573481499040,,15786640,
grafo10577.100.txt,182,2713,191.6439,289452950354569046440781896512,,63228262,
grafo10578.96.txt,165,957,3.8413,59437323231793271781305400,,1877959,
grafo10586.100.txt,162,827,0.7022,3148494801299673548445909600,,379629,
grafo10589.93.txt,165,1318,20.7496,48906269999337293049166893934,,8767513,
grafo10592.98.txt,157,799,0.1587,2607343682329504256862467094951600,,130373,
grafo10596.99.txt,156,696,1.0847,112573774918535869185914200320,,538907,
grafo10603.100.txt,162,554,2.3872,670512137201452348880000,,1248289,
grafo10608.93.txt,155,823,1.1111,2731821039316855290098374368,,624118,
grafo10624.91.txt,149,701,0.0292,28252598579182428029482758660,,32720,
grafo10626.100.txt,163,636,0.0540,123805968402809495607386400,,47741,
grafo10630.94.txt,158,837,11.3319,42203059497998750551687360,,4421737,
grafo10632.100.txt,164,1556,1.2335,574873728665588253232036281576000,,702866,
grafo10633.100.txt,179,4742,,,,,
grafo10634.96.txt,170,1196,26.7492,1654661607863151503791546470072,,10717545,
grafo10635.95.txt,163,840,9.2802,71356614508593506783205120,,4361990,
grafo10637.94.txt,152,600,0.2449,11214433932496991100576672,,176595,
grafo10638.100.txt,162,599,3.9075,186453077689245827319552,,1731542,
grafo10644.100.txt,163,804,0.7043,465721805127078320112415926,,430313,
grafo10646.100.txt,164,665,4.2517,9820844339917672108320000,,2102070,
grafo10648.98.txt,161,1387,0.3049,356474569742739338284800,,113849,
grafo10650.98.txt,164,3301,12.2187,34469986930722665255421960,,4892380,
grafo10652.100.txt,178,2919,,,,,
grafo10653.100.txt,181,1712,3.2496,1342945475430854403482774400,,1258544,
grafo10662.100.txt,168,829,54.8259,27178264737136355130266792160,,20244767,
grafo10663.99.txt,157,790,0.0510,10004537904397046812627562880,,42675,
grafo10670.100.txt,171,13528,72.2440,8990527628570146924938508836,,341355,
grafo10671.100.txt,176,1520,,,,,
grafo10674.99.txt,161,1282,,,,,
grafo10676.100.txt,155,741,0.2640,88449251051691116273910908805120,,187416,
grafo10685.98.txt,157,783,0.3036,18933970214606610605994945868800,,184123,
grafo10688.95.txt,170,1972,68.0158,7478249147928664184000711424,,23032371,
grafo10689.98.txt,167,1962,1.1017,1370682840424281115042080000,,577588,
grafo10693.98.txt,156,733,0.1586,15811121663230543469294733740160,,144371,
grafo10694.96.txt,164,9574,,,,,
grafo10695.98.txt,157,746,0.0819,152426309856396886819860480,,75761,
grafo10696.99.txt,169,1113,3.5318,5204295119772122743131779016000,,1747241,
grafo10698.95.txt,150,683,0.0553,195624642073083526902416762880,,58369,
grafo10700.98.txt,159,705,0.1613,2303423420658486348064432128000,,132681,
grafo10712.98.txt,167,1341,0.2195,87350475221980225179971773660000,,155578,
grafo10713.92.txt,163,1518,,,,,
grafo10714.99.txt,166,3959,4.7581,753274529425123951158772320,,1170668,
grafo10722.96.txt,155,1546,1.3226,7181570767061926043280,,667777,
grafo10726.99.txt,170,1087,63.0259,1169399311839227212851048083244,,23742852,
grafo10735.99.txt,,,TO,,,,
grafo10736.99.txt,165,1087,3.8420,654533297175705995389488840,,1850869,
grafo10737.99.txt,162,972,5.4850,948450972521583413184960,,2547583,
grafo10750.100.txt,167,923,0.7921,79424048531055784214151971742570,,509816,
grafo10758.96.txt,159,1112,0.0655,14393936331269128652052040205472000,,55111,
grafo10760.96.txt,168,1424,,,,,
grafo10772.100.txt,174,20927,,,,,
grafo10780.99.txt,173,1612,57.9533,100510603235716812889699539000,,20651161,
grafo10781.100.txt,170,1949,51.1268,34326665474148801719856,,18019890,
grafo10792.98.txt,162,1208,5.6969,28740767437755069904027187552640,,2610693,
grafo10806.97.txt,156,835,60.4268,35881666506623085510751630704,,24217376,
grafo10807.95.txt,161,2560,,,,,
grafo10808.98.txt,163,1385,4.2138,378121638730523407451224668000,,2146746,
grafo10810.97.txt,165,5545,9.0632,1746631086263901572859052425,,313688,
grafo10811.96.txt,161,728,28.9986,62515670831703315145917440,,11617250,
grafo10814.98.txt,167,1164,33.3218,1117492558030331291665006550400,,13367991,
grafo10820.100.txt,,,TO,,,,
grafo10825.98.txt,160,666,0.0500,448703730980795389658142516768,,36112,
grafo10827.99.txt,176,3159,,,,,
grafo10829.97.txt,163,698,3.7270,353487722444640397950336000,,1701219,
grafo10831.98.txt,157,697,0.3718,132173432028682426792675123200,,284797,
grafo10832.94.txt,,,TO,,,,
grafo10836.97.txt,163,1068,7.2300,53329839846150181450672975648,,2996416,
grafo10849.95.txt,155,772,0.0941,146263666707748943943862272000,,70409,
grafo10854.99.txt,156,949,0.3314,193279971348667631511842668560000,,214300,
grafo10859.97.txt,165,726,0.8489,619544659954727747936779866,,537792,
grafo10860.93.txt,154,939,0.1327,82576179328076510630400,,87229,
grafo10861.100.txt,169,841,0.4240,7829291526509697645939638655852000,,272297,
grafo10862.98.txt,,,TO,,,,
grafo10864.99.txt,164,1618,69.4750,16665764373432126063209924028,,25412921,
grafo10865.100.txt,,,TO,,,,
grafo10866.98.txt,159,2116,115.1722,68354387038968318178169191660,,45479711,
grafo10876.98.txt,,,TO,,,,
grafo10878.94.txt,152,1002,0.0807,40435924270963719626022422183040,,80595,
grafo10882.95.txt,156,869,13.4401,447542395174556065368789552,,6058730,
grafo10883.93.txt,157,1366,0.0889,2430118976009979196378800000,,67936,
grafo10898.95.txt,153,737,0.2002,758521327325540596697880000,,149673,
grafo10905.97.txt,151,682,0.0566,12135924843732264824121600000,,64262,
grafo10907.99.txt,165,2875,0.7969,32617260794404341954987264,,100070,
grafo10908.98.txt,159,988,6.6266,6900724724314149434034825440,,3274456,
grafo10911.100.txt,,,TO,,,,
grafo10918.98.txt,166,784,6.8605,32800655343228492718324656,,3339325,
grafo10919.97.txt,160,769,1.1180,4873808896014194882486512200,,659755,
grafo10926.99.txt,162,703,0.0276,401726519668839391778054937600,,31549,
grafo10928.100.txt,178,1222,,,,,
grafo10937.100.txt,158,733,0.0466,911068768064780693215657056000,,50746,
grafo10943.95.txt,154,712,0.5273,2232138619514732059255799808000,,339923,
grafo10945.98.txt,161,1093,0.1987,95891009417905168894140000,,153899,
grafo10950.97.txt,,,TO,,,,
grafo10952.96.txt,164,2080,,,,,
grafo10958.98.txt,,,TO,,,,
grafo10962.100.txt,172,16244,,,,,
grafo10970.100.txt,163,758,12.0710,2452216654253152270839934656,,5545773,
grafo10972.95.txt,157,968,,,,,
grafo10976.92.txt,163,1705,4.0998,10759048789277823376976496374364,,2084130,
grafo10998.100.txt,,,TO,,,,
grafo11000.99.txt,171,916,0.8971,1217725012095539482686059005177080,,502296,
grafo11001.97.txt,173,17819,384.6397,819800261949907201744130,,56427818,
grafo11003.100.txt,159,764,1.8820,3976499213449309516733400000,,1150146,
grafo11008.99.txt,163,967,,,,,
grafo11011.100.txt,161,861,0.1103,140688757390106390892469346304000,,105114,
grafo11014.100.txt,159,755,0.1340,102699410881895065529306726096461824,,111667,
grafo11015.98.txt,162,1360,,,,,
grafo11016.98.txt,161,1253,0.7034,7526571230364813338624640,,382447,
grafo11020.100.txt,164,823,0.4557,20444842677214024445820085111800000,,291906,
grafo11035.99.txt,165,816,0.1047,26848343803661264515276800,,67847,
grafo11037.99.txt,160,1011,,,,,
grafo11039.96.txt,154,597,1.1871,3389918511944201602117280,,681814,
grafo11044.95.txt,144,501,0.0666,1197912132516610056000,,68290,
grafo11047.92.txt,165,6604,31.3847,3337419642677518893838632,,10643691,
grafo11050.98.txt,158,745,2.9173,21793683158398046358023808,,1490146,
grafo11056.98.txt,163,965,0.1317,139448046035464528744346345472,,113098,
grafo11060.99.txt,160,823,0.3182,2221581091015208181652619592894,,260296,
grafo11067.98.txt,164,2449,,,,,
grafo11069.93.txt,156,810,0.5923,67197688711299492990806963592,,395534,
grafo11070.94.txt,159,864,0.9940,296672073926222386356749387200,,632845,
grafo11072.98.txt,179,10996,,,,,
grafo11073.100.txt,,,TO,,,,
grafo11076.97.txt,155,632,0.5401,3926107989980203149244661760,,333755,
grafo11088.97.txt,163,1237,0.6919,1042994082302208333696820608,,397244,
grafo11096.97.txt,162,840,0.8090,21190592381506159344503198702400000,,486937,
grafo11099.99.txt,170,7601,13.8932,6439051542810570694864560,,466066,
grafo11100.95.txt,157,3914,1.8085,1816713943740179220678036480,,128057,
grafo11101.95.txt,162,1800,1.1214,925307123039192848461312,,539976,
grafo11102.98.txt,156,541,1.1164,78159853560697776,,632734,
grafo11105.95.txt,166,1068,137.3654,2780296674205295074260982464,,48680601,
grafo11106.99.txt,158,810,40.1892,1800411021038422846042207200,,15611320,
grafo11110.99.txt,156,672,5.2265,3283286651372362772261412,,2342381,
grafo11112.96.txt,157,655,6.1555,32771123730815275251352,,2785248,
grafo11113.98.txt,153,577,0.1055,85282876610070364386506217600,,99459,
grafo11114.93.txt,158,813,1.4331,19671423926865926171894250009840,,816609,
grafo11115.92.txt,152,700,0.0168,457952153329344881847182400,,17198,
grafo11119.98.txt,161,863,8.4025,150210477107262608643759962520,,3772154,
grafo11125.100.txt,182,5898,,,,,
grafo11140.98.txt,147,542,0.0229,12949719097651467435583488000,,28834,
grafo11142.99.txt,164,721,1.5253,1972018462517902463407831693363500,,948101,
grafo11143.98.txt,156,563,0.0157,21006525537883519741138348800,,19107,
grafo11144.92.txt,151,722,1.3334,69290953858013626760601600,,775398,
grafo11145.99.txt,169,1166,80.2462,3904075666400657420505356269200,,31069252,
grafo11148.99.txt,155,977,30.0216,26041679542542839147028086778990,,12673967,
grafo11149.100.txt,,,TO,,,,
grafo11157.100.txt,158,1598,0.2975,2255220706960252460009775340800,,155197,
grafo11162.100.txt,,,TO,,,,
grafo11176.100.txt,,,TO,,,,
grafo11178.95.txt,160,5187,,,,,
grafo11181.95.txt,154,745,0.0349,204303551180648012431583604480,,35287,
grafo11198.98.txt,,,TO,,,,
grafo11201.99.txt,165,885,0.5553,1147022433334993234582136574000,,358405,
grafo11204.99.txt,168,15158,292.9560,1037585478589383537474297555050496,,22570736,
grafo11218.99.txt,166,1389,131.5559,981635956672355579867872,,47260202,
grafo11223.99.txt,146,568,0.1493,2360818719012081418650711306540,,125971,
grafo11227.100.txt,165,734,34.5177,2716222021368095055961356,,13735910,
grafo11250.99.txt,163,1007,4.8216,8943369351173193428801634077653824,,2582453,
grafo11251.93.txt,151,807,0.8907,4809787111811592399184022526528,,532738,
grafo11254.99.txt,154,1002,34.4337,30139933607670659519208917,,14988019,
grafo11271.99.txt,171,1500,1.2016,109664252023274371019546173840,,617724,
grafo11280.99.txt,165,1092,,,,,
grafo11313.96.txt,154,696,0.4570,7003276840515664560,,317351,
grafo11324.100.txt,171,1233,20.2831,560762936054585686545359847137280,,9502963,
grafo11335.100.txt,162,778,0.0427,61471332725994635285503002432000,,38667,
grafo11369.96.txt,163,13682,78.1321,153539326015556204155835928,,1948143,
grafo11458.100.txt,160,945,1.1518,32929161513245347400780796768,,673634,
grafo11469.96.txt,159,749,0.8004,165728243199277045297920000,,531284,
grafo11546.97.txt,160,797,2.3163,75444469155251576685056404800,,1354898,
grafo11569.93.txt,155,990,0.5431,4844612865840488301571200,,328948,
grafo3224.98.txt,174,16247,,,,,
grafo3435.99.txt,167,2102,29.3304,652148909686816992359740704787200,,12288845,
grafo3532.99.txt,161,760,1.3869,28327450894599629841700806720,,721137,
grafo3680.99.txt,168,1206,0.7670,2149519026657629741871667680000,,446154,
grafo3712.95.txt,149,644,0.9390,5258623445171291339393040,,596138,
grafo3861.99.txt,153,726,0.0696,16121448104607716575683640617648,,77431,
grafo3890.96.txt,167,832,0.1554,8944113065325995850718418621147520,,122449,
grafo3898.99.txt,170,2091,33.1305,45437873358633560365761463774392,,13180801,
grafo3979.98.txt,166,896,0.2928,423904573438761629195520,,228998,
grafo3995.97.txt,158,1160,4.1198,5931079411688134563895113711652704,,2318323,
grafo4091.99.txt,167,1879,112.3159,32508411001187872774766972275200,,41066468,
grafo6562.98.txt,162,722,0.1192,236273893424318395676761226496,,105870,
grafo6625.99.txt,156,672,22.3487,1337162431238315740370880,,9094320,
grafo6975.39.txt,174,1113,2.3404,316054474902798260244705061700000,,1281123,
grafo7221.99.txt,152,644,0.0139,1525888907338681754882536320000,,18208,
grafo7263.99.txt,162,1775,35.2078,4898478554522651343933226448,,12971054,
grafo7417.39.txt,161,700,0.0116,413427890976458123248101187541280000,,17194,
grafo7785.100.txt,163,819,0.0468,557646274243607696621728263360,,47597,
grafo7797.100.txt,167,2533,0.6293,18087494243875214914061634240,,158191,
grafo7907.80.txt,134,720,8.0317,56046180799444257029836800,,4240430,
grafo7936.89.txt,,,TO,,,,
grafo8008.95.txt,161,1051,14.6952,2836630049700547381881600,,6020834,
grafo8127.78.txt,126,537,0.0507,66208157321355098849280,,52510,
grafo8198.99.txt,161,718,1.7807,649388601659380264242499152000,,1016538,
grafo8223.99.txt,151,647,0.0269,334422330310025516401710173429760,,32205,
grafo8373.100.txt,170,787,0.1752,742658646888847672838471232000,,116903,
grafo8478.98.txt,170,807,54.1232,12250204148998063240770444,,20312503,
grafo8490.95.txt,167,3772,7.8000,6954783064700106449934405045,,1252068,
grafo8510.100.txt,163,953,0.1510,2522290965851353756626557847360,,121887,
grafo8513.100.txt,167,2092,5.6984,17469991641945079390720056660,,2180073,
grafo8549.100.txt,178,15056,,,,,
grafo8566.98.txt,154,1176,0.1605,33675447534980819354777573856,,96433,
grafo8571.94.txt,148,922,0.2340,60036648006230924769664308000,,167528,
grafo8673.98.txt,158,1536,8.4063,3665987509135804958589644160,,4470760,
grafo8674.100.txt,166,1120,8.3454,4411819550965378162337392234383360,,4122736,
grafo8719.93.txt,154,3309,,,,,
grafo8739.99.txt,168,1578,25.3261,3372046945590473948665700000,,10816571,
grafo8777.98.txt,158,645,0.0348,527114627133616421733651616800,,40530,
grafo8780.96.txt,168,1228,0.1058,106865700460093439124794247168,,77453,
grafo8791.94.txt,160,883,17.6263,41589577295649477917626554,,7607973,
grafo8793.100.txt,166,652,1.0336,6290998565958574189476048,,600621,
grafo8805.80.txt,152,29861,233.4593,48345675667025355720,,526317,
grafo8812.99.txt,,,TO,,,,
grafo8823.93.txt,151,1240,0.4665,2471868255285109723854868320,,274585,
grafo8826.100.txt,162,848,0.4817,1834705985117148849612007324569600,,337244,
grafo8857.99.txt,167,1042,0.5177,313543526986779746908720331250,,345611,
grafo8864.98.txt,172,1086,5.1228,1950049399397802069242304,,2607070,
grafo8865.100.txt,166,3081,124.6528,133118288366177973768481944,,41647545,
grafo8867.97.txt,165,958,238.8892,685433368697415388059662815488,,,
grafo8882.100.txt,162,841,1.8373,60433143070321573071599902510800,,923353,
grafo8892.100.txt,157,546,0.0267,156240682877101153716000,,31032,
grafo8893.96.txt,146,506,0.0087,8420211467291839036389765120,,11682,
grafo8921.98.txt,165,2014,,,,,
grafo8943.98.txt,165,1128,3.2753,1557799297139741798037095121600,,1604658,
grafo8963.92.txt,167,2704,3.1112,22926250524268338334887333870000,,1327764,
grafo8997.96.txt,177,6156,,,,,
grafo9008.91.txt,152,776,7.0728,72402063458117601570325710432,,3203116,
grafo9357.99.txt,161,3306,91.2353,142289966889381640493280,,35076478,
grafo9362.98.txt,158,719,112.3602,210693069836202719108532,,39311282,
grafo9542.87.txt,162,5819,,,,,
grafo9691.79.txt,126,505,0.0249,150604398614405598500000,,29848,
grafo9738.100.txt,170,837,152.4799,174103434161887558920991361424,,52515902,
grafo9788.80.txt,131,580,0.0619,5961768617178655142400,,67667,
grafo9973.96.txt,159,1078,2.0920,2561493285098512987929575760,,1107481,
grafo9984.96.txt,154,652,0.1456,3696278631131858917807872,,118512,
grafo9995.94.txt,157,837,0.7368,6526238612574319118772318,,427516,
heart.txt,180,926,12.5564,6164,,29550,
kts15-ptpt-0001.ec,132,400,0.0022 (WARNING: 0 solutions),0,,0,
kts15-ptpt-0002.ec,132,394,0.0026 (WARNING: 0 solutions),0,,0,
kts15-ptpt-0003.ec,132,390,0.0025,8,,150,
kts15-ptpt-0004.ec,132,392,0.0038,1,,22,
kts15-ptpt-0005.ec,132,396,0.0028 (WARNING: 0 solutions),0,,0,
kts15-ptpt-0006.ec,132,388,0.0033,8,,172,
kts15-ptpt-0007.ec,132,390,0.0035,12,,188,
kts15-ptpt-0008.ec,132,388,0.0036 (WARNING: 0 solutions),0,,0,
kts15-ptpt-0009.ec,132,389,0.0043,6,,130,
kts15-ptpt-0010.ec,132,392,0.0038 (WARNING: 0 solutions),0,,0,
kts15-ptpt-0011.ec,132,390,0.0041,4,,88,
kts15-ptpt-0012.ec,132,390,0.0018,4,,87,
kts15-ptpt-0013.ec,132,388,0.0054,24,,449,
kts15-ptpt-0014.ec,132,388,0.0055,8,,170,
kts15-ptpt-0015.ec,132,390,0.0047,14,,289,
kts15-ptpt-0016.ec,132,391,0.0037,6,,123,
kts15-ptpt-0017.ec,132,388,0.0033,24,,443,
kts15-ptpt-0018.ec,132,394,0.0038,8,,172,
kts15-ptpt-0019.ec,132,392,0.0054 (WARNING: 0 solutions),0,,0,
kts15-ptpt-0020.ec,132,391,0.0057,8,,171,
kts15-ptpt-0021.ec,132,388,0.0060,72,,1139,
kts21-ptpt-0001.ec,306,3329,TO,,,,
kts21-ptpt-0002.ec,306,3331,TO,,,,
kts21-ptpt-0003.ec,306,3329,TO,,,,
kts21-ptpt-0004.ec,306,3332,TO,,,,
kts21-ptpt-0005.ec,306,3327,TO,,,,
kts21-ptpt-0006.ec,306,3331,TO,,,,
kts21-ptpt-0007.ec,306,3331,TO,,,,
kts21-ptpt-0008.ec,306,3327,TO,,,,
kts21-ptpt-0009.ec,306,3329,TO,,,,
kts21-ptpt-0010.ec,306,3330,TO,,,,
kts21-ptpt-0011.ec,306,3329,TO,,,,
kts21-ptpt-0012.ec,306,3331,TO,,,,
kts21-ptpt-0013.ec,306,3330,TO,,,,
kts21-ptpt-0014.ec,306,3329,TO,,,,
kts21-ptpt-0015.ec,306,3331,TO,,,,
kts21-ptpt-0016.ec,306,3329,TO,,,,
kts21-ptpt-0017.ec,306,3327,TO,,,,
kts21-ptpt-0018.ec,306,3328,TO,,,,
kts21-ptpt-0019.ec,306,3327,TO,,,,
kts21-ptpt-0020.ec,306,3330,TO,,,,
kts21-ptpt-0021.ec,306,3330,TO,,,,
kts21-ptpt-0022.ec,306,3332,TO,,,,
kts21-ptpt-0023.ec,306,3330,TO,,,,
kts21-ptpt-0024.ec,306,3327,TO,,,,
kts21-ptpt-0025.ec,306,3329,TO,,,,
kts21-ptpt-0026.ec,306,3330,TO,,,,
kts21-ptpt-0027.ec,306,3329,TO,,,,
kts21-ptpt-0028.ec,306,3329,TO,,,,
kts21-ptpt-0029.ec,306,3329,TO,,,,
kts21-ptpt-0030.ec,306,3328,TO,,,,
kts21-ptpt-0031.ec,306,3330,TO,,,,
kts21-ptpt-0032.ec,306,3328,TO,,,,
kts21-ptpt-0033.ec,306,3330,TO,,,,
kts21-ptpt-0034.ec,306,3331,TO,,,,
kts21-ptpt-0035.ec,306,3328,TO,,,,
kts21-ptpt-0036.ec,306,3328,TO,,,,
kts21-ptpt-0037.ec,306,3329,TO,,,,
kts21-ptpt-0038.ec,306,3331,TO,,,,
kts21-ptpt-0039.ec,306,3327,TO,,,,
kts21-ptpt-0040.ec,306,3329,TO,,,,
kts21-ptpt-0041.ec,306,3329,TO,,,,
kts21-ptpt-0042.ec,306,3327,TO,,,,
kts21-ptpt-0043.ec,306,3329,TO,,,,
kts21-ptpt-0044.ec,306,3329,TO,,,,
kts21-ptpt-0045.ec,306,3327,TO,,,,
kts21-ptpt-0046.ec,306,3329,TO,,,,
kts21-ptpt-0047.ec,306,3329,TO,,,,
kts21-ptpt-0048.ec,306,3335,TO,,,,
kts21-ptpt-0049.ec,306,3333,TO,,,,
kts21-ptpt-0050.ec,306,3330,TO,,,,
kts21-ptpt-0051.ec,306,3327,TO,,,,
kts21-ptpt-0052.ec,306,3329,TO,,,,
kts21-ptpt-0053.ec,306,3332,TO,,,,
kts21-ptpt-0054.ec,306,3330,TO,,,,
kts21-ptpt-0055.ec,306,3330,TO,,,,
kts21-ptpt-0056.ec,306,3329,TO,,,,
kts21-ptpt-0057.ec,306,3328,TO,,,,
kts21-ptpt-0058.ec,306,3328,TO,,,,
kts21-ptpt-0059.ec,306,3329,TO,,,,
kts21-ptpt-0060.ec,306,3329,TO,,,,
kts21-ptpt-0061.ec,306,3329,TO,,,,
kts21-ptpt-0062.ec,306,3331,TO,,,,
kts21-ptpt-0063.ec,306,3327,TO,,,,
kts21-ptpt-0064.ec,306,3329,TO,,,,
kts21-ptpt-0065.ec,306,3328,TO,,,,
kts21-ptpt-0066.ec,306,3331,TO,,,,
kts21-ptpt-0067.ec,306,3330,TO,,,,
kts21-ptpt-0068.ec,306,3330,TO,,,,
kts21-ptpt-0069.ec,306,3329,TO,,,,
kts21-ptpt-0070.ec,306,3327,TO,,,,
kts21-ptpt-0071.ec,306,3328,TO,,,,
kts21-ptpt-0072.ec,306,3329,TO,,,,
kts21-ptpt-0073.ec,306,3328,TO,,,,
kts21-ptpt-0074.ec,306,3327,TO,,,,
kts21-ptpt-0075.ec,306,3328,TO,,,,
kts21-ptpt-0076.ec,306,3328,TO,,,,
kts21-ptpt-0077.ec,306,3330,TO,,,,
kts21-ptpt-0078.ec,306,3332,TO,,,,
kts21-ptpt-0079.ec,306,3330,TO,,,,
kts21-ptpt-0080.ec,306,3329,TO,,,,
kts21-ptpt-0081.ec,306,3329,TO,,,,
kts21-ptpt-0082.ec,306,3329,TO,,,,
kts21-ptpt-0083.ec,306,3330,TO,,,,
kts21-ptpt-0084.ec,306,3331,TO,,,,
kts21-ptpt-0085.ec,306,3328,TO,,,,
kts21-ptpt-0086.ec,306,3329,TO,,,,
kts21-ptpt-0087.ec,306,3329,TO,,,,
kts21-ptpt-0088.ec,306,3330,TO,,,,
kts21-ptpt-0089.ec,306,3328,TO,,,,
kts21-ptpt-0090.ec,306,3328,TO,,,,
kts21-ptpt-0091.ec,306,3329,TO,,,,
kts21-ptpt-0092.ec,306,3329,TO,,,,
kts21-ptpt-0093.ec,306,3327,TO,,,,
kts21-ptpt-0094.ec,306,3327,TO,,,,
kts21-ptpt-0095.ec,306,3327,TO,,,,
kts21-ptpt-0096.ec,306,3327,TO,,,,
kts21-ptpt-0097.ec,306,3328,TO,,,,
kts21-ptpt-0098.ec,306,3330,TO,,,,
kts21-ptpt-0099.ec,306,3329,TO,,,,
kts21-ptpt-0100.ec,306,3329,TO,,,,
latin6-blk-00001.ec,60,60,0.0043,48,,501,
latin6-blk-00002.ec,60,62,0.0045,56,,515,
latin6-blk-00003.ec,60,64,0.0058,80,,709,
latin6-blk-00004.ec,60,63,0.0047,72,,557,
latin6-blk-00005.ec,60,65,0.0056,80,,697,
latin6-blk-00006.ec,60,64,0.0054,88,,653,
latin6-blk-00007.ec,60,65,0.0056,80,,669,
latin7-blk-00001.ec,90,120,0.7050,10752,,73886,
latin7-blk-00002.ec,90,122,0.7549,14976,,88132,
latin7-blk-00003.ec,90,123,0.8238,17280,,96127,
latin7-blk-00004.ec,90,124,0.9955,19840,,105286,
latin7-blk-00005.ec,90,124,0.9035,20480,,103518,
latin7-blk-00006.ec,90,126,1.1201,29056,,128244,
latin7-blk-00007.ec,90,125,0.9478,23616,,111095,
latin7-blk-00008.ec,90,126,1.0823,27072,,122203,
latin7-blk-00009.ec,90,126,1.0322,27776,,118214,
latin8-blk-00001.ec,126,210,1256.2313,49390080,,109530171,
latin8-blk-00002.ec,126,212,TO,,,,
latin8-blk-00003.ec,126,213,TO,,,,
latin8-blk-00004.ec,126,214,TO,,,,
latin8-blk-00005.ec,126,215,TO,,,,
latin8-blk-00006.ec,126,214,TO,,,,
latin8-blk-00007.ec,126,216,TO,,,,
latin8-blk-00008.ec,126,217,TO,,,,
latin8-blk-00009.ec,126,215,TO,,,,
latin8-blk-00010.ec,126,217,TO,,,,
latin8-blk-00011.ec,126,216,TO,,,,
latin8-blk-00012.ec,126,217,TO,,,,
latin8-blk-00013.ec,126,216,TO,,,,
latin8-blk-00014.ec,126,216,TO,,,,
latin8-blk-00015.ec,126,217,TO,,,,
meteor.txt,60,2464,0.8624,9212,,2043,
sppaa01.txt,823,8904,TO,,,,
sppaa02.txt,531,5198,,,,,
sppaa03.txt,825,8627,TO,,,,
sppaa04.txt,426,7195,,,,,
sppaa05.txt,801,8308,TO,,,,
sppaa06.txt,646,7292,,,,,
sppkl01.txt,,,TO,,,,
sppkl02.txt,,,TO,,,,
sppnw01.txt,,,TO,,,,
sppnw02.txt,,,TO,,,,
sppnw03.txt,,,TO,,,,
sppnw04.txt,,,TO,,,,
sppnw05.txt,,,TO,,,,
sppnw06.txt,,,TO,,,,
sppnw07.txt,36,5172,30.0694,10763644724,,2847636,
sppnw08.txt,24,434,0.0137,285701,,11823,
sppnw09.txt,40,3103,37.5827,24534801581,,6451964,
sppnw10.txt,24,853,0.0566,318168,,25106,
sppnw11.txt,39,8820,390.9418,21343664608,,19877058,
sppnw12.txt,27,626,0.0214,496333530,,4737,
sppnw13.txt,,,TO,,,,
sppnw14.txt,,,TO,,,,
sppnw15.txt,31,467,0.0030,46,,59,
sppnw16.txt,,,TO,,,,
sppnw17.txt,,,TO,,,,
sppnw18.txt,124,10757,,,,,
sppnw19.txt,40,2879,6.8146,9838227358,,750548,
sppnw20.txt,22,685,0.0311,538696,,18936,
sppnw21.txt,25,577,0.0190,291047,,13372,
sppnw22.txt,23,619,0.0291,286758,,24057,
sppnw23.txt,19,711,0.0111,80524,,3448,
sppnw24.txt,19,1366,0.0955,725183,,27816,
sppnw25.txt,20,1217,0.1286,2225105,,45772,
sppnw26.txt,23,771,0.0108,805896,,4331,
sppnw27.txt,22,1355,0.0836,1046161,,19769,
sppnw28.txt,18,1210,0.0100,20117,,3589,
sppnw29.txt,18,2540,1.4429,16937657,,249601,
sppnw30.txt,26,2653,0.8687,4122439,,98564,
sppnw31.txt,26,2662,0.4347,3450340,,93005,
sppnw32.txt,19,294,0.0033,127126,,4195,
sppnw33.txt,23,3068,1.1521,4589163,,155757,
sppnw34.txt,20,899,0.0363,977866,,22176,
sppnw35.txt,23,1709,0.2419,184967,,25452,
sppnw36.txt,20,1783,0.1618,25474,,11814,
sppnw37.txt,19,770,0.0481,3740550,,29489,
sppnw38.txt,23,1220,0.0465,221108,,3667,
sppnw39.txt,25,677,0.0460,737597,,23364,
sppnw40.txt,19,404,0.0113,298956,,9228,
sppnw41.txt,17,197,0.0029,163155,,4056,
sppnw42.txt,23,1079,0.0373,230326,,4445,
sppnw43.txt,18,1072,0.3278,5442901,,134946,
sppus02.txt,,,TO,,,,
sppus03.txt,,,TO,,,,
sppus04.txt,,,TO,,,,
sts15-blk-00001.ec,48,64,0.0107,576,,1488,
sts15-blk-00002.ec,48,72,0.0058,288,,768,
sts15-blk-00003.ec,48,72,0.0044,144,,527,
sts15-blk-00004.ec,48,72,0.0045,144,,527,
sts15-blk-00005.ec,48,72,0.0013 (WARNING: 0 solutions),0,,0,
sts15-blk-00006.ec,48,76,0.0038,40,,327,
sts15-blk-00007.ec,48,76,0.0026,8,,116,
sts15-blk-00008.ec,48,76,0.0039,40,,325,
sts15-blk-00009.ec,48,76,0.0021,8,,117,
sts15-blk-00010.ec,48,76,0.0045,64,,432,
sts15-blk-00011.ec,48,76,0.0021,8,,120,
sts15-blk-00012.ec,48,76,0.0022,16,,140,
sts15-blk-00013.ec,48,76,0.0020,8,,119,
sts15-blk-00014.ec,48,72,0.0007 (WARNING: 0 solutions),0,,0,
sts15-blk-00015.ec,48,74,0.0002 (WARNING: 0 solutions),0,,0,
sts15-blk-00016.ec,48,76,0.0002 (WARNING: 0 solutions),0,,0,
sts15-blk-00017.ec,48,76,0.0022,16,,130,
sts15-blk-00018.ec,48,76,0.0019,8,,120,
sts15-blk-00019.ec,48,76,0.0028,32,,223,
sts15-blk-00020.ec,48,75,0.0039,28,,305,
sts15-blk-00021.ec,48,76,0.0039,40,,390,
sts15-blk-00022.ec,48,74,0.0033,24,,315,
sts15-blk-00023.ec,48,74,0.0035,20,,235,
sts15-blk-00024.ec,48,74,0.0026,16,,198,
sts15-blk-00025.ec,48,76,0.0030,20,,233,
sts15-blk-00026.ec,48,76,0.0039,40,,401,
sts15-blk-00027.ec,48,76,0.0035,40,,329,
sts15-blk-00028.ec,48,72,0.0031,24,,234,
sts15-blk-00029.ec,48,74,0.0031,16,,208,
sts15-blk-00030.ec,48,74,0.0032,20,,255,
sts15-blk-00031.ec,48,74,0.0032,20,,255,
sts15-blk-00032.ec,48,74,0.0031,24,,224,
sts15-blk-00033.ec,48,74,0.0029,48,,250,
sts15-blk-00034.ec,48,74,0.0044,24,,233,
sts15-blk-00035.ec,48,71,0.0041,48,,387,
sts15-blk-00036.ec,48,75,0.0026,16,,182,
sts15-blk-00037.ec,48,76,0.0033,8,,111,
sts15-blk-00038.ec,48,76,0.0023,8,,122,
sts15-blk-00039.ec,48,76,0.0031,24,,251,
sts15-blk-00040.ec,48,76,0.0033,32,,246,
sts15-blk-00041.ec,48,72,0.0014 (WARNING: 0 solutions),0,,0,
sts15-blk-00042.ec,48,75,0.0041,24,,260,
sts15-blk-00043.ec,48,74,0.0031,24,,215,
sts15-blk-00044.ec,48,76,0.0032,24,,256,
sts15-blk-00045.ec,48,76,0.0031,20,,241,
sts15-blk-00046.ec,48,76,0.0034,24,,163,
sts15-blk-00047.ec,48,75,0.0028,20,,220,
sts15-blk-00048.ec,48,75,0.0035,28,,265,
sts15-blk-00049.ec,48,74,0.0017 (WARNING: 0 solutions),0,,0,
sts15-blk-00050.ec,48,75,0.0025,16,,183,
sts15-blk-00051.ec,48,76,0.0015 (WARNING: 0 solutions),0,,0,
sts15-blk-00052.ec,48,76,0.0015 (WARNING: 0 solutions),0,,0,
sts15-blk-00053.ec,48,76,0.0038,48,,361,
sts15-blk-00054.ec,48,76,0.0031,20,,230,
sts15-blk-00055.ec,48,75,0.0033,28,,306,
sts15-blk-00056.ec,48,75,0.0028,20,,159,
sts15-blk-00057.ec,48,74,0.0035,24,,243,
sts15-blk-00058.ec,48,76,0.0023,16,,135,
sts15-blk-00059.ec,48,73,0.0032,36,,323,
sts15-blk-00060.ec,48,73,0.0026,16,,179,
sts15-blk-00061.ec,48,74,0.0024,24,,205,
sts15-blk-00062.ec,48,74,0.0029,24,,208,
sts15-blk-00063.ec,48,68,0.0073,192,,1016,
sts15-blk-00064.ec,48,70,0.0079,144,,1008,
sts15-blk-00065.ec,48,71,0.0065,96,,859,
sts15-blk-00066.ec,48,72,0.0057,288,,673,
sts15-blk-00067.ec,48,72,0.0027,24,,218,
sts15-blk-00068.ec,48,74,0.0034,28,,294,
sts15-blk-00069.ec,48,74,0.0031,16,,212,
sts15-blk-00070.ec,48,73,0.0039,36,,330,
sts15-blk-00071.ec,48,75,0.0028,20,,193,
sts15-blk-00072.ec,48,75,0.0026,16,,200,
sts15-blk-00073.ec,48,74,0.0032,20,,246,
sts15-blk-00074.ec,48,75,0.0033,16,,209,
sts15-blk-00075.ec,48,75,0.0028,20,,192,
sts15-blk-00076.ec,48,75,0.0026,16,,201,
sts15-blk-00077.ec,48,74,0.0037,20,,238,
sts15-blk-00078.ec,48,73,0.0029,20,,218,
sts15-blk-00079.ec,48,75,0.0037,36,,340,
sts15-blk-00080.ec,48,74,0.0030,16,,210,
sts15-blk-00081.ec,48,74,0.0048,20,,244,
sts15-blk-00082.ec,48,74,0.0033,24,,314,
sts15-blk-00083.ec,48,72,0.0015 (WARNING: 0 solutions),0,,0,
sts15-blk-00084.ec,48,74,0.0031,16,,209,
sts15-blk-00085.ec,48,74,0.0029,32,,272,
sts15-blk-00086.ec,48,73,0.0026,8,,93,
sts15-blk-00087.ec,48,74,0.0033,48,,252,
sts15-blk-00088.ec,48,73,0.0028,16,,185,
sts15-blk-00089.ec,48,75,0.0031,20,,211,
sts15-blk-00090.ec,48,74,0.0032,48,,250,
sts15-blk-00091.ec,48,72,0.0031,24,,211,
sts15-blk-00092.ec,48,74,0.0031,24,,224,
sts15-blk-00093.ec,48,70,0.0031,32,,258,
sts15-blk-00094.ec,48,76,0.0023,8,,112,
sts15-blk-00095.ec,48,75,0.0026,16,,171,
sts15-blk-00096.ec,48,75,0.0022,24,,189,
sts15-blk-00097.ec,48,74,0.0022,12,,116,
sts15-blk-00098.ec,48,76,0.0034,24,,127,
sts15-blk-00099.ec,48,76,0.0023,20,,164,
sts15-blk-00100.ec,48,75,0.0029,28,,267,
sts15-blk-00101.ec,48,76,0.0020,20,,145,
sts15-blk-00102.ec,48,75,0.0031,24,,279,
sts15-blk-00103.ec,48,76,0.0020,8,,114,
sts15-blk-00104.ec,48,75,0.0030,20,,219,
sts15-blk-00105.ec,48,75,0.0034,24,,273,
sts15-blk-00106.ec,48,75,0.0030,20,,198,
sts15-blk-00107.ec,48,75,0.0032,24,,277,
sts15-blk-00108.ec,48,76,0.0043,64,,452,
sts15-blk-00109.ec,48,76,0.0041,32,,267,
sts15-blk-00110.ec,48,76,0.0038,48,,377,
sts15-blk-00111.ec,48,76,0.0047,24,,271,
sts15-blk-00112.ec,48,76,0.0022,16,,119,
sts15-blk-00113.ec,48,74,0.0012 (WARNING: 0 solutions),0,,0,
sts15-blk-00114.ec,48,73,0.0013 (WARNING: 0 solutions),0,,0,
sts15-blk-00115.ec,48,74,0.0038,24,,227,
sts15-blk-00116.ec,48,75,0.0028,16,,185,
sts15-blk-00117.ec,48,72,0.0011 (WARNING: 0 solutions),0,,0,
sts15-blk-00118.ec,48,76,0.0008 (WARNING: 0 solutions),0,,0,
sts15-blk-00119.ec,48,76,0.0023,16,,140,
sts15-blk-00120.ec,48,76,0.0032,24,,262,
sts15-blk-00121.ec,48,75,0.0026,20,,221,
sts15-blk-00122.ec,48,76,0.0015 (WARNING: 0 solutions),0,,0,
sts15-blk-00123.ec,48,74,0.0011 (WARNING: 0 solutions),0,,0,
sts15-blk-00124.ec,48,75,0.0010 (WARNING: 0 solutions),0,,0,
sts15-blk-00125.ec,48,76,0.0027,16,,172,
sts15-blk-00126.ec,48,74,0.0028,24,,229,
sts15-blk-00127.ec,48,74,0.0007 (WARNING: 0 solutions),0,,0,
sts15-blk-00128.ec,48,76,0.0044,24,,255,
sts15-blk-00129.ec,48,76,0.0050,40,,345,
sts15-blk-00130.ec,48,76,0.0031,12,,156,
sts15-blk-00131.ec,48,75,0.0031,24,,251,
sts15-blk-00132.ec,48,76,0.0051,28,,323,
sts15-blk-00133.ec,48,76,0.0032,20,,228,
sts15-blk-00134.ec,48,76,0.0035,28,,311,
sts15-blk-00135.ec,48,73,0.0051,28,,315,
sts15-blk-00136.ec,48,74,0.0025,16,,181,
sts15-blk-00137.ec,48,74,0.0029,16,,178,
sts15-blk-00138.ec,48,74,0.0034,20,,235,
sts15-blk-00139.ec,48,73,0.0013 (WARNING: 0 solutions),0,,0,
sts15-blk-00140.ec,48,76,0.0039,48,,356,
sts15-blk-00141.ec,48,75,0.0032,20,,240,
sts15-blk-00142.ec,48,74,0.0033,20,,227,
sts15-blk-00143.ec,48,76,0.0053,16,,221,
sts15-blk-00144.ec,48,76,0.0030,16,,177,
sts15-blk-00145.ec,48,74,0.0048,24,,302,
sts15-blk-00146.ec,48,75,0.0029,28,,241,
sts15-blk-00147.ec,48,74,0.0031,28,,276,
sts15-blk-00148.ec,48,74,0.0033,28,,262,
sts15-blk-00149.ec,48,76,0.0031,24,,254,
sts15-blk-00150.ec,48,73,0.0029,16,,168,
sts15-blk-00151.ec,48,75,0.0029,28,,241,
sts15-blk-00152.ec,48,75,0.0037,24,,269,
sts15-blk-00153.ec,48,72,0.0049,64,,512,
sts15-blk-00154.ec,48,72,0.0043,40,,448,
sts15-blk-00155.ec,48,76,0.0035,40,,322,
sts15-blk-00156.ec,48,76,0.0021,8,,121,
sts15-blk-00157.ec,48,76,0.0029,24,,254,
sts19-blk-00001.ec,96,256,TO,,,,
sts19-blk-00002.ec,96,260,TO,,,,
sts19-blk-00003.ec,96,264,TO,,,,
sts19-blk-00004.ec,96,264,TO,,,,
sts19-blk-00005.ec,96,264,TO,,,,
sts19-blk-00006.ec,96,264,TO,,,,
sts19-blk-00007.ec,96,264,TO,,,,
sts19-blk-00008.ec,96,264,TO,,,,
sts19-blk-00009.ec,96,262,TO,,,,
sts19-blk-00010.ec,96,266,TO,,,,
sts19-blk-00011.ec,96,266,TO,,,,
sts19-blk-00012.ec,96,266,TO,,,,
sts19-blk-00013.ec,96,266,TO,,,,
sts19-blk-00014.ec,96,268,TO,,,,
sts19-blk-00015.ec,96,268,TO,,,,
sts19-blk-00016.ec,96,268,TO,,,,
sts19-blk-00017.ec,96,268,TO,,,,
sts19-blk-00018.ec,96,268,TO,,,,
sts19-blk-00019.ec,96,268,TO,,,,
sts19-blk-00020.ec,96,268,TO,,,,
sts19-blk-00021.ec,96,268,TO,,,,
sts19-blk-00022.ec,96,268,TO,,,,
sts19-blk-00023.ec,96,268,TO,,,,
sts19-blk-00024.ec,96,268,TO,,,,
sts19-blk-00025.ec,96,268,TO,,,,
sts19-blk-00026.ec,96,268,TO,,,,
sts19-blk-00027.ec,96,266,TO,,,,
sts19-blk-00028.ec,96,270,TO,,,,
sts19-blk-00029.ec,96,270,TO,,,,
sts19-blk-00030.ec,96,270,TO,,,,
sts19-blk-00031.ec,96,270,TO,,,,
sts19-blk-00032.ec,96,270,TO,,,,
sts19-blk-00033.ec,96,264,TO,,,,
sts19-blk-00034.ec,96,268,TO,,,,
sts19-blk-00035.ec,96,268,TO,,,,
sts19-blk-00036.ec,96,268,TO,,,,
sts19-blk-00037.ec,96,268,TO,,,,
sts19-blk-00038.ec,96,268,TO,,,,
sts19-blk-00039.ec,96,266,TO,,,,
sts19-blk-00040.ec,96,270,TO,,,,
sts19-blk-00041.ec,96,270,TO,,,,
sts19-blk-00042.ec,96,270,TO,,,,
sts19-blk-00043.ec,96,270,TO,,,,
sts19-blk-00044.ec,96,264,TO,,,,
sts19-blk-00045.ec,96,268,TO,,,,
sts19-blk-00046.ec,96,268,TO,,,,
sts19-blk-00047.ec,96,268,TO,,,,
sts19-blk-00048.ec,96,268,TO,,,,
sts19-blk-00049.ec,96,268,TO,,,,
sts19-blk-00050.ec,96,268,TO,,,,
sts19-blk-00051.ec,96,268,TO,,,,
sts19-blk-00052.ec,96,270,TO,,,,
sts19-blk-00053.ec,96,270,TO,,,,
sts19-blk-00054.ec,96,270,TO,,,,
sts19-blk-00055.ec,96,270,TO,,,,
sts19-blk-00056.ec,96,270,TO,,,,
sts19-blk-00057.ec,96,270,TO,,,,
sts19-blk-00058.ec,96,268,TO,,,,
sts19-blk-00059.ec,96,268,TO,,,,
sts19-blk-00060.ec,96,268,TO,,,,
sts19-blk-00061.ec,96,270,TO,,,,
sts19-blk-00062.ec,96,270,TO,,,,
sts19-blk-00063.ec,96,270,TO,,,,
sts19-blk-00064.ec,96,268,TO,,,,
sts19-blk-00065.ec,96,268,TO,,,,
sts19-blk-00066.ec,96,270,TO,,,,
sts19-blk-00067.ec,96,270,TO,,,,
sts19-blk-00068.ec,96,270,TO,,,,
sts19-blk-00069.ec,96,270,TO,,,,
sts19-blk-00070.ec,96,270,TO,,,,
sts19-blk-00071.ec,96,270,TO,,,,
sts19-blk-00072.ec,96,270,TO,,,,
sts19-blk-00073.ec,96,270,TO,,,,
sts19-blk-00074.ec,96,270,TO,,,,
sts19-blk-00075.ec,96,272,474.4285,26302466,,28587888,
sts19-blk-00076.ec,96,272,501.3786,26772480,,30091258,
sts19-blk-00077.ec,96,272,474.6657,26302466,,28584449,
sts19-blk-00078.ec,96,272,494.7421,26772480,,30108236,
sts19-blk-00079.ec,96,272,1083.7446,41532412,,74398217,
sts19-blk-00080.ec,96,272,1096.4658,42472128,,74830524,
sts19-blk-00081.ec,96,272,1083.3150,41532412,,74395493,
sts19-blk-00082.ec,96,272,1086.4664,42472128,,74799192,
sts19-blk-00083.ec,96,272,1312.8310,28114425,,73662808,
sts19-blk-00084.ec,96,272,1259.0315,26772482,,71683565,
sts19-blk-00085.ec,96,272,1303.6869,28114429,,73706581,
sts19-blk-00086.ec,96,272,1301.2175,28114432,,73661143,
sts19-blk-00087.ec,96,272,TO,,,,
sts19-blk-00088.ec,96,272,TO,,,,
sts19-blk-00089.ec,96,272,TO,,,,
sts19-blk-00090.ec,96,272,TO,,,,
sts19-blk-00091.ec,96,272,1453.4944,47530746,,98137247,
sts19-blk-00092.ec,96,272,1448.2015,47263488,,96745344,
sts19-blk-00093.ec,96,272,1463.8874,47530752,,98226267,
sts19-blk-00094.ec,96,272,1439.5438,47263488,,96927693,
sts19-blk-00095.ec,96,272,1489.4889,49273728,,100202715,
sts19-blk-00096.ec,96,272,1489.8489,49273719,,100283948,
sts19-blk-00097.ec,96,272,1445.8892,47530758,,98148118,
sts19-blk-00098.ec,96,272,1436.4846,47263488,,96869587,
sts19-blk-00099.ec,96,272,1468.6701,49273728,,100129863,
sts19-blk-00100.ec,96,272,TO,,,,
sts19-blk-00101.ec,96,272,TO,,,,
sts19-blk-00102.ec,96,272,TO,,,,
sts19-blk-00103.ec,96,272,TO,,,,
sts19-blk-00104.ec,,,TO,,,,
sts19-blk-00105.ec,,,TO,,,,
sts19-blk-00106.ec,,,TO,,,,
sts19-blk-00107.ec,,,TO,,,,
sts19-blk-00108.ec,,,TO,,,,
sts19-blk-00109.ec,,,TO,,,,
sts19-blk-00110.ec,,,TO,,,,
sts19-blk-00111.ec,,,TO,,,,
sts19-blk-00112.ec,,,TO,,,,
sts19-blk-00113.ec,,,TO,,,,
sts19-blk-00114.ec,,,TO,,,,
sts19-blk-00115.ec,,,TO,,,,
sts19-blk-00116.ec,,,TO,,,,
sts19-blk-00117.ec,,,TO,,,,
sts19-blk-00118.ec,,,TO,,,,
sts19-blk-00119.ec,,,TO,,,,
sts19-blk-00120.ec,,,TO,,,,
sts19-blk-00121.ec,,,TO,,,,
sts19-blk-00122.ec,,,TO,,,,
sts19-blk-00123.ec,,,TO,,,,
sts19-blk-00124.ec,,,TO,,,,
sts19-blk-00125.ec,,,TO,,,,
sts19-blk-00126.ec,,,TO,,,,
sts19-blk-00127.ec,,,TO,,,,
sts19-blk-00128.ec,,,TO,,,,
sts19-blk-00129.ec,,,TO,,,,
sts19-blk-00130.ec,,,TO,,,,
sts19-blk-00131.ec,,,TO,,,,
sts19-blk-00132.ec,,,TO,,,,
sts19-blk-00133.ec,,,TO,,,,
sts19-blk-00134.ec,,,TO,,,,
sts19-blk-00135.ec,,,TO,,,,
sts19-blk-00136.ec,,,TO,,,,
sts19-blk-00137.ec,,,TO,,,,
sts19-blk-00138.ec,,,TO,,,,
sts19-blk-00139.ec,,,TO,,,,
sts19-blk-00140.ec,,,TO,,,,
sts19-blk-00141.ec,,,TO,,,,
sts19-blk-00142.ec,,,TO,,,,
sts19-blk-00143.ec,,,TO,,,,
sts19-blk-00144.ec,,,TO,,,,
sts19-blk-00145.ec,,,TO,,,,
sts19-blk-00146.ec,,,TO,,,,
sts19-blk-00147.ec,,,TO,,,,
sts19-blk-00148.ec,,,TO,,,,
sts19-blk-00149.ec,,,TO,,,,
sts19-blk-00150.ec,,,TO,,,,
sts19-blk-00151.ec,,,TO,,,,
sts19-blk-00152.ec,,,TO,,,,
sts19-blk-00153.ec,,,TO,,,,
sts19-blk-00154.ec,,,TO,,,,
sts19-blk-00155.ec,,,TO,,,,
sts19-blk-00156.ec,,,TO,,,,
sts19-blk-00157.ec,,,TO,,,,
sts19-blk-00158.ec,,,TO,,,,
sts19-blk-00159.ec,,,TO,,,,
sts19-blk-00160.ec,,,TO,,,,
sts19-blk-00161.ec,,,TO,,,,
sts19-blk-00162.ec,,,TO,,,,
sts19-blk-00163.ec,,,TO,,,,
sts19-blk-00164.ec,,,TO,,,,
sts19-blk-00165.ec,,,TO,,,,
sts19-blk-00166.ec,,,TO,,,,
sts19-blk-00167.ec,,,TO,,,,
sts19-blk-00168.ec,,,TO,,,,
sts19-blk-00169.ec,,,TO,,,,
sts19-blk-00170.ec,,,TO,,,,
sts19-blk-00171.ec,,,TO,,,,
sts19-blk-00172.ec,,,TO,,,,
sts19-blk-00173.ec,,,TO,,,,
sts19-blk-00174.ec,,,TO,,,,
sts19-blk-00175.ec,,,TO,,,,
sts19-blk-00176.ec,,,TO,,,,
sts19-blk-00177.ec,,,TO,,,,
sts19-blk-00178.ec,,,TO,,,,
sts19-blk-00179.ec,,,TO,,,,
sts19-blk-00180.ec,,,TO,,,,
sts19-blk-00181.ec,,,TO,,,,
sts19-blk-00182.ec,,,TO,,,,
sts19-blk-00183.ec,,,TO,,,,
sts19-blk-00184.ec,,,TO,,,,
sts19-blk-00185.ec,,,TO,,,,
sts19-blk-00186.ec,,,TO,,,,
sts19-blk-00187.ec,,,TO,,,,
sts19-blk-00188.ec,,,TO,,,,
sts19-blk-00189.ec,,,TO,,,,
sts19-blk-00190.ec,,,TO,,,,
sts19-blk-00191.ec,,,TO,,,,
sts19-blk-00192.ec,,,TO,,,,
sts19-blk-00193.ec,,,TO,,,,
sts19-blk-00194.ec,,,TO,,,,
sts19-blk-00195.ec,,,TO,,,,
sts19-blk-00196.ec,,,TO,,,,
sts19-blk-00197.ec,,,TO,,,,
sts19-blk-00198.ec,,,TO,,,,
sts19-blk-00199.ec,,,TO,,,,
sts19-blk-00200.ec,,,TO,,,,
tetrominoes_4x5.txt,20,161,0.0085,454,,462,
tetrominoes_4x7.txt,28,257,0.0213,9157,,1118,
tetrominoes_6x6.txt,36,381,0.5218,178939,,25819,
tetrominoes_6x8.txt,48,553,5.1332,22483379,,219153,
tetrominoes_8x8.txt,64,801,260.5598,19077280974,,10387707,
