Instance,#cols,#rows,DynDXD_T1,Solutions,Max Blocks,|ZDD|,|DNNF|
AsnetAm.txt,102,928,0.2608,20064184773096211440000,7,,26954
AttMpls.txt,34,124,0.0254,138690000,6,,2064
Bellcanada.txt,85,934,0.1949,1366309453307994000,7,,37311
Bellsouth.txt,84,678,44.8329,991776867396686280,10,,8652
BeyondTheNetwork.txt,75,928,3.5362,7960497608448,9,,11470
BtNorthAmerica.txt,55,250,0.0485,17798747645952,8,,1498
Cernet.txt,56,237,0.0517,13037563816704,6,,1028
Cesnet200706.txt,42,283,0.1112,14399767872,5,,14392
Cesnet201006.txt,41,188,0.0393,61223500800,5,,768
Chinanet.txt,34,135,0.0228,9709128,4,,289
Cogentco.txt,349,22725,,,,,
Colt.txt,,,TO,,,,
Columbus.txt,125,715,0.3925,7165051704986651567,6,,27946
Cudi.txt,71,468,0.0631,9995373489286260,5,,10351
Deltacom.txt,193,955,0.1443,3951934041188949052559872439407542961305600,13,,50955
DeutscheTelekom.txt,68,283,0.0323,1569482805945600,7,,1395
Dfn.txt,93,394,0.1192,168220106949232800,6,,4944
DialtelecomCz.txt,246,1810,23.9434,20631404115811925258683046579736751590000,12,,397908
Esnet.txt,,,TO,,,,
Forthnet.txt,84,414,0.0926,29464511615072976,6,,28854
Garr200902.txt,70,305,0.1668,7824905716064400,7,,2089
Garr200908.txt,67,312,0.1096,463471976167200,8,,1937
Garr200909.txt,73,272,0.0940,622464874416000,8,,1109
Garr200912.txt,69,374,0.1046,2122763494916064,6,,2957
Garr201001.txt,82,333,0.0343,4162117365182599680,8,,1585
Garr201003.txt,72,313,0.0762,39991147739136,6,,3812
Garr201004.txt,92,2459,111.3230,2825001498839593800,7,,91725
Garr201005.txt,81,319,0.0853,7087148919474624,6,,3416
Garr201007.txt,85,643,1.5858,5336270947998010944,6,,20051
Garr201008.txt,69,352,0.4956,388166930756280,5,,3226
Garr201010.txt,93,1682,1.1001,148027474414443820,6,,59940
Garr201012.txt,83,376,0.3275,97131756402639000,6,,5887
Garr201101.txt,,,TO,,,,
Garr201102.txt,74,389,0.1318,289823452468285680,6,,4625
Garr201103.txt,93,607,2.5922,188664499520640000,10,,5494
Garr201104.txt,91,583,0.1344,16136087602223714400,6,,10036
Garr201105.txt,78,464,0.2069,1513246451090613120,6,,8371
Garr201107.txt,91,499,2.1525,936844463116800,9,,8162
Garr201108.txt,84,404,0.5032,12012866735768260800,7,,4293
Garr201109.txt,89,561,2.1065,132270243712681500,7,,7507
Garr201110.txt,78,413,2.1436,14056537029740766,9,,2874
Garr201111.txt,86,463,0.1721,5792755250563929648,7,,8928
Garr201112.txt,89,1483,24.1413,374638307489310900,7,,71720
Garr201201.txt,78,489,0.5834,503920288213159104,8,,4342
Geant2009.txt,55,322,0.0523,405899646567480,5,,12520
Geant2010.txt,68,378,0.0921,49350233892960,5,,6362
Geant2012.txt,62,312,0.0996,8453062741836,7,,3061
Globenet.txt,127,1176,0.6530,3760637060191819530240,8,,24710
GtsCe.txt,,,TO,,,,
HiberniaGlobal.txt,105,851,1.3378,2074561928035084800000,7,,50046
Highwinds.txt,29,123,0.1051,2620625,7,,545
Iij.txt,48,352,0.1997,74717787200,5,,42836
Intellifiber.txt,,,TO,,,,
Internode.txt,66,473,0.2234,656798976200400,5,,10985
Interoute.txt,152,766,0.0638,92298128982085591042551065289360000,12,,9212
Intranetwork.txt,73,337,0.0294,33747703235280000,7,,1924
Ion.txt,219,84322,,,,,
Iris.txt,82,278,0.0192,71342977305600000,8,,1057
Kdl.txt,339,187759,,,,,
Latnet.txt,106,501,0.0865,304291353642490026193920,8,,6423
Missouri.txt,109,430,0.0234,57105820983404196432000,8,,4419
Ntelos.txt,78,370,0.0528,12713112965856441600,8,,1735
Ntt.txt,40,210,0.0912,8386993056,5,,1091
Oteglobe.txt,151,809,0.2954,58932142778298816678592512000,8,,25841
Palmetto.txt,69,285,0.0324,913711669120800,7,,1047
Pern.txt,64,392,0.1062,768839913291780,6,,3059
PionierL3.txt,65,279,0.0479,11411355795840,4,,5493
RedBestel.txt,150,839,0.2233,1619510434492756271902713446400,8,,30114
Renater2010.txt,69,306,0.0491,54096125107736880,7,,1383
RoedunetFibre.txt,69,250,0.0294,621254814919200,7,,1071
Sinet.txt,66,1545,0.1982,15123236284800,4,,5480
Surfnet.txt,88,611,1.4894,3609619292733656052,6,,24186
Switch.txt,120,634,0.1206,2279438093318474291882336,7,,15107
SwitchL3.txt,54,226,0.0422,2814573775104,6,,695
Syringa.txt,126,683,0.1675,10089788438219191257523968000,8,,68845
TataNld.txt,247,1196,0.1899,116699270316984507028179654846752222085120000,12,,40446
Telcove.txt,113,1655,7.8489,74165451814712814103255500,6,,37800
Tinet.txt,94,548,0.1649,13027376900512716134400,7,,14518
Tw.txt,126,868,1.0961,3790029909358778736510720000,8,,16327
Ulaknet.txt,84,2437,117.7205,756492510715200,7,,23960
Uninett2010.txt,138,1439,3.1939,120545239248463249868042304,6,,76829
Uninett2011.txt,136,48537,,,,,
UsCarrier.txt,272,2973,1.0531,132299646414148921973967297061663323763487466000,12,,47705
UsSignal.txt,102,631,0.0905,3542621686896383831250,6,,17384
Uunet.txt,64,267,0.0298,1505816007051840,6,,1907
VtlWavenet2008.txt,160,721,0.2088,124108206211482212912333137920,6,,87055
VtlWavenet2011.txt,167,804,0.4185,2067181203168727884189854085729600,7,,203735
bell-06.ec,6,63,0.0008,203,1,,153
bell-07.ec,7,127,0.0053,877,1,,423
bell-08.ec,8,255,0.0455,4140,1,,1221
bell-09.ec,9,511,0.4484,21147,1,,3536
bell-10.ec,10,1023,8.4732,115975,1,,10353
bell-11.ec,11,2047,100.8371,678570,1,,30548
bell-12.ec,,,TO,,,,
delta.txt,126,1194,4.9495,78,1,,331
dominoes_10x10.txt,100,180,0.0189,258500842280,1,,13547
dominoes_10x12.txt,120,218,0.0265,65727306209773,1,,17596
dominoes_12x12.txt,144,264,0.1401,53060477521960000,1,,73857
dominoes_8x10.txt,80,142,0.0043,1031151241,1,,3209
dominoes_8x8.txt,64,112,0.0030,12988816,1,,2316
doublefact-09.ec,10,45,0.0006,945,1,,332
doublefact-11.ec,12,66,0.0018,10395,1,,1076
doublefact-13.ec,14,91,0.0058,135135,1,,3361
doublefact-15.ec,16,120,0.0167,2027025,1,,10226
doublefact-17.ec,18,153,0.0502,34459425,1,,30510
doublefact-19.ec,20,190,0.1561,654729075,1,,89665
doublefact-21.ec,22,231,0.5164,13749310575,1,,260376
doublefact-23.ec,24,276,1.9334,316234143225,1,,748776
doublefact-25.ec,26,325,5.9256,7905853580625,1,,2135980
doublefact-27.ec,28,378,19.5883,213458046676875,1,,6052004
doublefact-29.ec,30,435,57.9330,6190283353629375,1,,17048550
exotic_fives.txt,72,2440,769.3598,31533,1,,184086
grafo10006.98.txt,158,985,0.7236,272471817868228000342011539250,8,,96371
grafo10017.96.txt,,,TO,,,,
grafo10072.97.txt,158,798,3.4717,13882564183497261340443390,6,,413935
grafo10084.97.txt,164,1260,0.2031,2215710702367944079837593600,7,,22169
grafo10093.98.txt,160,653,0.0526,12011373629043051434493001680,8,,11919
grafo10099.94.txt,153,885,0.7677,39349088628024795597276038431211520,8,,285228
grafo10100.99.txt,169,735,0.7789,7977811134928620432600,8,,110921
grafo10105.93.txt,163,2363,29.7161,1676553521883156572140836000,6,,171315
grafo10112.98.txt,170,1324,0.8071,12692278449485651553820752512837640,7,,233398
grafo10113.94.txt,149,719,0.3722,13552406625123665520153488091360,7,,124889
grafo10116.100.txt,174,2644,141.4516,1074861365331266918556319980,6,,1117093
grafo10124.100.txt,165,699,3.0943,148038666442429105828825376220,7,,1334316
grafo10126.98.txt,176,1728,3.4374,183702897869813818435056667996512,6,,872409
grafo10129.99.txt,168,4020,3.8931,198551644286553956304688320,8,,66222
grafo10130.97.txt,181,16885,,,,,
grafo10146.97.txt,160,898,0.2299,36084888290235633242565472,7,,84223
grafo10151.94.txt,163,1536,69.8935,904656396457139592429885232,11,,4494410
grafo10153.100.txt,164,1183,10.3227,1522615820938115230772639040,7,,1134939
grafo10156.97.txt,155,770,1.4189,22914154371865015708952597726940,7,,117377
grafo10160.96.txt,,,TO,,,,
grafo10161.99.txt,178,3163,494.7334,8947576720641049885802731665936,11,,169499
grafo10162.93.txt,155,1380,4.2737,16943723066030712130728,7,,87988
grafo10164.98.txt,,,TO,,,,
grafo10171.99.txt,165,1055,0.2183,15769200352689912829592729376,6,,87480
grafo10173.97.txt,162,1258,11.2430,8343625169242146934592110560,8,,3738929
grafo10175.99.txt,157,657,0.1279,85388328645309376216506001872,6,,74531
grafo10176.97.txt,164,1110,0.6189,110391288988965933859653042432,7,,186178
grafo10179.97.txt,165,1247,6.0870,3278735562651329679897572100,8,,1563384
grafo10184.100.txt,168,984,0.1188,774260303763303208390801489920,8,,39090
grafo10195.99.txt,167,683,0.3500,190292079107394297194953680,8,,31951
grafo10203.97.txt,152,748,0.0477,60240136444714215336356779770000,8,,21725
grafo10204.100.txt,165,1280,0.7364,29653634898146327380379042234220,6,,185842
grafo10205.97.txt,157,808,2.6053,2450985920965558319691974400,8,,17252
grafo10207.98.txt,156,891,0.0861,407524009110382244942767825920,8,,22136
grafo10209.99.txt,160,838,0.3691,1778405443010598595931612784,9,,56508
grafo10215.93.txt,149,638,0.1436,4429033439896804903015219200,8,,15468
grafo10218.99.txt,172,1568,2.6010,38667060581791729436749880064,6,,830870
grafo10220.97.txt,159,1339,0.3708,1790137382988957253095000000,6,,65723
grafo10223.100.txt,158,1123,9.2944,328757268525449878800124560,7,,52231
grafo10237.100.txt,169,3988,11.1491,56690827752941049802755975480,8,,485419
grafo10244.99.txt,169,1740,1.1966,9494309680695561692995554816,6,,78865
grafo10250.100.txt,162,906,0.1519,114852967527687017594839695360,7,,44427
grafo10259.100.txt,,,TO,,,,
grafo10262.100.txt,159,720,0.3772,6525746259024633846681600,8,,16598
grafo10265.100.txt,154,527,0.0482,32094343893604867070884746240,8,,18840
grafo10266.94.txt,146,604,0.5249,110801121815568366975240,7,,21945
grafo10269.99.txt,165,1798,33.9667,633497612146150461289860000,6,,44780
grafo10273.97.txt,160,1216,0.2198,33635956333383979125105139200,7,,102689
grafo10275.97.txt,156,899,3.7069,244644070413026379047679107760,9,,485023
grafo10288.95.txt,151,639,0.0521,67924110954574990800416160000,7,,22904
grafo10291.93.txt,145,744,1.1043,8089182960223746111277546359360,8,,101585
grafo10292.100.txt,,,TO,,,,
grafo10293.99.txt,166,870,0.0557,1189967169400391312521176624192,8,,24719
grafo10297.98.txt,159,712,0.0843,5047361956059511058420258045952,8,,28416
grafo10298.97.txt,161,887,0.3907,7156201735846976840333598600000,8,,21324
grafo10303.96.txt,164,749,0.1439,336623282871798635541043488000,8,,25885
grafo10305.100.txt,179,1630,0.6756,292085589751208531500740959232,7,,31802
grafo10318.98.txt,162,1251,0.3541,160075764596308430431394162528,6,,117805
grafo10325.96.txt,157,888,4.0062,1515393227078433787636237160475,9,,1388294
grafo10327.97.txt,158,709,0.0718,6668191872233180852367168,6,,33408
grafo10339.95.txt,153,1082,1.4753,154016263775635045484598360,7,,247616
grafo10346.97.txt,152,602,0.3581,85352803321813705564434487680,7,,189553
grafo10351.97.txt,154,1482,1.2316,3038891535467749895820555375,6,,316674
grafo10353.99.txt,161,735,3.9605,1036843743939236753336209008,7,,222712
grafo10354.99.txt,161,728,0.0587,2635922965070113457943960,6,,20786
grafo10359.95.txt,154,982,2.4573,21232201433844641535018326254080,9,,879920
grafo10362.94.txt,157,1134,2.3700,13439932228370461283870400,7,,83403
grafo10365.97.txt,175,2806,4.3920,25575509097340632493846860,8,,582384
grafo10369.100.txt,165,1164,4.7782,162269574458684398363738080,10,,16016
grafo10382.94.txt,,,TO,,,,
grafo10383.99.txt,179,1810,54.1389,57257348886332366307365280,10,,272406
grafo10387.97.txt,157,704,0.0457,928110106585327508832600,7,,7094
grafo10388.95.txt,165,1171,0.1549,100871271571286563976946948624,6,,58922
grafo10393.96.txt,172,1111,43.4072,425475125738358970835202279000,4,,13138016
grafo10405.97.txt,,,TO,,,,
grafo10409.96.txt,154,775,1.0533,139058476479714794419701648,8,,20998
grafo10416.96.txt,154,891,0.1490,275385933690750019991344608,7,,25706
grafo10418.100.txt,160,833,0.0652,147754061920021215867995714457600,8,,25150
grafo10420.97.txt,156,770,0.0511,40799332872710765774848481424384,8,,23813
grafo10421.99.txt,167,1119,0.8932,52350402903229612656419750400,7,,56395
grafo10426.100.txt,177,982,5.1165,1827783263299847235344879849799328,5,,1898663
grafo10432.99.txt,164,839,0.1557,39585030704867624378340600668160,7,,78759
grafo10434.98.txt,170,13460,,,,,
grafo10436.95.txt,161,1595,0.9392,4397495877745499771502988640640,7,,122504
grafo10441.98.txt,172,52592,,,,,
grafo10444.100.txt,169,904,0.1597,16141694039854526732472576000000,7,,72018
grafo10445.94.txt,165,1655,0.2411,139093054073990193881088000,6,,67567
grafo10446.95.txt,146,592,0.7008,1406626619252431805138851200,9,,24398
grafo10452.94.txt,152,677,0.0807,1309968238419646304729519520,8,,12159
grafo10453.97.txt,159,712,0.3158,978125278141318365072482158080,8,,59715
grafo10467.100.txt,156,848,0.8738,829005255557150402856812544000,7,,85357
grafo10469.100.txt,166,769,0.3614,29833371992729329249984,7,,123700
grafo10474.94.txt,,,TO,,,,
grafo10484.99.txt,171,1813,0.2682,2800369925851353194772692875,6,,42861
grafo10488.98.txt,162,883,0.0634,147530693993345834083200,7,,23909
grafo10489.95.txt,,,TO,,,,
grafo10491.97.txt,169,3856,12.4647,637331645197964631273533460,5,,462124
grafo10492.96.txt,164,4638,5.3300,38385060996073952528012304,8,,669363
grafo10496.98.txt,176,3413,244.6302,14327587632784029994981186464,7,,777958
grafo10501.96.txt,157,847,0.4116,60200824737438188138649600000,6,,152097
grafo10502.91.txt,146,1113,0.3913,17145714310767787059504,8,,26626
grafo10508.100.txt,,,TO,,,,
grafo10516.94.txt,156,915,0.9364,15349627360704647668429728,6,,319011
grafo10522.99.txt,164,2148,0.8271,1368022910682647106522103772160,11,,135550
grafo10523.97.txt,161,1455,4.9636,2585358559737244414126080,7,,18131
grafo10532.99.txt,163,953,1.2944,462577367105788159981438666368,6,,572896
grafo10533.100.txt,166,1116,0.9161,75765351525353878701765811733388000,6,,423908
grafo10534.100.txt,165,915,0.5941,6190404474802541320344211290206208,8,,36265
grafo10536.99.txt,154,737,0.1481,90219383710204418073507359520,8,,27560
grafo10537.95.txt,,,TO,,,,
grafo10538.100.txt,176,931,0.6699,795036054653018287978412196,11,,307296
grafo10547.94.txt,160,1118,0.3405,6784952125033040430938400,10,,101454
grafo10549.99.txt,171,1562,0.6776,1145040940241452014901674319885248,7,,103214
grafo10552.96.txt,170,1188,1.4958,20889029397226285157195570148,9,,449033
grafo10560.95.txt,156,830,0.1988,10454917675207673432929607718912,7,,43405
grafo10575.99.txt,173,1229,7.4964,290401904358524035719206484192,9,,407992
grafo10577.100.txt,182,2713,1.3108,289452947838024215689962434880,7,,97841
grafo10578.96.txt,165,957,0.1718,63978261035298507640733940,6,,23753
grafo10586.100.txt,162,827,0.3084,3159527635877864048932738800,6,,70929
grafo10589.93.txt,165,1318,2.5753,48905720858960060291749968450,8,,226223
grafo10592.98.txt,157,799,0.2441,2607343682329504256862467094951600,8,,103326
grafo10596.99.txt,156,696,0.1408,112465313385181924312362654720,8,,67780
grafo10603.100.txt,162,554,0.5843,670510578138777061840000,5,,298613
grafo10608.93.txt,155,823,0.9843,2990252860992399674047889600,6,,46550
grafo10624.91.txt,149,701,0.0586,28252598579182428029482758660,8,,16720
grafo10626.100.txt,163,636,0.0476,123805968402809495607386400,7,,18571
grafo10630.94.txt,158,837,2.3094,42203028634531492749435200,6,,837868
grafo10632.100.txt,164,1556,0.4589,574873638719068404760642606008000,8,,81673
grafo10633.100.txt,179,4742,524.3684,4051184213898141958008000,7,,1465616
grafo10634.96.txt,170,1196,0.7535,1654795573774103110564694557332,6,,299013
grafo10635.95.txt,163,840,0.7657,71356613932690877273184000,10,,72864
grafo10637.94.txt,152,600,0.1622,11214433932496991100576672,8,,76269
grafo10638.100.txt,162,599,1.1055,262011175215511354440192,10,,78013
grafo10644.100.txt,163,804,0.3488,879696743017814604656785638,8,,118543
grafo10646.100.txt,164,665,0.1507,9820844339917672108320000,7,,73393
grafo10648.98.txt,161,1387,0.4934,356474569742739338284800,5,,43755
grafo10650.98.txt,164,3301,4.8365,34469998616098897969669380,8,,1230481
grafo10652.100.txt,178,2919,13.4575,3980767004196538169400792876,7,,2590988
grafo10653.100.txt,181,1712,1.5002,1342945475430854403482774400,6,,411670
grafo10662.100.txt,168,829,0.4472,27178777349470484479346220000,6,,229658
grafo10663.99.txt,157,790,0.1131,10004537904397046812627562880,7,,37314
grafo10670.100.txt,171,13528,,,,,
grafo10671.100.txt,176,1520,20.3300,624388665254004882462918502728,4,,1573657
grafo10674.99.txt,161,1282,0.3335,5795087564123430300037643026176,7,,133931
grafo10676.100.txt,155,741,0.1123,88449251051691116273910908805120,8,,35822
grafo10685.98.txt,157,783,0.3159,18933970214606610605994945868800,7,,43220
grafo10688.95.txt,170,1972,27.6257,7478197582294315268144635392,11,,803819
grafo10689.98.txt,167,1962,0.2221,1370682840424281115042080000,7,,21082
grafo10693.98.txt,156,733,0.2146,15811121663230543469294733740160,8,,21705
grafo10694.96.txt,,,TO,,,,
grafo10695.98.txt,157,746,0.1904,152426309856396886819860480,8,,56204
grafo10696.99.txt,169,1113,0.6760,5204648458409465990708001445500,6,,280709
grafo10698.95.txt,150,683,0.0658,195624642073083526902416762880,8,,11686
grafo10700.98.txt,159,705,0.1718,2303423420658486348064432128000,7,,38453
grafo10712.98.txt,167,1341,0.6856,87350475221980225179971773660000,8,,49786
grafo10713.92.txt,163,1518,8.3261,762509519166958396577520,11,,3072942
grafo10714.99.txt,,,TO,,,,
grafo10722.96.txt,155,1546,0.3278,7181570767061926043280,8,,16873
grafo10726.99.txt,170,1087,10.6333,1169419974189722162550556681572,9,,102638
grafo10735.99.txt,181,27961,,,,,
grafo10736.99.txt,165,1087,6.0790,887785238808388365200371008,9,,51437
grafo10737.99.txt,162,972,0.6718,948450972521583413184960,9,,81515
grafo10750.100.txt,167,923,0.1575,79424048531055784214151971742570,8,,51300
grafo10758.96.txt,159,1112,0.1242,14393936331269128652052040205472000,8,,34408
grafo10760.96.txt,168,1424,5.6941,47969850313152624399903360,8,,286431
grafo10772.100.txt,174,20927,,,,,
grafo10780.99.txt,173,1612,49.2475,100508535343249538967989285400,6,,16361529
grafo10781.100.txt,170,1949,243.8288,115904975589037669173480,8,,31040
grafo10792.98.txt,162,1208,3.5688,54647925002527690601441814067200,7,,60067
grafo10806.97.txt,156,835,8.6770,35881456142072374461716455296,4,,3268410
grafo10807.95.txt,161,2560,433.5475,714436079805522405813600,14,,334668
grafo10808.98.txt,163,1385,0.4944,378121638730523407451224668000,6,,154671
grafo10810.97.txt,,,TO,,,,
grafo10811.96.txt,161,728,2.8977,62515660367842952114211840,9,,444513
grafo10814.98.txt,167,1164,0.6479,1117495720365979210503524659200,6,,295850
grafo10820.100.txt,178,283366,,,,,
grafo10825.98.txt,160,666,0.0977,448703730980795389658142516768,8,,16075
grafo10827.99.txt,176,3159,2.3167,56248332940369085364361434240,7,,92459
grafo10829.97.txt,163,698,0.2100,353239596240320941062912000,10,,94828
grafo10831.98.txt,157,697,0.1756,132171520291202302513208524800,8,,44339
grafo10832.94.txt,174,238557,,,,,
grafo10836.97.txt,163,1068,0.9003,53328914740725442127812132608,8,,18595
grafo10849.95.txt,155,772,0.4396,146263666707748943943862272000,8,,19468
grafo10854.99.txt,156,949,0.0862,193281731960144890703093299425600,8,,36063
grafo10859.97.txt,165,726,0.7137,619544659954727747936779866,7,,79516
grafo10860.93.txt,154,939,0.1248,82576179328076510630400,7,,8250
grafo10861.100.txt,169,841,0.1121,8276820258735217590656236955688000,8,,50757
grafo10862.98.txt,168,40573,,,,,
grafo10864.99.txt,164,1618,0.8595,16665764537733819344371841148,5,,295695
grafo10865.100.txt,171,71059,,,,,
grafo10866.98.txt,159,2116,95.1524,68356609829134711234891176546,7,,1515713
grafo10876.98.txt,170,111277,,,,,
grafo10878.94.txt,152,1002,0.1542,40448324839475188109531614233600,8,,54848
grafo10882.95.txt,156,869,0.4821,447542272092260259015739440,7,,147307
grafo10883.93.txt,157,1366,0.1624,2430118976009979196378800000,8,,17575
grafo10898.95.txt,153,737,1.5206,775463126655736120469868000,8,,17159
grafo10905.97.txt,151,682,0.1593,12135924843732264824121600000,8,,17459
grafo10907.99.txt,165,2875,1.9376,32617260794404341954987264,6,,59064
grafo10908.98.txt,159,988,0.2901,7066137500821101460616320000,6,,86961
grafo10911.100.txt,181,38757,,,,,
grafo10918.98.txt,166,784,0.7583,32800655762924646232844208,9,,345332
grafo10919.97.txt,160,769,0.3855,4873808896014194882486512200,6,,56649
grafo10926.99.txt,162,703,0.0377,401726519668839391778054937600,8,,15648
grafo10928.100.txt,178,1222,5.3410,9190775083893630767018589621420,8,,630768
grafo10937.100.txt,158,733,0.0963,911001366204729030069480720000,7,,50702
grafo10943.95.txt,154,712,0.6841,2232135796878792160387153920000,8,,333708
grafo10945.98.txt,161,1093,0.1382,95891009417905168894140000,6,,46385
grafo10950.97.txt,175,210880,,,,,
grafo10952.96.txt,164,2080,204.2162,391142178847692823817972160,7,,509910
grafo10958.98.txt,183,131487,,,,,
grafo10962.100.txt,172,16244,,,,,
grafo10970.100.txt,163,758,0.3904,2682497001892752749227723200,5,,153974
grafo10972.95.txt,157,968,6.9182,730245111490256436936613455936,9,,1676661
grafo10976.92.txt,163,1705,14.9333,10759050697100237213220300916440,8,,140859
grafo10998.100.txt,186,103117,,,,,
grafo11000.99.txt,171,916,0.3316,1217725012095539482686059005177080,7,,168819
grafo11001.97.txt,173,17819,,,,,
grafo11003.100.txt,159,764,0.3991,3976500109492379707984200000,7,,180939
grafo11008.99.txt,163,967,1.5895,3675202044093204249777040,9,,337455
grafo11011.100.txt,161,861,0.4756,140688757390106390892469346304000,8,,42911
grafo11014.100.txt,159,755,0.1661,102697395571048994633321097098231808,8,,69105
grafo11015.98.txt,162,1360,2.1653,5866401355844362270153280797824,6,,738039
grafo11016.98.txt,161,1253,0.1385,7526571230364813338624640,8,,25972
grafo11020.100.txt,164,823,0.2858,20444842677214024445820085111800000,8,,110793
grafo11035.99.txt,165,816,0.1074,26848343803661264515276800,8,,14922
grafo11037.99.txt,160,1011,23.1705,929787783209835694443762336,9,,8105368
grafo11039.96.txt,154,597,2.6060,3389918511944201602117280,8,,377880
grafo11044.95.txt,144,501,0.1231,1375707512184864811680,8,,30045
grafo11047.92.txt,,,TO,,,,
grafo11050.98.txt,158,745,0.4166,22120517630957638241159616,6,,123055
grafo11056.98.txt,163,965,0.2708,139448046035464528744346345472,8,,112345
grafo11060.99.txt,160,823,0.3630,2221581091015208181652619592894,7,,85105
grafo11067.98.txt,164,2449,418.9432,4884715904609705915728260,9,,365673
grafo11069.93.txt,156,810,0.3542,67197688711299492990806963592,7,,183114
grafo11070.94.txt,159,864,0.3736,296693280114774832563512784000,7,,71506
grafo11072.98.txt,,,TO,,,,
grafo11073.100.txt,181,22004,,,,,
grafo11076.97.txt,155,632,0.0703,3926107989980203149244661760,6,,35943
grafo11088.97.txt,163,1237,0.8781,1132009966041849001850031168,7,,14978
grafo11096.97.txt,162,840,0.1004,21190592381506159344503198702400000,8,,38119
grafo11099.99.txt,,,TO,,,,
grafo11100.95.txt,,,TO,,,,
grafo11101.95.txt,162,1800,43.3913,1211226137316281427542624,7,,152186
grafo11102.98.txt,156,541,0.2193,80652422922542352,10,,58694
grafo11105.95.txt,166,1068,3.9048,4111685478502368575572767024,8,,639798
grafo11106.99.txt,158,810,0.3899,1800431199418215917984417280,7,,126442
grafo11110.99.txt,156,672,3.6207,3283273471348689681777012,8,,101395
grafo11112.96.txt,157,655,0.6951,33738258871239280775996,8,,318135
grafo11113.98.txt,153,577,0.1256,85282876610070364386506217600,8,,46482
grafo11114.93.txt,158,813,0.3547,19671423926865926171894250009840,6,,159794
grafo11115.92.txt,152,700,0.1100,457952153329344881847182400,8,,10546
grafo11119.98.txt,161,863,4.6069,150210472805527971193234581960,5,,1846930
grafo11125.100.txt,,,TO,,,,
grafo11140.98.txt,147,542,0.0424,12949719097651467435583488000,7,,18704
grafo11142.99.txt,164,721,0.4680,2008995148165214645462934938126250,8,,243681
grafo11143.98.txt,156,563,0.0411,21006525537883519741138348800,8,,13269
grafo11144.92.txt,151,722,2.6882,79925698964277175089456000,9,,52524
grafo11145.99.txt,169,1166,2.2868,3903831925510176287771590588680,6,,884344
grafo11148.99.txt,155,977,2.5165,26041654890177651406705620615480,7,,1070613
grafo11149.100.txt,187,193759,,,,,
grafo11157.100.txt,158,1598,0.6333,2255327749858429472655767498496,7,,155168
grafo11162.100.txt,186,146753,,,,,
grafo11176.100.txt,182,42963,,,,,
grafo11178.95.txt,,,TO,,,,
grafo11181.95.txt,154,745,0.0530,204303551180648012431583604480,8,,12366
grafo11198.98.txt,167,2169,56.3578,492387302804990856535993500,5,,1136044
grafo11201.99.txt,165,885,0.3898,1147022433334993234582136574000,8,,23279
grafo11204.99.txt,168,15158,,,,,
grafo11218.99.txt,166,1389,42.0263,1076459974594446113826336,10,,186052
grafo11223.99.txt,146,568,0.2011,2360818719012081418650711306540,8,,125796
grafo11227.100.txt,165,734,1.7363,2719845684425853569154744,8,,400115
grafo11250.99.txt,163,1007,0.3561,8943747317419205357818461381583296,7,,158753
grafo11251.93.txt,151,807,0.1756,4809787111811592399184022526528,7,,37811
grafo11254.99.txt,154,1002,0.7462,31880530248677457232811590,6,,315710
grafo11271.99.txt,171,1500,18.8241,109664252023274371019546173840,9,,157933
grafo11280.99.txt,165,1092,2.5702,88048812952084415878440,9,,120934
grafo11313.96.txt,154,696,4.7860,40016146276863990540,8,,130673
grafo11324.100.txt,171,1233,0.3092,636719888089739833532108282511360,7,,100339
grafo11335.100.txt,162,778,0.2217,61471332725994635285503002432000,8,,38627
grafo11369.96.txt,163,13682,,,,,
grafo11458.100.txt,160,945,0.5613,32929356255182046387469994928,6,,264010
grafo11469.96.txt,159,749,0.4242,165728243199277045297920000,6,,200059
grafo11546.97.txt,160,797,0.1186,75444469155251576685056404800,7,,42736
grafo11569.93.txt,155,990,0.1418,4844612865840488301571200,6,,26483
grafo3224.98.txt,174,16247,,,,,
grafo3435.99.txt,167,2102,1.1121,652148706592030102138027610622720,7,,153812
grafo3532.99.txt,161,760,0.0557,28327450894599629841700806720,7,,22118
grafo3680.99.txt,168,1206,0.1318,2149519026657629741871667680000,7,,30499
grafo3712.95.txt,149,644,0.0762,5258623445171291339393040,6,,38585
grafo3861.99.txt,153,726,0.1478,16121448104607716575683640617648,8,,56024
grafo3890.96.txt,167,832,0.1061,8944113065325995850718418621147520,12,,34782
grafo3898.99.txt,170,2091,20.9461,45437831938339492182383236673520,6,,178806
grafo3979.98.txt,166,896,0.5064,457654341382722084437760,10,,12544
grafo3995.97.txt,158,1160,0.2219,5929679077188049509962370404726016,8,,45338
grafo4091.99.txt,167,1879,0.9443,33559251293718862384757894853120,6,,203111
grafo6562.98.txt,162,722,0.5819,236273893424318395676761226496,8,,11720
grafo6625.99.txt,156,672,0.1767,1337161524838599745621440,6,,109062
grafo6975.39.txt,174,1113,1.0676,315436768118385919594480491600000,9,,38343
grafo7221.99.txt,152,644,0.0843,1525888907338681754882536320000,8,,16917
grafo7263.99.txt,162,1775,6.1460,4898300726541655318609391850,9,,592200
grafo7417.39.txt,161,700,0.0393,413427890976458123248101187541280000,10,,17160
grafo7785.100.txt,163,819,0.1043,557646274243607696621728263360,7,,36891
grafo7797.100.txt,167,2533,1.2481,18087494243875214914061634240,6,,132802
grafo7907.80.txt,134,720,0.1293,56121296367538318806489600,6,,64973
grafo7936.89.txt,158,93994,,,,,
grafo8008.95.txt,161,1051,2.4428,2836630049700547381881600,6,,59164
grafo8127.78.txt,126,537,0.0241,66208157321355098849280,8,,5684
grafo8198.99.txt,161,718,0.3565,649388601659380264242499152000,7,,31222
grafo8223.99.txt,151,647,0.0566,334422330310025516401710173429760,8,,24512
grafo8373.100.txt,170,787,0.1642,742658646888847672838471232000,8,,15942
grafo8478.98.txt,170,807,0.7297,12250781027964153710065548,10,,156502
grafo8490.95.txt,167,3772,5.4934,6954795444905727972824869260,7,,945312
grafo8510.100.txt,163,953,0.1504,2522290965851353756626557847360,7,,57014
grafo8513.100.txt,167,2092,157.1991,17470767885488472684314354580,6,,572542
grafo8549.100.txt,178,15056,,,,,
grafo8566.98.txt,154,1176,0.2906,33675447534980819354777573856,7,,79727
grafo8571.94.txt,148,922,0.1556,60036648006230924769664308000,7,,84185
grafo8673.98.txt,158,1536,0.9050,3665987126814610816771132800,6,,61390
grafo8674.100.txt,166,1120,0.2273,4411819550965378162337392234383360,7,,98930
grafo8719.93.txt,154,3309,389.7406,2173452431877931018638582,6,,1085955
grafo8739.99.txt,168,1578,21.0054,3372053299594517082360200000,6,,111195
grafo8777.98.txt,158,645,0.0545,527114627133616421733651616800,8,,15683
grafo8780.96.txt,168,1228,4.8933,106865700460093439124794247168,7,,27350
grafo8791.94.txt,160,883,4.5148,49109381168868331507647990,6,,623246
grafo8793.100.txt,166,652,0.1392,6290998565958574189476048,6,,28937
grafo8805.80.txt,152,29861,,,,,
grafo8812.99.txt,181,32674,,,,,
grafo8823.93.txt,151,1240,0.4564,2471867976793564523950612320,7,,42942
grafo8826.100.txt,162,848,0.1249,1834705985117148849612007324569600,8,,34529
grafo8857.99.txt,167,1042,5.3970,394901661498590997221838097500,8,,54796
grafo8864.98.txt,172,1086,0.3059,3122459182799518546670400,9,,50890
grafo8865.100.txt,,,TO,,,,
grafo8867.97.txt,165,958,5.1371,685436309511446075215860583200,6,,1298469
grafo8882.100.txt,162,841,0.4263,60433208340648577706678660894520,6,,185563
grafo8892.100.txt,157,546,0.4312,156240682877101153716000,6,,21866
grafo8893.96.txt,146,506,0.0302,8420211467291839036389765120,8,,8447
grafo8921.98.txt,165,2014,114.0095,1389282225147592783714791516,6,,4460593
grafo8943.98.txt,165,1128,3.7613,1557799297139741798037095121600,7,,1049716
grafo8963.92.txt,167,2704,5.8281,22926250524268338334887333870000,6,,335462
grafo8997.96.txt,,,TO,,,,
grafo9008.91.txt,152,776,0.1919,72401743992697856645701464672,7,,52848
grafo9357.99.txt,161,3306,2.2378,149308380670662397866240,9,,127627
grafo9362.98.txt,158,719,7.7310,211356181498372577399700,9,,329001
grafo9542.87.txt,,,TO,,,,
grafo9691.79.txt,126,505,0.1026,150604398614405598500000,6,,20451
grafo9738.100.txt,170,837,10.5660,174103336772488134771154668000,7,,3496551
grafo9788.80.txt,131,580,0.4107,5960749135210559474400,7,,21147
grafo9973.96.txt,159,1078,0.6347,2561493285098512987929575760,6,,151929
grafo9984.96.txt,154,652,0.5409,3696278631131858917807872,5,,50178
grafo9995.94.txt,157,837,0.6014,6613783173969439336909794,6,,130536
heart.txt,180,926,41.6931,6164,1,,29550
kts15-ptpt-0001.ec,132,400,0.0233 (WARNING: 0 solutions),0,1,,0
kts15-ptpt-0002.ec,132,394,0.0178 (WARNING: 0 solutions),0,1,,0
kts15-ptpt-0003.ec,132,390,0.0207,8,1,,150
kts15-ptpt-0004.ec,132,392,0.0286,1,1,,22
kts15-ptpt-0005.ec,132,396,0.0272 (WARNING: 0 solutions),0,1,,0
kts15-ptpt-0006.ec,132,388,0.0202,8,1,,172
kts15-ptpt-0007.ec,132,390,0.0204,12,1,,188
kts15-ptpt-0008.ec,132,388,0.0217 (WARNING: 0 solutions),0,1,,0
kts15-ptpt-0009.ec,132,389,0.0370,6,1,,130
kts15-ptpt-0010.ec,132,392,0.0215 (WARNING: 0 solutions),0,1,,0
kts15-ptpt-0011.ec,132,390,0.0406,4,1,,88
kts15-ptpt-0012.ec,132,390,0.0206,4,1,,87
kts15-ptpt-0013.ec,132,388,0.0285,24,1,,449
kts15-ptpt-0014.ec,132,388,0.0488,8,1,,170
kts15-ptpt-0015.ec,132,390,0.0362,14,1,,289
kts15-ptpt-0016.ec,132,391,0.0319,6,1,,123
kts15-ptpt-0017.ec,132,388,0.0201,24,1,,443
kts15-ptpt-0018.ec,132,394,0.0233,8,1,,172
kts15-ptpt-0019.ec,132,392,0.0243 (WARNING: 0 solutions),0,1,,0
kts15-ptpt-0020.ec,132,391,0.0304,8,1,,171
kts15-ptpt-0021.ec,132,388,0.0306,72,1,,1139
kts21-ptpt-0001.ec,,,TO,,,,
kts21-ptpt-0002.ec,,,TO,,,,
kts21-ptpt-0003.ec,,,TO,,,,
kts21-ptpt-0004.ec,,,TO,,,,
kts21-ptpt-0005.ec,,,TO,,,,
kts21-ptpt-0006.ec,,,TO,,,,
kts21-ptpt-0007.ec,,,TO,,,,
kts21-ptpt-0008.ec,,,TO,,,,
kts21-ptpt-0009.ec,,,TO,,,,
kts21-ptpt-0010.ec,,,TO,,,,
kts21-ptpt-0011.ec,,,TO,,,,
kts21-ptpt-0012.ec,,,TO,,,,
kts21-ptpt-0013.ec,,,TO,,,,
kts21-ptpt-0014.ec,,,TO,,,,
kts21-ptpt-0015.ec,,,TO,,,,
kts21-ptpt-0016.ec,,,TO,,,,
kts21-ptpt-0017.ec,,,TO,,,,
kts21-ptpt-0018.ec,,,TO,,,,
kts21-ptpt-0019.ec,,,TO,,,,
kts21-ptpt-0020.ec,,,TO,,,,
kts21-ptpt-0021.ec,,,TO,,,,
kts21-ptpt-0022.ec,,,TO,,,,
kts21-ptpt-0023.ec,,,TO,,,,
kts21-ptpt-0024.ec,,,TO,,,,
kts21-ptpt-0025.ec,,,TO,,,,
kts21-ptpt-0026.ec,,,TO,,,,
kts21-ptpt-0027.ec,,,TO,,,,
kts21-ptpt-0028.ec,,,TO,,,,
kts21-ptpt-0029.ec,,,TO,,,,
kts21-ptpt-0030.ec,,,TO,,,,
kts21-ptpt-0031.ec,,,TO,,,,
kts21-ptpt-0032.ec,,,TO,,,,
kts21-ptpt-0033.ec,,,TO,,,,
kts21-ptpt-0034.ec,,,TO,,,,
kts21-ptpt-0035.ec,,,TO,,,,
kts21-ptpt-0036.ec,,,TO,,,,
kts21-ptpt-0037.ec,,,TO,,,,
kts21-ptpt-0038.ec,,,TO,,,,
kts21-ptpt-0039.ec,,,TO,,,,
kts21-ptpt-0040.ec,,,TO,,,,
kts21-ptpt-0041.ec,,,TO,,,,
kts21-ptpt-0042.ec,,,TO,,,,
kts21-ptpt-0043.ec,,,TO,,,,
kts21-ptpt-0044.ec,,,TO,,,,
kts21-ptpt-0045.ec,,,TO,,,,
kts21-ptpt-0046.ec,,,TO,,,,
kts21-ptpt-0047.ec,,,TO,,,,
kts21-ptpt-0048.ec,,,TO,,,,
kts21-ptpt-0049.ec,,,TO,,,,
kts21-ptpt-0050.ec,,,TO,,,,
kts21-ptpt-0051.ec,,,TO,,,,
kts21-ptpt-0052.ec,,,TO,,,,
kts21-ptpt-0053.ec,,,TO,,,,
kts21-ptpt-0054.ec,,,TO,,,,
kts21-ptpt-0055.ec,,,TO,,,,
kts21-ptpt-0056.ec,,,TO,,,,
kts21-ptpt-0057.ec,,,TO,,,,
kts21-ptpt-0058.ec,,,TO,,,,
kts21-ptpt-0059.ec,,,TO,,,,
kts21-ptpt-0060.ec,,,TO,,,,
kts21-ptpt-0061.ec,,,TO,,,,
kts21-ptpt-0062.ec,,,TO,,,,
kts21-ptpt-0063.ec,,,TO,,,,
kts21-ptpt-0064.ec,,,TO,,,,
kts21-ptpt-0065.ec,,,TO,,,,
kts21-ptpt-0066.ec,,,TO,,,,
kts21-ptpt-0067.ec,,,TO,,,,
kts21-ptpt-0068.ec,,,TO,,,,
kts21-ptpt-0069.ec,,,TO,,,,
kts21-ptpt-0070.ec,,,TO,,,,
kts21-ptpt-0071.ec,,,TO,,,,
kts21-ptpt-0072.ec,,,TO,,,,
kts21-ptpt-0073.ec,,,TO,,,,
kts21-ptpt-0074.ec,,,TO,,,,
kts21-ptpt-0075.ec,,,TO,,,,
kts21-ptpt-0076.ec,,,TO,,,,
kts21-ptpt-0077.ec,,,TO,,,,
kts21-ptpt-0078.ec,,,TO,,,,
kts21-ptpt-0079.ec,,,TO,,,,
kts21-ptpt-0080.ec,,,TO,,,,
kts21-ptpt-0081.ec,,,TO,,,,
kts21-ptpt-0082.ec,,,TO,,,,
kts21-ptpt-0083.ec,,,TO,,,,
kts21-ptpt-0084.ec,,,TO,,,,
kts21-ptpt-0085.ec,,,TO,,,,
kts21-ptpt-0086.ec,,,TO,,,,
kts21-ptpt-0087.ec,,,TO,,,,
kts21-ptpt-0088.ec,,,TO,,,,
kts21-ptpt-0089.ec,,,TO,,,,
kts21-ptpt-0090.ec,,,TO,,,,
kts21-ptpt-0091.ec,,,TO,,,,
kts21-ptpt-0092.ec,,,TO,,,,
kts21-ptpt-0093.ec,,,TO,,,,
kts21-ptpt-0094.ec,,,TO,,,,
kts21-ptpt-0095.ec,,,TO,,,,
kts21-ptpt-0096.ec,,,TO,,,,
kts21-ptpt-0097.ec,,,TO,,,,
kts21-ptpt-0098.ec,,,TO,,,,
kts21-ptpt-0099.ec,,,TO,,,,
kts21-ptpt-0100.ec,,,TO,,,,
latin6-blk-00001.ec,60,60,0.0009,48,1,,501
latin6-blk-00002.ec,60,62,0.0010,56,1,,515
latin6-blk-00003.ec,60,64,0.0013,80,1,,709
latin6-blk-00004.ec,60,63,0.0011,72,1,,557
latin6-blk-00005.ec,60,65,0.0013,80,1,,697
latin6-blk-00006.ec,60,64,0.0012,88,1,,653
latin6-blk-00007.ec,60,65,0.0012,80,1,,669
latin7-blk-00001.ec,90,120,0.1550,10752,1,,73886
latin7-blk-00002.ec,90,122,0.2072,14976,1,,88132
latin7-blk-00003.ec,90,123,0.2600,17280,1,,96127
latin7-blk-00004.ec,90,124,0.2588,19840,1,,105286
latin7-blk-00005.ec,90,124,0.2356,20480,1,,103518
latin7-blk-00006.ec,90,126,0.2878,29056,1,,128244
latin7-blk-00007.ec,90,125,0.2828,23616,1,,111095
latin7-blk-00008.ec,90,126,0.2795,27072,1,,122203
latin7-blk-00009.ec,90,126,0.2656,27776,1,,118214
latin8-blk-00001.ec,,,TO,,,,
latin8-blk-00002.ec,,,TO,,,,
latin8-blk-00003.ec,,,TO,,,,
latin8-blk-00004.ec,,,TO,,,,
latin8-blk-00005.ec,,,TO,,,,
latin8-blk-00006.ec,,,TO,,,,
latin8-blk-00007.ec,,,TO,,,,
latin8-blk-00008.ec,,,TO,,,,
latin8-blk-00009.ec,,,TO,,,,
latin8-blk-00010.ec,,,TO,,,,
latin8-blk-00011.ec,,,TO,,,,
latin8-blk-00012.ec,,,TO,,,,
latin8-blk-00013.ec,,,TO,,,,
latin8-blk-00014.ec,,,TO,,,,
latin8-blk-00015.ec,,,TO,,,,
meteor.txt,60,2464,41.9762,9212,1,,2043
sppaa01.txt,,,TO,,,,
sppaa02.txt,,,TO,,,,
sppaa03.txt,,,TO,,,,
sppaa04.txt,,,TO,,,,
sppaa05.txt,,,TO,,,,
sppaa06.txt,,,TO,,,,
sppkl01.txt,,,TO,,,,
sppkl02.txt,,,TO,,,,
sppnw01.txt,135,51975,,,,,
sppnw02.txt,145,87879,,,,,
sppnw03.txt,59,43749,,,,,
sppnw04.txt,36,87482,,,,,
sppnw05.txt,71,288507,,,,,
sppnw06.txt,,,TO,,,,
sppnw07.txt,,,TO,,,,
sppnw08.txt,24,434,0.9077,285701,1,,11823
sppnw09.txt,40,3103,423.0705,24534801581,1,,6451964
sppnw10.txt,24,853,9.4173,318168,1,,25106
sppnw11.txt,,,TO,,,,
sppnw12.txt,27,626,31.7117,496333530,5,,4739
sppnw13.txt,,,TO,,,,
sppnw14.txt,73,123409,,,,,
sppnw15.txt,31,467,13.0498,46,3,,60
sppnw16.txt,139,148633,,,,,
sppnw17.txt,61,118607,,,,,
sppnw18.txt,,,TO,,,,
sppnw19.txt,40,2879,278.7269,9838227358,1,,750548
sppnw20.txt,22,685,2.0856,538696,1,,18936
sppnw21.txt,25,577,1.4874,291047,1,,13372
sppnw22.txt,23,619,1.8865,286758,1,,24057
sppnw23.txt,19,711,80.6024,86860,4,,3692
sppnw24.txt,19,1366,31.7137,725183,1,,27816
sppnw25.txt,20,1217,16.6956,2225105,1,,45772
sppnw26.txt,23,771,10.2770,805896,1,,4331
sppnw27.txt,22,1355,31.9394,1046161,1,,19769
sppnw28.txt,18,1210,21.1740,20117,1,,3589
sppnw29.txt,18,2540,336.6108,16937657,1,,249601
sppnw30.txt,26,2653,259.4563,4122439,1,,98564
sppnw31.txt,26,2662,200.3474,3450340,1,,93005
sppnw32.txt,19,294,2.5381,127126,2,,4196
sppnw33.txt,23,3068,406.0754,4589163,1,,155757
sppnw34.txt,20,899,9.8551,977866,1,,22176
sppnw35.txt,23,1709,43.2311,184967,1,,25452
sppnw36.txt,20,1783,54.6178,25474,1,,11814
sppnw37.txt,19,770,3.5146,3740550,1,,29489
sppnw38.txt,23,1220,787.3148,221292,2,,3673
sppnw39.txt,25,677,1.9780,737597,1,,23364
sppnw40.txt,19,404,0.2734,298956,1,,9228
sppnw41.txt,17,197,0.0515,163155,1,,4056
sppnw42.txt,23,1079,2.9963,230326,1,,4445
sppnw43.txt,18,1072,51.9584,5446402,3,,135058
sppus02.txt,,,TO,,,,
sppus03.txt,77,85552,,,,,
sppus04.txt,,,TO,,,,
sts15-blk-00001.ec,48,64,0.0025,576,1,,1488
sts15-blk-00002.ec,48,72,0.0017,288,1,,768
sts15-blk-00003.ec,48,72,0.0021,144,1,,527
sts15-blk-00004.ec,48,72,0.0031,144,1,,527
sts15-blk-00005.ec,48,72,0.0006 (WARNING: 0 solutions),0,1,,0
sts15-blk-00006.ec,48,76,0.0007,40,1,,327
sts15-blk-00007.ec,48,76,0.0008,8,1,,116
sts15-blk-00008.ec,48,76,0.0008,40,1,,325
sts15-blk-00009.ec,48,76,0.0008,8,1,,117
sts15-blk-00010.ec,48,76,0.0010,64,1,,432
sts15-blk-00011.ec,48,76,0.0007,8,1,,120
sts15-blk-00012.ec,48,76,0.0009,16,1,,140
sts15-blk-00013.ec,48,76,0.0008,8,1,,119
sts15-blk-00014.ec,48,72,0.0007 (WARNING: 0 solutions),0,1,,0
sts15-blk-00015.ec,48,74,0.0006 (WARNING: 0 solutions),0,1,,0
sts15-blk-00016.ec,48,76,0.0002 (WARNING: 0 solutions),0,1,,0
sts15-blk-00017.ec,48,76,0.0009,16,1,,130
sts15-blk-00018.ec,48,76,0.0008,8,1,,120
sts15-blk-00019.ec,48,76,0.0009,32,1,,223
sts15-blk-00020.ec,48,75,0.0013,28,1,,305
sts15-blk-00021.ec,48,76,0.0014,40,1,,390
sts15-blk-00022.ec,48,74,0.0013,24,1,,315
sts15-blk-00023.ec,48,74,0.0013,20,1,,235
sts15-blk-00024.ec,48,74,0.0010,16,1,,198
sts15-blk-00025.ec,48,76,0.0011,20,1,,233
sts15-blk-00026.ec,48,76,0.0013,40,1,,401
sts15-blk-00027.ec,48,76,0.0011,40,1,,329
sts15-blk-00028.ec,48,72,0.0009,24,1,,234
sts15-blk-00029.ec,48,74,0.0010,16,1,,208
sts15-blk-00030.ec,48,74,0.0009,20,1,,255
sts15-blk-00031.ec,48,74,0.0009,20,1,,255
sts15-blk-00032.ec,48,74,0.0013,24,1,,224
sts15-blk-00033.ec,48,74,0.0012,48,1,,250
sts15-blk-00034.ec,48,74,0.0012,24,1,,233
sts15-blk-00035.ec,48,71,0.0011,48,1,,387
sts15-blk-00036.ec,48,75,0.0011,16,1,,182
sts15-blk-00037.ec,48,76,0.0010,8,1,,111
sts15-blk-00038.ec,48,76,0.0009,8,1,,122
sts15-blk-00039.ec,48,76,0.0009,24,1,,251
sts15-blk-00040.ec,48,76,0.0008,32,1,,246
sts15-blk-00041.ec,48,72,0.0005 (WARNING: 0 solutions),0,1,,0
sts15-blk-00042.ec,48,75,0.0009,24,1,,260
sts15-blk-00043.ec,48,74,0.0011,24,1,,215
sts15-blk-00044.ec,48,76,0.0010,24,1,,256
sts15-blk-00045.ec,48,76,0.0011,20,1,,241
sts15-blk-00046.ec,48,76,0.0009,24,1,,163
sts15-blk-00047.ec,48,75,0.0011,20,1,,220
sts15-blk-00048.ec,48,75,0.0012,28,1,,265
sts15-blk-00049.ec,48,74,0.0004 (WARNING: 0 solutions),0,1,,0
sts15-blk-00050.ec,48,75,0.0011,16,1,,183
sts15-blk-00051.ec,48,76,0.0009 (WARNING: 0 solutions),0,1,,0
sts15-blk-00052.ec,48,76,0.0009 (WARNING: 0 solutions),0,1,,0
sts15-blk-00053.ec,48,76,0.0010,48,1,,361
sts15-blk-00054.ec,48,76,0.0009,20,1,,230
sts15-blk-00055.ec,48,75,0.0009,28,1,,306
sts15-blk-00056.ec,48,75,0.0010,20,1,,159
sts15-blk-00057.ec,48,74,0.0011,24,1,,243
sts15-blk-00058.ec,48,76,0.0007,16,1,,135
sts15-blk-00059.ec,48,73,0.0010,36,1,,323
sts15-blk-00060.ec,48,73,0.0009,16,1,,179
sts15-blk-00061.ec,48,74,0.0010,24,1,,205
sts15-blk-00062.ec,48,74,0.0008,24,1,,208
sts15-blk-00063.ec,48,68,0.0016,192,1,,1016
sts15-blk-00064.ec,48,70,0.0018,144,1,,1008
sts15-blk-00065.ec,48,71,0.0017,96,1,,859
sts15-blk-00066.ec,48,72,0.0013,288,1,,673
sts15-blk-00067.ec,48,72,0.0010,24,1,,218
sts15-blk-00068.ec,48,74,0.0009,28,1,,294
sts15-blk-00069.ec,48,74,0.0012,16,1,,212
sts15-blk-00070.ec,48,73,0.0008,36,1,,330
sts15-blk-00071.ec,48,75,0.0011,20,1,,193
sts15-blk-00072.ec,48,75,0.0010,16,1,,200
sts15-blk-00073.ec,48,74,0.0012,20,1,,246
sts15-blk-00074.ec,48,75,0.0008,16,1,,209
sts15-blk-00075.ec,48,75,0.0011,20,1,,192
sts15-blk-00076.ec,48,75,0.0011,16,1,,201
sts15-blk-00077.ec,48,74,0.0011,20,1,,238
sts15-blk-00078.ec,48,73,0.0011,20,1,,218
sts15-blk-00079.ec,48,75,0.0013,36,1,,340
sts15-blk-00080.ec,48,74,0.0008,16,1,,210
sts15-blk-00081.ec,48,74,0.0013,20,1,,244
sts15-blk-00082.ec,48,74,0.0009,24,1,,314
sts15-blk-00083.ec,48,72,0.0008 (WARNING: 0 solutions),0,1,,0
sts15-blk-00084.ec,48,74,0.0011,16,1,,209
sts15-blk-00085.ec,48,74,0.0014,32,1,,272
sts15-blk-00086.ec,48,73,0.0008,8,1,,93
sts15-blk-00087.ec,48,74,0.0011,48,1,,252
sts15-blk-00088.ec,48,73,0.0010,16,1,,185
sts15-blk-00089.ec,48,75,0.0012,20,1,,211
sts15-blk-00090.ec,48,74,0.0010,48,1,,250
sts15-blk-00091.ec,48,72,0.0011,24,1,,211
sts15-blk-00092.ec,48,74,0.0011,24,1,,224
sts15-blk-00093.ec,48,70,0.0011,32,1,,258
sts15-blk-00094.ec,48,76,0.0010,8,1,,112
sts15-blk-00095.ec,48,75,0.0007,16,1,,171
sts15-blk-00096.ec,48,75,0.0009,24,1,,189
sts15-blk-00097.ec,48,74,0.0009,12,1,,116
sts15-blk-00098.ec,48,76,0.0007,24,1,,127
sts15-blk-00099.ec,48,76,0.0009,20,1,,164
sts15-blk-00100.ec,48,75,0.0010,28,1,,267
sts15-blk-00101.ec,48,76,0.0008,20,1,,145
sts15-blk-00102.ec,48,75,0.0009,24,1,,279
sts15-blk-00103.ec,48,76,0.0009,8,1,,114
sts15-blk-00104.ec,48,75,0.0011,20,1,,219
sts15-blk-00105.ec,48,75,0.0012,24,1,,273
sts15-blk-00106.ec,48,75,0.0009,20,1,,198
sts15-blk-00107.ec,48,75,0.0012,24,1,,277
sts15-blk-00108.ec,48,76,0.0012,64,1,,452
sts15-blk-00109.ec,48,76,0.0009,32,1,,267
sts15-blk-00110.ec,48,76,0.0009,48,1,,377
sts15-blk-00111.ec,48,76,0.0009,24,1,,271
sts15-blk-00112.ec,48,76,0.0009,16,1,,119
sts15-blk-00113.ec,48,74,0.0005 (WARNING: 0 solutions),0,1,,0
sts15-blk-00114.ec,48,73,0.0007 (WARNING: 0 solutions),0,1,,0
sts15-blk-00115.ec,48,74,0.0012,24,1,,227
sts15-blk-00116.ec,48,75,0.0008,16,1,,185
sts15-blk-00117.ec,48,72,0.0008 (WARNING: 0 solutions),0,1,,0
sts15-blk-00118.ec,48,76,0.0005 (WARNING: 0 solutions),0,1,,0
sts15-blk-00119.ec,48,76,0.0009,16,1,,140
sts15-blk-00120.ec,48,76,0.0013,24,1,,262
sts15-blk-00121.ec,48,75,0.0010,20,1,,221
sts15-blk-00122.ec,48,76,0.0006 (WARNING: 0 solutions),0,1,,0
sts15-blk-00123.ec,48,74,0.0008 (WARNING: 0 solutions),0,1,,0
sts15-blk-00124.ec,48,75,0.0007 (WARNING: 0 solutions),0,1,,0
sts15-blk-00125.ec,48,76,0.0008,16,1,,172
sts15-blk-00126.ec,48,74,0.0011,24,1,,229
sts15-blk-00127.ec,48,74,0.0004 (WARNING: 0 solutions),0,1,,0
sts15-blk-00128.ec,48,76,0.0009,24,1,,255
sts15-blk-00129.ec,48,76,0.0011,40,1,,345
sts15-blk-00130.ec,48,76,0.0011,12,1,,156
sts15-blk-00131.ec,48,75,0.0009,24,1,,251
sts15-blk-00132.ec,48,76,0.0012,28,1,,323
sts15-blk-00133.ec,48,76,0.0008,20,1,,228
sts15-blk-00134.ec,48,76,0.0012,28,1,,311
sts15-blk-00135.ec,48,73,0.0011,28,1,,315
sts15-blk-00136.ec,48,74,0.0010,16,1,,181
sts15-blk-00137.ec,48,74,0.0011,16,1,,178
sts15-blk-00138.ec,48,74,0.0009,20,1,,235
sts15-blk-00139.ec,48,73,0.0008 (WARNING: 0 solutions),0,1,,0
sts15-blk-00140.ec,48,76,0.0009,48,1,,356
sts15-blk-00141.ec,48,75,0.0008,20,1,,240
sts15-blk-00142.ec,48,74,0.0010,20,1,,227
sts15-blk-00143.ec,48,76,0.0011,16,1,,221
sts15-blk-00144.ec,48,76,0.0008,16,1,,177
sts15-blk-00145.ec,48,74,0.0009,24,1,,302
sts15-blk-00146.ec,48,75,0.0011,28,1,,241
sts15-blk-00147.ec,48,74,0.0008,28,1,,276
sts15-blk-00148.ec,48,74,0.0008,28,1,,262
sts15-blk-00149.ec,48,76,0.0007,24,1,,254
sts15-blk-00150.ec,48,73,0.0011,16,1,,168
sts15-blk-00151.ec,48,75,0.0011,28,1,,241
sts15-blk-00152.ec,48,75,0.0009,24,1,,269
sts15-blk-00153.ec,48,72,0.0014,64,1,,512
sts15-blk-00154.ec,48,72,0.0013,40,1,,448
sts15-blk-00155.ec,48,76,0.0010,40,1,,322
sts15-blk-00156.ec,48,76,0.0008,8,1,,121
sts15-blk-00157.ec,48,76,0.0010,24,1,,254
sts19-blk-00001.ec,,,TO,,,,
sts19-blk-00002.ec,,,TO,,,,
sts19-blk-00003.ec,,,TO,,,,
sts19-blk-00004.ec,,,TO,,,,
sts19-blk-00005.ec,,,TO,,,,
sts19-blk-00006.ec,,,TO,,,,
sts19-blk-00007.ec,,,TO,,,,
sts19-blk-00008.ec,,,TO,,,,
sts19-blk-00009.ec,,,TO,,,,
sts19-blk-00010.ec,,,TO,,,,
sts19-blk-00011.ec,,,TO,,,,
sts19-blk-00012.ec,,,TO,,,,
sts19-blk-00013.ec,,,TO,,,,
sts19-blk-00014.ec,,,TO,,,,
sts19-blk-00015.ec,,,TO,,,,
sts19-blk-00016.ec,,,TO,,,,
sts19-blk-00017.ec,,,TO,,,,
sts19-blk-00018.ec,,,TO,,,,
sts19-blk-00019.ec,,,TO,,,,
sts19-blk-00020.ec,,,TO,,,,
sts19-blk-00021.ec,,,TO,,,,
sts19-blk-00022.ec,,,TO,,,,
sts19-blk-00023.ec,,,TO,,,,
sts19-blk-00024.ec,,,TO,,,,
sts19-blk-00025.ec,,,TO,,,,
sts19-blk-00026.ec,,,TO,,,,
sts19-blk-00027.ec,,,TO,,,,
sts19-blk-00028.ec,,,TO,,,,
sts19-blk-00029.ec,,,TO,,,,
sts19-blk-00030.ec,,,TO,,,,
sts19-blk-00031.ec,,,TO,,,,
sts19-blk-00032.ec,,,TO,,,,
sts19-blk-00033.ec,,,TO,,,,
sts19-blk-00034.ec,,,TO,,,,
sts19-blk-00035.ec,,,TO,,,,
sts19-blk-00036.ec,,,TO,,,,
sts19-blk-00037.ec,,,TO,,,,
sts19-blk-00038.ec,,,TO,,,,
sts19-blk-00039.ec,,,TO,,,,
sts19-blk-00040.ec,,,TO,,,,
sts19-blk-00041.ec,,,TO,,,,
sts19-blk-00042.ec,,,TO,,,,
sts19-blk-00043.ec,,,TO,,,,
sts19-blk-00044.ec,,,TO,,,,
sts19-blk-00045.ec,,,TO,,,,
sts19-blk-00046.ec,,,TO,,,,
sts19-blk-00047.ec,,,TO,,,,
sts19-blk-00048.ec,,,TO,,,,
sts19-blk-00049.ec,,,TO,,,,
sts19-blk-00050.ec,,,TO,,,,
sts19-blk-00051.ec,,,TO,,,,
sts19-blk-00052.ec,,,TO,,,,
sts19-blk-00053.ec,,,TO,,,,
sts19-blk-00054.ec,,,TO,,,,
sts19-blk-00055.ec,,,TO,,,,
sts19-blk-00056.ec,,,TO,,,,
sts19-blk-00057.ec,,,TO,,,,
sts19-blk-00058.ec,,,TO,,,,
sts19-blk-00059.ec,,,TO,,,,
sts19-blk-00060.ec,,,TO,,,,
sts19-blk-00061.ec,,,TO,,,,
sts19-blk-00062.ec,,,TO,,,,
sts19-blk-00063.ec,,,TO,,,,
sts19-blk-00064.ec,,,TO,,,,
sts19-blk-00065.ec,,,TO,,,,
sts19-blk-00066.ec,,,TO,,,,
sts19-blk-00067.ec,,,TO,,,,
sts19-blk-00068.ec,,,TO,,,,
sts19-blk-00069.ec,,,TO,,,,
sts19-blk-00070.ec,,,TO,,,,
sts19-blk-00071.ec,,,TO,,,,
sts19-blk-00072.ec,,,TO,,,,
sts19-blk-00073.ec,,,TO,,,,
sts19-blk-00074.ec,,,TO,,,,
sts19-blk-00075.ec,96,272,210.1627,26302466,1,,28587888
sts19-blk-00076.ec,,,TO,,,,
sts19-blk-00077.ec,96,272,212.5925,26302466,1,,28584449
sts19-blk-00078.ec,,,TO,,,,
sts19-blk-00079.ec,,,TO,,,,
sts19-blk-00080.ec,,,TO,,,,
sts19-blk-00081.ec,,,TO,,,,
sts19-blk-00082.ec,,,TO,,,,
sts19-blk-00083.ec,,,TO,,,,
sts19-blk-00084.ec,,,TO,,,,
sts19-blk-00085.ec,,,TO,,,,
sts19-blk-00086.ec,,,TO,,,,
sts19-blk-00087.ec,,,TO,,,,
sts19-blk-00088.ec,,,TO,,,,
sts19-blk-00089.ec,,,TO,,,,
sts19-blk-00090.ec,,,TO,,,,
sts19-blk-00091.ec,,,TO,,,,
sts19-blk-00092.ec,,,TO,,,,
sts19-blk-00093.ec,,,TO,,,,
sts19-blk-00094.ec,,,TO,,,,
sts19-blk-00095.ec,,,TO,,,,
sts19-blk-00096.ec,,,TO,,,,
sts19-blk-00097.ec,,,TO,,,,
sts19-blk-00098.ec,,,TO,,,,
sts19-blk-00099.ec,,,TO,,,,
sts19-blk-00100.ec,,,TO,,,,
sts19-blk-00101.ec,,,TO,,,,
sts19-blk-00102.ec,,,TO,,,,
sts19-blk-00103.ec,,,TO,,,,
sts19-blk-00104.ec,,,TO,,,,
sts19-blk-00105.ec,,,TO,,,,
sts19-blk-00106.ec,,,TO,,,,
sts19-blk-00107.ec,,,TO,,,,
sts19-blk-00108.ec,,,TO,,,,
sts19-blk-00109.ec,,,TO,,,,
sts19-blk-00110.ec,,,TO,,,,
sts19-blk-00111.ec,,,TO,,,,
sts19-blk-00112.ec,,,TO,,,,
sts19-blk-00113.ec,,,TO,,,,
sts19-blk-00114.ec,,,TO,,,,
sts19-blk-00115.ec,,,TO,,,,
sts19-blk-00116.ec,,,TO,,,,
sts19-blk-00117.ec,,,TO,,,,
sts19-blk-00118.ec,,,TO,,,,
sts19-blk-00119.ec,,,TO,,,,
sts19-blk-00120.ec,,,TO,,,,
sts19-blk-00121.ec,,,TO,,,,
sts19-blk-00122.ec,,,TO,,,,
sts19-blk-00123.ec,,,TO,,,,
sts19-blk-00124.ec,,,TO,,,,
sts19-blk-00125.ec,,,TO,,,,
sts19-blk-00126.ec,,,TO,,,,
sts19-blk-00127.ec,,,TO,,,,
sts19-blk-00128.ec,,,TO,,,,
sts19-blk-00129.ec,,,TO,,,,
sts19-blk-00130.ec,,,TO,,,,
sts19-blk-00131.ec,,,TO,,,,
sts19-blk-00132.ec,,,TO,,,,
sts19-blk-00133.ec,,,TO,,,,
sts19-blk-00134.ec,,,TO,,,,
sts19-blk-00135.ec,,,TO,,,,
sts19-blk-00136.ec,,,TO,,,,
sts19-blk-00137.ec,,,TO,,,,
sts19-blk-00138.ec,,,TO,,,,
sts19-blk-00139.ec,,,TO,,,,
sts19-blk-00140.ec,,,TO,,,,
sts19-blk-00141.ec,,,TO,,,,
sts19-blk-00142.ec,,,TO,,,,
sts19-blk-00143.ec,,,TO,,,,
sts19-blk-00144.ec,,,TO,,,,
sts19-blk-00145.ec,,,TO,,,,
sts19-blk-00146.ec,,,TO,,,,
sts19-blk-00147.ec,,,TO,,,,
sts19-blk-00148.ec,,,TO,,,,
sts19-blk-00149.ec,,,TO,,,,
sts19-blk-00150.ec,,,TO,,,,
sts19-blk-00151.ec,,,TO,,,,
sts19-blk-00152.ec,,,TO,,,,
sts19-blk-00153.ec,,,TO,,,,
sts19-blk-00154.ec,,,TO,,,,
sts19-blk-00155.ec,,,TO,,,,
sts19-blk-00156.ec,,,TO,,,,
sts19-blk-00157.ec,,,TO,,,,
sts19-blk-00158.ec,,,TO,,,,
sts19-blk-00159.ec,,,TO,,,,
sts19-blk-00160.ec,,,TO,,,,
sts19-blk-00161.ec,,,TO,,,,
sts19-blk-00162.ec,,,TO,,,,
sts19-blk-00163.ec,,,TO,,,,
sts19-blk-00164.ec,,,TO,,,,
sts19-blk-00165.ec,,,TO,,,,
sts19-blk-00166.ec,,,TO,,,,
sts19-blk-00167.ec,,,TO,,,,
sts19-blk-00168.ec,,,TO,,,,
sts19-blk-00169.ec,,,TO,,,,
sts19-blk-00170.ec,,,TO,,,,
sts19-blk-00171.ec,,,TO,,,,
sts19-blk-00172.ec,,,TO,,,,
sts19-blk-00173.ec,,,TO,,,,
sts19-blk-00174.ec,,,TO,,,,
sts19-blk-00175.ec,,,TO,,,,
sts19-blk-00176.ec,,,TO,,,,
sts19-blk-00177.ec,,,TO,,,,
sts19-blk-00178.ec,,,TO,,,,
sts19-blk-00179.ec,,,TO,,,,
sts19-blk-00180.ec,,,TO,,,,
sts19-blk-00181.ec,,,TO,,,,
sts19-blk-00182.ec,,,TO,,,,
sts19-blk-00183.ec,,,TO,,,,
sts19-blk-00184.ec,,,TO,,,,
sts19-blk-00185.ec,,,TO,,,,
sts19-blk-00186.ec,,,TO,,,,
sts19-blk-00187.ec,,,TO,,,,
sts19-blk-00188.ec,,,TO,,,,
sts19-blk-00189.ec,,,TO,,,,
sts19-blk-00190.ec,,,TO,,,,
sts19-blk-00191.ec,,,TO,,,,
sts19-blk-00192.ec,,,TO,,,,
sts19-blk-00193.ec,,,TO,,,,
sts19-blk-00194.ec,,,TO,,,,
sts19-blk-00195.ec,,,TO,,,,
sts19-blk-00196.ec,,,TO,,,,
sts19-blk-00197.ec,,,TO,,,,
sts19-blk-00198.ec,,,TO,,,,
sts19-blk-00199.ec,,,TO,,,,
sts19-blk-00200.ec,,,TO,,,,
tetrominoes_4x5.txt,20,161,0.0179,454,1,,462
tetrominoes_4x7.txt,28,257,0.0399,9157,1,,1118
tetrominoes_6x6.txt,36,381,0.3501,178939,1,,25819
tetrominoes_6x8.txt,48,553,3.2452,22483379,1,,219153
tetrominoes_8x8.txt,64,801,157.0120,19077280974,1,,10387707
