instance,input,rows,cols,report_dyndxd_time_s,report_dxd_time_s,dyndxd_status,dyndxd_time_s,dyndxd_cc_cpu_s,dxd_status,dxd_time_s,dxd_cc_cpu_s,solutions,max_blocks
bell-06,data/batch_2/exact_cover_benchmarks/bell-06.ec,63,6,0.0008,0.0003,success,0.000082,0.000000,success,0.000293,0.000040,203,1
bell-07,data/batch_2/exact_cover_benchmarks/bell-07.ec,127,7,0.0053,0.0012,success,0.000221,0.000000,success,0.001133,0.000110,877,1
bell-08,data/batch_2/exact_cover_benchmarks/bell-08.ec,255,8,0.0455,0.0052,success,0.000790,0.000000,success,0.005056,0.000305,4140,1
bell-09,data/batch_2/exact_cover_benchmarks/bell-09.ec,511,9,0.4484,0.0243,success,0.003254,0.000000,success,0.024128,0.000933,21147,1
grafo8513.100,data/batch_2/graphs_set/grafo8513.100.txt,2092,167,6.6947,157.1991,solution_mismatch,3.712278,3.336739,solution_mismatch,5.063420,1.497768,17470767885488472684314354580,5
grafo8963.92,data/batch_2/graphs_set/grafo8963.92.txt,2704,167,3.1112,5.8281,success,1.187928,1.099056,success,1.850457,0.640216,22926250524268338334887333870000,6
meteor,data/batch_2/set_partition_benchmarks/meteor.txt,2464,60,41.9762,34.794,success,50.357285,49.596197,success,31.199846,10.840737,9212,1
sppnw09,data/batch_2/set_partition_benchmarks/sppnw09.txt,3103,40,174.7999,403.0705,solution_mismatch,346.145979,201.837472,solution_mismatch,159.469057,13.532147,24534801581,3
sppnw19,data/batch_2/set_partition_benchmarks/sppnw19.txt,2879,40,278.7269,29.582,success,221.115860,215.247656,success,26.118254,2.615019,9838227358,1
