dataset,instance,input,status,time_s,error,Status,Init_Graph_E,Query,Splits,ETT_cc_times,ETT_dec_calls,ETT_DXD_V,ETT_DXD_E,ETT_Vd,ETT_Ed,ETT_Er
dominoes_set,dominoes_10x10,data/batch_2/dominoes_set/dominoes_10x10.txt,success,0.021841,,1,484,18,0,3,34,5040,13409,65,185,45
dominoes_set,dominoes_10x12,data/batch_2/dominoes_set/dominoes_10x12.txt,success,0.030798,,1,592,21,0,3,40,7220,19440,76,216,44
dominoes_set,dominoes_12x12,data/batch_2/dominoes_set/dominoes_12x12.txt,success,0.140972,,1,724,24,0,3,46,10140,27581,89,257,49
dominoes_set,dominoes_8x10,data/batch_2/dominoes_set/dominoes_8x10.txt,success,0.006755,,1,376,15,0,3,28,3256,8531,53,149,29
dominoes_set,dominoes_8x8,data/batch_2/dominoes_set/dominoes_8x8.txt,success,0.004381,,1,292,13,0,3,24,2160,5544,45,126,37
dominoes_set,tetrominoes_4x5,data/batch_2/dominoes_set/tetrominoes_4x5.txt,success,2.441148,,1,7667,95,12,3,835,26299,596965,14648,385713,4169
dominoes_set,tetrominoes_4x7,data/batch_2/dominoes_set/tetrominoes_4x7.txt,success,0.415956,,1,14109,5,0,3,8,1428,70966,192,12350,536
dominoes_set,tetrominoes_6x6,data/batch_2/dominoes_set/tetrominoes_6x6.txt,success,1.412156,,1,25016,6,0,3,10,2512,145384,286,21808,475
dominoes_set,tetrominoes_6x8,data/batch_2/dominoes_set/tetrominoes_6x8.txt,success,5.593869,,1,39264,7,0,3,12,4730,310507,344,28378,563
exact_cover_benchmarks,bell-06,data/batch_2/exact_cover_benchmarks/bell-06.ec,success,0.029852,,1,1652,2,0,2,153,1805,16160,1374,14785,171
exact_cover_benchmarks,bell-07,data/batch_2/exact_cover_benchmarks/bell-07.ec,success,0.442483,,1,7035,8,0,3,428,8002,137491,6336,129419,781
exact_cover_benchmarks,bell-08,data/batch_2/exact_cover_benchmarks/bell-08.ec,success,8.258765,,1,29360,30,0,3,1221,35915,1168403,29488,1121297,2607
exact_cover_benchmarks,bell-09,data/batch_2/exact_cover_benchmarks/bell-09.ec,success,1.459758,,1,120975,5,0,3,4,956,159026,480,120600,468
exact_cover_benchmarks,bell-10,data/batch_2/exact_cover_benchmarks/bell-10.ec,success,26.022283,,1,494252,5,0,3,4,1916,651626,960,492600,737
exact_cover_benchmarks,bell-11,data/batch_2/exact_cover_benchmarks/bell-11.ec,success,221.832758,,1,2007555,5,0,3,4,3836,2652146,1920,2000520,1904
exact_cover_benchmarks,bell-12,data/batch_2/exact_cover_benchmarks/bell-12.ec,time_out,,process timeout,,,,,,,,,,,
exact_cover_benchmarks,doublefact-09,data/batch_2/exact_cover_benchmarks/doublefact-09.ec,success,0.019222,,1,360,10,0,3,405,4304,17775,1552,8256,782
exact_cover_benchmarks,doublefact-11,data/batch_2/exact_cover_benchmarks/doublefact-11.ec,success,0.113367,,1,660,57,0,3,1287,19136,96045,5968,39504,3160
exact_cover_benchmarks,doublefact-13,data/batch_2/exact_cover_benchmarks/doublefact-13.ec,success,0.629214,,1,1092,245,0,3,3942,78625,464742,21585,171120,12969
exact_cover_benchmarks,doublefact-15,data/batch_2/exact_cover_benchmarks/doublefact-15.ec,success,0.028066,,1,1680,5,0,3,8,596,6770,92,1512,173
exact_cover_benchmarks,doublefact-17,data/batch_2/exact_cover_benchmarks/doublefact-17.ec,success,0.075437,,1,2448,6,0,3,10,885,11260,125,2280,247
exact_cover_benchmarks,doublefact-19,data/batch_2/exact_cover_benchmarks/doublefact-19.ec,success,0.214176,,1,3420,6,0,3,10,1165,16975,145,3060,265
exact_cover_benchmarks,doublefact-21,data/batch_2/exact_cover_benchmarks/doublefact-21.ec,success,0.574752,,1,4620,6,0,3,10,1485,24430,165,3960,338
exact_cover_benchmarks,doublefact-23,data/batch_2/exact_cover_benchmarks/doublefact-23.ec,success,1.894448,,1,6072,6,0,3,10,1845,33865,185,4980,464
exact_cover_benchmarks,doublefact-25,data/batch_2/exact_cover_benchmarks/doublefact-25.ec,success,5.318392,,1,7800,7,0,3,12,2470,48567,234,6708,521
exact_cover_benchmarks,doublefact-27,data/batch_2/exact_cover_benchmarks/doublefact-27.ec,success,16.853889,,1,9828,7,0,3,12,2974,64125,258,8148,758
exact_cover_benchmarks,doublefact-29,data/batch_2/exact_cover_benchmarks/doublefact-29.ec,success,49.712452,,1,12180,7,0,3,12,3526,82779,282,9732,692
exact_cover_benchmarks,kts15-ptpt-0003,data/batch_2/exact_cover_benchmarks/kts15-ptpt-0003.ec,success,0.655505,,1,15390,8,1,3,12,3051,94836,266,13256,67
exact_cover_benchmarks,kts15-ptpt-0004,data/batch_2/exact_cover_benchmarks/kts15-ptpt-0004.ec,success,0.682830,,1,15575,9,2,3,12,3049,95490,277,13701,168
exact_cover_benchmarks,kts15-ptpt-0006,data/batch_2/exact_cover_benchmarks/kts15-ptpt-0006.ec,success,0.635060,,1,15240,7,0,3,12,3047,94506,256,12838,39
exact_cover_benchmarks,kts15-ptpt-0007,data/batch_2/exact_cover_benchmarks/kts15-ptpt-0007.ec,success,0.762021,,1,15406,7,0,3,11,3070,99509,279,14641,57
exact_cover_benchmarks,kts15-ptpt-0009,data/batch_2/exact_cover_benchmarks/kts15-ptpt-0009.ec,success,0.761792,,1,15336,8,1,3,11,3069,99421,269,14161,72
exact_cover_benchmarks,kts15-ptpt-0011,data/batch_2/exact_cover_benchmarks/kts15-ptpt-0011.ec,success,0.800912,,1,15419,10,2,3,13,3382,106561,309,15494,123
exact_cover_benchmarks,kts15-ptpt-0012,data/batch_2/exact_cover_benchmarks/kts15-ptpt-0012.ec,success,0.655737,,1,15389,10,3,3,12,3069,95047,278,13665,232
exact_cover_benchmarks,kts15-ptpt-0013,data/batch_2/exact_cover_benchmarks/kts15-ptpt-0013.ec,success,0.671214,,1,15261,8,0,3,14,3302,98902,284,13625,126
exact_cover_benchmarks,kts15-ptpt-0014,data/batch_2/exact_cover_benchmarks/kts15-ptpt-0014.ec,success,0.600082,,1,15261,8,1,3,12,2855,81972,267,13283,114
exact_cover_benchmarks,kts15-ptpt-0015,data/batch_2/exact_cover_benchmarks/kts15-ptpt-0015.ec,success,0.639073,,1,15406,8,1,3,12,3010,92771,272,13458,261
exact_cover_benchmarks,kts15-ptpt-0016,data/batch_2/exact_cover_benchmarks/kts15-ptpt-0016.ec,success,0.673012,,1,15505,8,1,3,12,2934,90511,275,13673,250
exact_cover_benchmarks,kts15-ptpt-0017,data/batch_2/exact_cover_benchmarks/kts15-ptpt-0017.ec,success,0.646391,,1,15189,8,1,3,12,2984,90892,269,13211,157
exact_cover_benchmarks,kts15-ptpt-0018,data/batch_2/exact_cover_benchmarks/kts15-ptpt-0018.ec,success,0.691605,,1,15750,8,1,3,12,3083,97337,276,13692,84
exact_cover_benchmarks,kts15-ptpt-0020,data/batch_2/exact_cover_benchmarks/kts15-ptpt-0020.ec,success,0.790451,,1,15510,7,0,3,11,3054,99554,284,14959,154
exact_cover_benchmarks,kts15-ptpt-0021,data/batch_2/exact_cover_benchmarks/kts15-ptpt-0021.ec,success,0.677434,,1,15216,8,0,3,14,3310,98815,277,13425,165
exact_cover_benchmarks,latin6-blk-00001,data/batch_2/exact_cover_benchmarks/latin6-blk-00001.ec,success,0.001473,,1,180,8,0,3,14,601,1529,34,134,32
exact_cover_benchmarks,latin6-blk-00002,data/batch_2/exact_cover_benchmarks/latin6-blk-00002.ec,success,0.001739,,1,198,9,0,3,16,677,1771,38,157,38
exact_cover_benchmarks,latin6-blk-00003,data/batch_2/exact_cover_benchmarks/latin6-blk-00003.ec,success,0.002136,,1,216,9,0,3,16,699,1935,39,169,42
exact_cover_benchmarks,latin6-blk-00004,data/batch_2/exact_cover_benchmarks/latin6-blk-00004.ec,success,0.001824,,1,207,8,0,3,14,640,1789,35,150,41
exact_cover_benchmarks,latin6-blk-00005,data/batch_2/exact_cover_benchmarks/latin6-blk-00005.ec,success,0.002085,,1,225,9,0,3,16,710,2035,38,171,29
exact_cover_benchmarks,latin6-blk-00006,data/batch_2/exact_cover_benchmarks/latin6-blk-00006.ec,success,0.001914,,1,216,9,0,3,16,706,2013,38,165,36
exact_cover_benchmarks,latin6-blk-00007,data/batch_2/exact_cover_benchmarks/latin6-blk-00007.ec,success,0.001928,,1,225,9,0,3,16,720,2112,39,174,37
exact_cover_benchmarks,latin7-blk-00001,data/batch_2/exact_cover_benchmarks/latin7-blk-00001.ec,success,0.159559,,1,540,10,0,3,18,1594,6124,61,365,70
exact_cover_benchmarks,latin7-blk-00002,data/batch_2/exact_cover_benchmarks/latin7-blk-00002.ec,success,0.193513,,1,564,11,0,3,20,1746,6771,65,393,75
exact_cover_benchmarks,latin7-blk-00003,data/batch_2/exact_cover_benchmarks/latin7-blk-00003.ec,success,0.222484,,1,576,10,0,3,18,1650,6632,63,393,86
exact_cover_benchmarks,latin7-blk-00004,data/batch_2/exact_cover_benchmarks/latin7-blk-00004.ec,success,0.238348,,1,588,11,0,3,20,1782,7136,67,415,80
exact_cover_benchmarks,latin7-blk-00005,data/batch_2/exact_cover_benchmarks/latin7-blk-00005.ec,success,0.234033,,1,588,11,0,3,20,1777,7135,65,392,68
exact_cover_benchmarks,latin7-blk-00006,data/batch_2/exact_cover_benchmarks/latin7-blk-00006.ec,success,0.290376,,1,612,11,0,3,20,1803,7418,66,411,67
exact_cover_benchmarks,latin7-blk-00007,data/batch_2/exact_cover_benchmarks/latin7-blk-00007.ec,success,0.256269,,1,600,11,0,3,20,1798,7352,68,426,74
exact_cover_benchmarks,latin7-blk-00008,data/batch_2/exact_cover_benchmarks/latin7-blk-00008.ec,success,0.274191,,1,612,11,0,3,20,1796,7373,70,445,81
exact_cover_benchmarks,latin7-blk-00009,data/batch_2/exact_cover_benchmarks/latin7-blk-00009.ec,success,0.268292,,1,612,11,0,3,20,1812,7492,68,433,85
exact_cover_benchmarks,sts15-blk-00001,data/batch_2/exact_cover_benchmarks/sts15-blk-00001.ec,success,0.003328,,1,288,7,0,3,12,523,1899,41,238,69
exact_cover_benchmarks,sts15-blk-00002,data/batch_2/exact_cover_benchmarks/sts15-blk-00002.ec,success,0.002695,,1,396,7,0,3,12,592,2664,45,317,68
exact_cover_benchmarks,sts15-blk-00003,data/batch_2/exact_cover_benchmarks/sts15-blk-00003.ec,success,0.002519,,1,392,7,0,3,12,578,2503,47,331,66
exact_cover_benchmarks,sts15-blk-00004,data/batch_2/exact_cover_benchmarks/sts15-blk-00004.ec,success,0.002521,,1,392,7,0,3,12,578,2503,47,328,63
exact_cover_benchmarks,sts15-blk-00006,data/batch_2/exact_cover_benchmarks/sts15-blk-00006.ec,success,0.002704,,1,438,7,0,3,12,628,3077,46,325,57
exact_cover_benchmarks,sts15-blk-00007,data/batch_2/exact_cover_benchmarks/sts15-blk-00007.ec,success,0.002441,,1,440,7,0,3,12,625,3054,50,364,59
exact_cover_benchmarks,sts15-blk-00008,data/batch_2/exact_cover_benchmarks/sts15-blk-00008.ec,success,0.002640,,1,438,7,0,3,12,628,3076,47,330,57
exact_cover_benchmarks,sts15-blk-00009,data/batch_2/exact_cover_benchmarks/sts15-blk-00009.ec,success,0.002584,,1,440,7,0,3,12,625,3054,50,364,52
exact_cover_benchmarks,sts15-blk-00010,data/batch_2/exact_cover_benchmarks/sts15-blk-00010.ec,success,0.003059,,1,438,7,0,3,12,622,2979,46,334,37
exact_cover_benchmarks,sts15-blk-00011,data/batch_2/exact_cover_benchmarks/sts15-blk-00011.ec,success,0.002190,,1,444,8,0,3,14,705,3513,48,337,57
exact_cover_benchmarks,sts15-blk-00012,data/batch_2/exact_cover_benchmarks/sts15-blk-00012.ec,success,0.002346,,1,444,7,0,3,12,636,3187,47,349,57
exact_cover_benchmarks,sts15-blk-00013,data/batch_2/exact_cover_benchmarks/sts15-blk-00013.ec,success,0.002272,,1,444,8,0,3,14,705,3513,48,337,52
exact_cover_benchmarks,sts15-blk-00017,data/batch_2/exact_cover_benchmarks/sts15-blk-00017.ec,success,0.002683,,1,444,7,0,3,12,636,3187,47,349,67
exact_cover_benchmarks,sts15-blk-00018,data/batch_2/exact_cover_benchmarks/sts15-blk-00018.ec,success,0.002569,,1,444,8,0,3,14,705,3513,48,337,52
exact_cover_benchmarks,sts15-blk-00019,data/batch_2/exact_cover_benchmarks/sts15-blk-00019.ec,success,0.002446,,1,440,7,0,3,12,627,3075,46,328,43
exact_cover_benchmarks,sts15-blk-00020,data/batch_2/exact_cover_benchmarks/sts15-blk-00020.ec,success,0.002974,,1,426,8,0,3,14,691,3294,47,320,41
exact_cover_benchmarks,sts15-blk-00021,data/batch_2/exact_cover_benchmarks/sts15-blk-00021.ec,success,0.003133,,1,434,7,0,3,12,626,3011,47,336,58
exact_cover_benchmarks,sts15-blk-00022,data/batch_2/exact_cover_benchmarks/sts15-blk-00022.ec,success,0.002822,,1,410,7,0,3,12,608,2839,45,301,48
exact_cover_benchmarks,sts15-blk-00023,data/batch_2/exact_cover_benchmarks/sts15-blk-00023.ec,success,0.002867,,1,408,7,0,3,12,601,2783,49,332,54
exact_cover_benchmarks,sts15-blk-00024,data/batch_2/exact_cover_benchmarks/sts15-blk-00024.ec,success,0.002406,,1,408,7,0,3,12,610,2805,48,334,48
exact_cover_benchmarks,sts15-blk-00025,data/batch_2/exact_cover_benchmarks/sts15-blk-00025.ec,success,0.003112,,1,438,8,0,3,14,676,3171,52,362,57
exact_cover_benchmarks,sts15-blk-00026,data/batch_2/exact_cover_benchmarks/sts15-blk-00026.ec,success,0.002970,,1,434,8,0,3,14,679,3218,51,353,35
exact_cover_benchmarks,sts15-blk-00027,data/batch_2/exact_cover_benchmarks/sts15-blk-00027.ec,success,0.003187,,1,440,7,0,3,12,630,3096,45,323,55
exact_cover_benchmarks,sts15-blk-00028,data/batch_2/exact_cover_benchmarks/sts15-blk-00028.ec,success,0.002476,,1,387,8,0,3,14,661,2961,46,299,56
exact_cover_benchmarks,sts15-blk-00029,data/batch_2/exact_cover_benchmarks/sts15-blk-00029.ec,success,0.002781,,1,412,7,0,3,12,616,2905,44,302,49
exact_cover_benchmarks,sts15-blk-00030,data/batch_2/exact_cover_benchmarks/sts15-blk-00030.ec,success,0.002899,,1,410,8,1,3,12,616,2886,47,325,58
exact_cover_benchmarks,sts15-blk-00031,data/batch_2/exact_cover_benchmarks/sts15-blk-00031.ec,success,0.002958,,1,410,8,1,3,12,616,2886,47,325,58
exact_cover_benchmarks,sts15-blk-00032,data/batch_2/exact_cover_benchmarks/sts15-blk-00032.ec,success,0.002848,,1,415,7,0,3,12,610,2822,48,345,51
exact_cover_benchmarks,sts15-blk-00033,data/batch_2/exact_cover_benchmarks/sts15-blk-00033.ec,success,0.002694,,1,417,7,0,3,12,617,2925,45,314,47
exact_cover_benchmarks,sts15-blk-00034,data/batch_2/exact_cover_benchmarks/sts15-blk-00034.ec,success,0.002763,,1,413,7,0,3,12,603,2771,47,325,52
exact_cover_benchmarks,sts15-blk-00035,data/batch_2/exact_cover_benchmarks/sts15-blk-00035.ec,success,0.002630,,1,374,7,0,3,12,586,2573,44,286,56
exact_cover_benchmarks,sts15-blk-00036,data/batch_2/exact_cover_benchmarks/sts15-blk-00036.ec,success,0.002443,,1,426,8,1,3,12,615,2937,47,329,53
exact_cover_benchmarks,sts15-blk-00037,data/batch_2/exact_cover_benchmarks/sts15-blk-00037.ec,success,0.002609,,1,440,8,1,3,12,629,3130,46,316,52
exact_cover_benchmarks,sts15-blk-00038,data/batch_2/exact_cover_benchmarks/sts15-blk-00038.ec,success,0.002593,,1,444,8,0,3,14,705,3513,48,337,50
exact_cover_benchmarks,sts15-blk-00039,data/batch_2/exact_cover_benchmarks/sts15-blk-00039.ec,success,0.002911,,1,436,7,0,3,12,624,3027,46,319,52
exact_cover_benchmarks,sts15-blk-00040,data/batch_2/exact_cover_benchmarks/sts15-blk-00040.ec,success,0.002932,,1,440,7,0,3,12,634,3130,45,322,52
exact_cover_benchmarks,sts15-blk-00042,data/batch_2/exact_cover_benchmarks/sts15-blk-00042.ec,success,0.002900,,1,424,7,0,3,12,610,2828,48,341,41
exact_cover_benchmarks,sts15-blk-00043,data/batch_2/exact_cover_benchmarks/sts15-blk-00043.ec,success,0.002576,,1,412,7,0,3,12,608,2837,47,329,59
exact_cover_benchmarks,sts15-blk-00044,data/batch_2/exact_cover_benchmarks/sts15-blk-00044.ec,success,0.002827,,1,438,8,0,3,14,704,3386,51,358,64
exact_cover_benchmarks,sts15-blk-00045,data/batch_2/exact_cover_benchmarks/sts15-blk-00045.ec,success,0.002793,,1,438,8,0,3,14,698,3407,48,321,52
exact_cover_benchmarks,sts15-blk-00046,data/batch_2/exact_cover_benchmarks/sts15-blk-00046.ec,success,0.002339,,1,444,8,1,3,12,637,3168,45,326,45
exact_cover_benchmarks,sts15-blk-00047,data/batch_2/exact_cover_benchmarks/sts15-blk-00047.ec,success,0.002843,,1,426,7,0,3,12,624,2968,47,336,39
exact_cover_benchmarks,sts15-blk-00048,data/batch_2/exact_cover_benchmarks/sts15-blk-00048.ec,success,0.002815,,1,426,7,0,3,12,614,2916,47,331,46
exact_cover_benchmarks,sts15-blk-00050,data/batch_2/exact_cover_benchmarks/sts15-blk-00050.ec,success,0.002722,,1,422,7,0,3,12,614,2859,47,335,37
exact_cover_benchmarks,sts15-blk-00053,data/batch_2/exact_cover_benchmarks/sts15-blk-00053.ec,success,0.003314,,1,440,8,0,3,14,680,3221,53,377,56
exact_cover_benchmarks,sts15-blk-00054,data/batch_2/exact_cover_benchmarks/sts15-blk-00054.ec,success,0.002801,,1,438,7,0,3,12,627,3061,47,339,39
exact_cover_benchmarks,sts15-blk-00055,data/batch_2/exact_cover_benchmarks/sts15-blk-00055.ec,success,0.002833,,1,426,7,0,3,12,618,2932,47,339,43
exact_cover_benchmarks,sts15-blk-00056,data/batch_2/exact_cover_benchmarks/sts15-blk-00056.ec,success,0.002441,,1,428,7,0,3,12,625,3007,44,313,40
exact_cover_benchmarks,sts15-blk-00057,data/batch_2/exact_cover_benchmarks/sts15-blk-00057.ec,success,0.002508,,1,412,8,1,3,12,610,2862,48,333,50
exact_cover_benchmarks,sts15-blk-00058,data/batch_2/exact_cover_benchmarks/sts15-blk-00058.ec,success,0.002807,,1,444,7,0,3,12,631,3118,47,349,54
exact_cover_benchmarks,sts15-blk-00059,data/batch_2/exact_cover_benchmarks/sts15-blk-00059.ec,success,0.002706,,1,399,7,0,3,12,601,2765,44,300,39
exact_cover_benchmarks,sts15-blk-00060,data/batch_2/exact_cover_benchmarks/sts15-blk-00060.ec,success,0.002435,,1,399,7,0,3,12,604,2763,45,310,59
exact_cover_benchmarks,sts15-blk-00061,data/batch_2/exact_cover_benchmarks/sts15-blk-00061.ec,success,0.002731,,1,413,7,0,3,12,608,2866,47,328,64
exact_cover_benchmarks,sts15-blk-00062,data/batch_2/exact_cover_benchmarks/sts15-blk-00062.ec,success,0.002742,,1,415,7,0,3,12,599,2807,48,336,45
exact_cover_benchmarks,sts15-blk-00063,data/batch_2/exact_cover_benchmarks/sts15-blk-00063.ec,success,0.002896,,1,338,8,0,3,14,616,2506,44,268,43
exact_cover_benchmarks,sts15-blk-00064,data/batch_2/exact_cover_benchmarks/sts15-blk-00064.ec,success,0.003383,,1,364,8,0,3,14,642,2782,44,276,53
exact_cover_benchmarks,sts15-blk-00065,data/batch_2/exact_cover_benchmarks/sts15-blk-00065.ec,success,0.003282,,1,378,7,0,3,12,573,2447,47,321,47
exact_cover_benchmarks,sts15-blk-00066,data/batch_2/exact_cover_benchmarks/sts15-blk-00066.ec,success,0.003270,,1,396,8,0,3,14,658,3032,45,291,55
exact_cover_benchmarks,sts15-blk-00067,data/batch_2/exact_cover_benchmarks/sts15-blk-00067.ec,success,0.002613,,1,389,7,0,3,12,595,2711,45,296,57
exact_cover_benchmarks,sts15-blk-00068,data/batch_2/exact_cover_benchmarks/sts15-blk-00068.ec,success,0.002909,,1,410,7,0,3,12,612,2843,46,322,43
exact_cover_benchmarks,sts15-blk-00069,data/batch_2/exact_cover_benchmarks/sts15-blk-00069.ec,success,0.002657,,1,412,8,0,3,14,671,3024,48,332,46
exact_cover_benchmarks,sts15-blk-00070,data/batch_2/exact_cover_benchmarks/sts15-blk-00070.ec,success,0.002415,,1,401,8,1,3,12,602,2785,45,298,45
exact_cover_benchmarks,sts15-blk-00071,data/batch_2/exact_cover_benchmarks/sts15-blk-00071.ec,success,0.002508,,1,428,7,0,3,12,625,3007,44,313,56
exact_cover_benchmarks,sts15-blk-00072,data/batch_2/exact_cover_benchmarks/sts15-blk-00072.ec,success,0.002540,,1,426,8,0,3,14,692,3283,48,329,64
exact_cover_benchmarks,sts15-blk-00073,data/batch_2/exact_cover_benchmarks/sts15-blk-00073.ec,success,0.002866,,1,410,7,0,3,12,612,2832,46,314,49
exact_cover_benchmarks,sts15-blk-00074,data/batch_2/exact_cover_benchmarks/sts15-blk-00074.ec,success,0.002667,,1,422,7,0,3,12,615,2905,46,327,25
exact_cover_benchmarks,sts15-blk-00075,data/batch_2/exact_cover_benchmarks/sts15-blk-00075.ec,success,0.002741,,1,428,7,0,3,12,626,3012,45,322,56
exact_cover_benchmarks,sts15-blk-00076,data/batch_2/exact_cover_benchmarks/sts15-blk-00076.ec,success,0.002560,,1,426,7,0,3,12,625,2999,45,319,61
exact_cover_benchmarks,sts15-blk-00077,data/batch_2/exact_cover_benchmarks/sts15-blk-00077.ec,success,0.002755,,1,412,7,0,3,12,612,2854,46,323,58
exact_cover_benchmarks,sts15-blk-00078,data/batch_2/exact_cover_benchmarks/sts15-blk-00078.ec,success,0.002561,,1,398,7,0,3,12,604,2765,44,297,56
exact_cover_benchmarks,sts15-blk-00079,data/batch_2/exact_cover_benchmarks/sts15-blk-00079.ec,success,0.002800,,1,426,7,0,3,12,619,2936,49,350,60
exact_cover_benchmarks,sts15-blk-00080,data/batch_2/exact_cover_benchmarks/sts15-blk-00080.ec,success,0.002814,,1,408,7,0,3,12,607,2787,46,317,28
exact_cover_benchmarks,sts15-blk-00081,data/batch_2/exact_cover_benchmarks/sts15-blk-00081.ec,success,0.002546,,1,408,7,0,3,12,610,2860,45,305,45
exact_cover_benchmarks,sts15-blk-00082,data/batch_2/exact_cover_benchmarks/sts15-blk-00082.ec,success,0.002828,,1,410,8,1,3,12,599,2767,50,347,44
exact_cover_benchmarks,sts15-blk-00084,data/batch_2/exact_cover_benchmarks/sts15-blk-00084.ec,success,0.002646,,1,412,9,2,3,12,613,2883,47,326,58
exact_cover_benchmarks,sts15-blk-00085,data/batch_2/exact_cover_benchmarks/sts15-blk-00085.ec,success,0.002565,,1,416,8,0,3,14,680,3221,47,317,44
exact_cover_benchmarks,sts15-blk-00086,data/batch_2/exact_cover_benchmarks/sts15-blk-00086.ec,success,0.002759,,1,396,7,0,3,12,594,2653,46,313,47
exact_cover_benchmarks,sts15-blk-00087,data/batch_2/exact_cover_benchmarks/sts15-blk-00087.ec,success,0.002807,,1,417,7,0,3,12,617,2925,45,314,53
exact_cover_benchmarks,sts15-blk-00088,data/batch_2/exact_cover_benchmarks/sts15-blk-00088.ec,success,0.002678,,1,403,7,0,3,12,609,2806,47,330,64
exact_cover_benchmarks,sts15-blk-00089,data/batch_2/exact_cover_benchmarks/sts15-blk-00089.ec,success,0.002923,,1,424,7,0,3,12,621,2923,45,320,50
exact_cover_benchmarks,sts15-blk-00090,data/batch_2/exact_cover_benchmarks/sts15-blk-00090.ec,success,0.002603,,1,417,7,0,3,12,617,2931,45,314,56
exact_cover_benchmarks,sts15-blk-00091,data/batch_2/exact_cover_benchmarks/sts15-blk-00091.ec,success,0.002703,,1,385,7,0,3,12,591,2629,45,297,48
exact_cover_benchmarks,sts15-blk-00092,data/batch_2/exact_cover_benchmarks/sts15-blk-00092.ec,success,0.002764,,1,415,7,0,3,12,603,2796,47,327,57
exact_cover_benchmarks,sts15-blk-00093,data/batch_2/exact_cover_benchmarks/sts15-blk-00093.ec,success,0.002438,,1,363,7,0,3,12,582,2541,43,275,46
exact_cover_benchmarks,sts15-blk-00094,data/batch_2/exact_cover_benchmarks/sts15-blk-00094.ec,success,0.002747,,1,440,8,1,3,12,631,3137,46,321,48
exact_cover_benchmarks,sts15-blk-00095,data/batch_2/exact_cover_benchmarks/sts15-blk-00095.ec,success,0.002384,,1,430,8,0,3,14,685,3353,49,342,54
exact_cover_benchmarks,sts15-blk-00096,data/batch_2/exact_cover_benchmarks/sts15-blk-00096.ec,success,0.002690,,1,428,7,0,3,12,621,3033,44,305,42
exact_cover_benchmarks,sts15-blk-00097,data/batch_2/exact_cover_benchmarks/sts15-blk-00097.ec,success,0.002749,,1,414,8,0,3,14,673,3183,46,300,47
exact_cover_benchmarks,sts15-blk-00098,data/batch_2/exact_cover_benchmarks/sts15-blk-00098.ec,success,0.002830,,1,444,8,0,3,14,700,3477,48,330,52
exact_cover_benchmarks,sts15-blk-00099,data/batch_2/exact_cover_benchmarks/sts15-blk-00099.ec,success,0.002926,,1,442,8,0,3,14,685,3320,48,328,52
exact_cover_benchmarks,sts15-blk-00100,data/batch_2/exact_cover_benchmarks/sts15-blk-00100.ec,success,0.002552,,1,426,7,0,3,12,624,3018,45,311,53
exact_cover_benchmarks,sts15-blk-00101,data/batch_2/exact_cover_benchmarks/sts15-blk-00101.ec,success,0.002570,,1,442,7,0,3,12,622,3026,46,335,57
exact_cover_benchmarks,sts15-blk-00102,data/batch_2/exact_cover_benchmarks/sts15-blk-00102.ec,success,0.002665,,1,424,7,0,3,12,616,2915,45,319,50
exact_cover_benchmarks,sts15-blk-00103,data/batch_2/exact_cover_benchmarks/sts15-blk-00103.ec,success,0.002668,,1,440,7,0,3,12,616,2954,51,370,54
exact_cover_benchmarks,sts15-blk-00104,data/batch_2/exact_cover_benchmarks/sts15-blk-00104.ec,success,0.002917,,1,426,7,0,3,12,624,3002,45,316,50
exact_cover_benchmarks,sts15-blk-00105,data/batch_2/exact_cover_benchmarks/sts15-blk-00105.ec,success,0.003055,,1,424,7,0,3,12,618,2939,45,314,63
exact_cover_benchmarks,sts15-blk-00106,data/batch_2/exact_cover_benchmarks/sts15-blk-00106.ec,success,0.002757,,1,426,7,0,3,12,610,2899,50,362,55
exact_cover_benchmarks,sts15-blk-00107,data/batch_2/exact_cover_benchmarks/sts15-blk-00107.ec,success,0.002797,,1,424,8,0,3,14,693,3325,47,320,54
exact_cover_benchmarks,sts15-blk-00108,data/batch_2/exact_cover_benchmarks/sts15-blk-00108.ec,success,0.003196,,1,438,7,0,3,12,637,3127,46,336,37
exact_cover_benchmarks,sts15-blk-00109,data/batch_2/exact_cover_benchmarks/sts15-blk-00109.ec,success,0.002655,,1,440,7,0,3,12,617,3011,47,337,50
exact_cover_benchmarks,sts15-blk-00110,data/batch_2/exact_cover_benchmarks/sts15-blk-00110.ec,success,0.003011,,1,440,7,0,3,12,636,3171,47,345,53
exact_cover_benchmarks,sts15-blk-00111,data/batch_2/exact_cover_benchmarks/sts15-blk-00111.ec,success,0.002846,,1,436,8,0,3,14,685,3274,50,347,56
exact_cover_benchmarks,sts15-blk-00112,data/batch_2/exact_cover_benchmarks/sts15-blk-00112.ec,success,0.002724,,1,444,7,0,3,12,636,3170,47,346,63
exact_cover_benchmarks,sts15-blk-00115,data/batch_2/exact_cover_benchmarks/sts15-blk-00115.ec,success,0.002801,,1,415,7,0,3,12,604,2823,45,316,40
exact_cover_benchmarks,sts15-blk-00116,data/batch_2/exact_cover_benchmarks/sts15-blk-00116.ec,success,0.002662,,1,422,7,0,3,12,609,2892,47,326,50
exact_cover_benchmarks,sts15-blk-00119,data/batch_2/exact_cover_benchmarks/sts15-blk-00119.ec,success,0.002512,,1,444,7,0,3,12,636,3185,47,349,53
exact_cover_benchmarks,sts15-blk-00120,data/batch_2/exact_cover_benchmarks/sts15-blk-00120.ec,success,0.002741,,1,438,7,0,3,12,640,3173,44,312,46
exact_cover_benchmarks,sts15-blk-00121,data/batch_2/exact_cover_benchmarks/sts15-blk-00121.ec,success,0.002638,,1,428,7,0,3,12,620,3003,45,313,54
exact_cover_benchmarks,sts15-blk-00125,data/batch_2/exact_cover_benchmarks/sts15-blk-00125.ec,success,0.002752,,1,444,7,0,3,12,626,3103,46,332,57
exact_cover_benchmarks,sts15-blk-00126,data/batch_2/exact_cover_benchmarks/sts15-blk-00126.ec,success,0.002603,,1,412,7,0,3,12,603,2788,46,318,56
exact_cover_benchmarks,sts15-blk-00128,data/batch_2/exact_cover_benchmarks/sts15-blk-00128.ec,success,0.002917,,1,436,7,0,3,12,624,2997,46,330,52
exact_cover_benchmarks,sts15-blk-00129,data/batch_2/exact_cover_benchmarks/sts15-blk-00129.ec,success,0.002615,,1,438,7,0,3,12,624,3027,46,328,56
exact_cover_benchmarks,sts15-blk-00130,data/batch_2/exact_cover_benchmarks/sts15-blk-00130.ec,success,0.002863,,1,432,7,0,3,12,617,2922,48,341,52
exact_cover_benchmarks,sts15-blk-00131,data/batch_2/exact_cover_benchmarks/sts15-blk-00131.ec,success,0.002784,,1,424,8,1,3,12,614,2920,47,319,56
exact_cover_benchmarks,sts15-blk-00132,data/batch_2/exact_cover_benchmarks/sts15-blk-00132.ec,success,0.002821,,1,436,7,0,3,12,628,3054,46,322,51
exact_cover_benchmarks,sts15-blk-00133,data/batch_2/exact_cover_benchmarks/sts15-blk-00133.ec,success,0.003002,,1,438,7,0,3,12,620,2998,49,355,55
exact_cover_benchmarks,sts15-blk-00134,data/batch_2/exact_cover_benchmarks/sts15-blk-00134.ec,success,0.003171,,1,436,7,0,3,12,635,3069,48,347,51
exact_cover_benchmarks,sts15-blk-00135,data/batch_2/exact_cover_benchmarks/sts15-blk-00135.ec,success,0.002486,,1,396,7,0,3,12,600,2728,45,303,50
exact_cover_benchmarks,sts15-blk-00136,data/batch_2/exact_cover_benchmarks/sts15-blk-00136.ec,success,0.002318,,1,414,7,0,3,12,596,2759,46,318,53
exact_cover_benchmarks,sts15-blk-00137,data/batch_2/exact_cover_benchmarks/sts15-blk-00137.ec,success,0.002255,,1,410,7,0,3,12,607,2819,46,314,52
exact_cover_benchmarks,sts15-blk-00138,data/batch_2/exact_cover_benchmarks/sts15-blk-00138.ec,success,0.002701,,1,412,7,0,3,12,608,2858,47,327,54
exact_cover_benchmarks,sts15-blk-00140,data/batch_2/exact_cover_benchmarks/sts15-blk-00140.ec,success,0.003265,,1,440,7,0,3,12,611,2899,50,367,66
exact_cover_benchmarks,sts15-blk-00141,data/batch_2/exact_cover_benchmarks/sts15-blk-00141.ec,success,0.002559,,1,422,7,0,3,12,620,2913,47,334,26
exact_cover_benchmarks,sts15-blk-00142,data/batch_2/exact_cover_benchmarks/sts15-blk-00142.ec,success,0.002773,,1,412,7,0,3,12,614,2880,46,323,39
exact_cover_benchmarks,sts15-blk-00143,data/batch_2/exact_cover_benchmarks/sts15-blk-00143.ec,success,0.003019,,1,434,7,0,3,12,628,3037,47,335,42
exact_cover_benchmarks,sts15-blk-00144,data/batch_2/exact_cover_benchmarks/sts15-blk-00144.ec,success,0.002714,,1,432,7,0,3,12,622,2956,50,356,36
exact_cover_benchmarks,sts15-blk-00145,data/batch_2/exact_cover_benchmarks/sts15-blk-00145.ec,success,0.002618,,1,410,7,0,3,12,605,2813,47,331,39
exact_cover_benchmarks,sts15-blk-00146,data/batch_2/exact_cover_benchmarks/sts15-blk-00146.ec,success,0.002585,,1,426,7,0,3,12,617,2926,48,344,54
exact_cover_benchmarks,sts15-blk-00147,data/batch_2/exact_cover_benchmarks/sts15-blk-00147.ec,success,0.002529,,1,410,7,0,3,12,602,2780,46,311,51
exact_cover_benchmarks,sts15-blk-00148,data/batch_2/exact_cover_benchmarks/sts15-blk-00148.ec,success,0.002585,,1,410,7,0,3,12,598,2740,49,339,34
exact_cover_benchmarks,sts15-blk-00149,data/batch_2/exact_cover_benchmarks/sts15-blk-00149.ec,success,0.002800,,1,436,7,0,3,12,622,2985,48,344,39
exact_cover_benchmarks,sts15-blk-00150,data/batch_2/exact_cover_benchmarks/sts15-blk-00150.ec,success,0.002764,,1,398,7,0,3,12,594,2684,46,313,49
exact_cover_benchmarks,sts15-blk-00151,data/batch_2/exact_cover_benchmarks/sts15-blk-00151.ec,success,0.003039,,1,426,7,0,3,12,617,2926,48,344,59
exact_cover_benchmarks,sts15-blk-00152,data/batch_2/exact_cover_benchmarks/sts15-blk-00152.ec,success,0.002589,,1,424,8,1,3,12,621,2956,47,332,33
exact_cover_benchmarks,sts15-blk-00153,data/batch_2/exact_cover_benchmarks/sts15-blk-00153.ec,success,0.002805,,1,388,7,0,3,12,601,2705,45,311,48
exact_cover_benchmarks,sts15-blk-00154,data/batch_2/exact_cover_benchmarks/sts15-blk-00154.ec,success,0.002802,,1,384,7,0,3,12,596,2670,44,295,40
exact_cover_benchmarks,sts15-blk-00155,data/batch_2/exact_cover_benchmarks/sts15-blk-00155.ec,success,0.002953,,1,440,7,0,3,12,635,3159,45,317,47
exact_cover_benchmarks,sts15-blk-00156,data/batch_2/exact_cover_benchmarks/sts15-blk-00156.ec,success,0.002917,,1,440,7,0,3,12,611,2976,48,334,57
exact_cover_benchmarks,sts15-blk-00157,data/batch_2/exact_cover_benchmarks/sts15-blk-00157.ec,success,0.002514,,1,438,8,1,3,12,625,3049,47,334,51
graphs_set,AsnetAm,data/batch_2/graphs_set/AsnetAm.txt,success,0.154356,,1,163911,8,1,4,68,814,5477,256,2891,127
graphs_set,AttMpls,data/batch_2/graphs_set/AttMpls.txt,success,0.007411,,1,1518,6,1,4,76,589,4770,289,2039,132
graphs_set,Bellcanada,data/batch_2/graphs_set/Bellcanada.txt,error,,solver exited with -11; no CC Stats block,,,,,,,,,,,
graphs_set,Bellsouth,data/batch_2/graphs_set/Bellsouth.txt,success,23.795194,,1,79941,33,20,19,280,15009,1687415,11771,1621143,1181
graphs_set,BeyondTheNetwork,data/batch_2/graphs_set/BeyondTheNetwork.txt,success,0.861310,,1,140433,7,1,4,35,1732,157742,544,72374,448
graphs_set,BtNorthAmerica,data/batch_2/graphs_set/BtNorthAmerica.txt,success,0.183545,,1,4336,65,7,4,1512,18276,100758,7974,70815,2167
graphs_set,Cernet,data/batch_2/graphs_set/Cernet.txt,success,0.024418,,1,3176,7,1,4,132,1379,10531,798,8222,223
graphs_set,Cesnet200706,data/batch_2/graphs_set/Cesnet200706.txt,success,0.157354,,1,14288,9,1,4,62,1181,27643,402,14078,356
graphs_set,Cesnet201006,data/batch_2/graphs_set/Cesnet201006.txt,success,0.067585,,1,2629,21,1,4,767,8121,42978,4194,31918,1059
graphs_set,Chinanet,data/batch_2/graphs_set/Chinanet.txt,success,0.029767,,1,1749,8,1,4,204,2542,16035,1455,12915,400
graphs_set,Columbus,data/batch_2/graphs_set/Columbus.txt,success,0.086348,,1,51655,10,1,4,10,1337,47351,77,4450,189
graphs_set,Cudi,data/batch_2/graphs_set/Cudi.txt,success,4.034516,,1,20277,763,31,4,10355,165846,1337608,63067,937856,17822
graphs_set,Deltacom,data/batch_2/graphs_set/Deltacom.txt,error,,solver exited with -11; no CC Stats block,,,,,,,,,,,
graphs_set,DeutscheTelekom,data/batch_2/graphs_set/DeutscheTelekom.txt,success,0.015731,,1,4032,8,1,4,121,1199,7292,613,5228,161
graphs_set,Dfn,data/batch_2/graphs_set/Dfn.txt,success,4.479294,,1,14857,333,73,7,3546,64877,869343,29064,712182,7681
graphs_set,DialtelecomCz,data/batch_2/graphs_set/DialtelecomCz.txt,success,18.594838,,1,352435,9,3,4,53,2994,896770,903,300213,116
graphs_set,Forthnet,data/batch_2/graphs_set/Forthnet.txt,error,,solver exited with -11; no CC Stats block,,,,,,,,,,,
graphs_set,Garr200902,data/batch_2/graphs_set/Garr200902.txt,success,0.496615,,1,6293,55,3,4,1410,19917,176509,9738,139783,2431
graphs_set,Garr200908,data/batch_2/graphs_set/Garr200908.txt,success,0.296192,,1,6082,78,1,4,1995,25711,160321,12055,116079,3288
graphs_set,Garr200909,data/batch_2/graphs_set/Garr200909.txt,success,0.038051,,1,4127,9,1,4,173,2209,17628,1178,13026,309
graphs_set,Garr200912,data/batch_2/graphs_set/Garr200912.txt,success,1.567722,,1,12274,103,5,7,2159,33655,388356,16260,326413,4058
graphs_set,Garr201001,data/batch_2/graphs_set/Garr201001.txt,success,0.097428,,1,4264,78,13,4,1577,17603,68495,7319,44848,1854
graphs_set,Garr201003,data/batch_2/graphs_set/Garr201003.txt,success,0.065979,,1,8954,7,1,4,91,1140,16700,564,9974,142
graphs_set,Garr201004,data/batch_2/graphs_set/Garr201004.txt,success,1354.654288,,1,2239647,15,3,4,64,6453,3842652,2278,2229890,229
graphs_set,Garr201005,data/batch_2/graphs_set/Garr201005.txt,success,0.074465,,1,5351,8,2,4,117,1995,25568,1231,21887,264
graphs_set,Garr201007,data/batch_2/graphs_set/Garr201007.txt,success,2.026743,,1,70297,8,2,4,7,1259,126006,356,65582,170
graphs_set,Garr201008,data/batch_2/graphs_set/Garr201008.txt,success,1.597667,,1,11322,173,12,4,3269,47285,437291,20554,346842,5270
graphs_set,Garr201010,data/batch_2/graphs_set/Garr201010.txt,success,8.501834,,1,603171,7,1,4,7,1771,257404,485,134966,65
graphs_set,Garr201012,data/batch_2/graphs_set/Garr201012.txt,success,1.338709,,1,10638,136,8,4,1947,32342,363542,14882,292703,3875
graphs_set,Garr201101,data/batch_2/graphs_set/Garr201101.txt,time_out,,process timeout,,,,,,,,,,,
graphs_set,Garr201102,data/batch_2/graphs_set/Garr201102.txt,success,0.895628,,1,9378,252,4,4,4676,66606,430347,27350,291011,8046
graphs_set,Garr201103,data/batch_2/graphs_set/Garr201103.txt,success,0.835291,,1,46934,10,4,6,7,866,68184,268,39637,100
graphs_set,Garr201104,data/batch_2/graphs_set/Garr201104.txt,success,15.846252,,1,34218,783,90,4,9952,194026,2927265,92632,2390743,21790
graphs_set,Garr201105,data/batch_2/graphs_set/Garr201105.txt,success,0.305297,,1,23862,9,2,4,8,791,38829,196,20159,181
graphs_set,Garr201107,data/batch_2/graphs_set/Garr201107.txt,success,0.253422,,1,28967,10,3,6,94,1616,33705,706,20745,251
graphs_set,Garr201108,data/batch_2/graphs_set/Garr201108.txt,success,2.211811,,1,12417,289,21,4,4360,65993,583769,26641,452574,6822
graphs_set,Garr201109,data/batch_2/graphs_set/Garr201109.txt,success,1.150352,,1,51278,9,2,4,9,978,80149,304,47768,66
graphs_set,Garr201110,data/batch_2/graphs_set/Garr201110.txt,success,6.316372,,1,19590,165,51,10,1971,46916,1050973,27233,933014,6399
graphs_set,Garr201111,data/batch_2/graphs_set/Garr201111.txt,success,0.349971,,1,23960,7,1,4,7,745,39776,202,21329,70
graphs_set,Garr201112,data/batch_2/graphs_set/Garr201112.txt,time_out,,process timeout,,,,,,,,,,,
graphs_set,Garr201201,data/batch_2/graphs_set/Garr201201.txt,success,6.932442,,1,24214,227,52,8,3669,68792,1225620,36438,1073427,8718
graphs_set,Geant2009,data/batch_2/graphs_set/Geant2009.txt,success,3.498691,,1,9231,1354,111,4,12410,225515,1476924,72838,882621,22459
graphs_set,Geant2010,data/batch_2/graphs_set/Geant2010.txt,error,,solver exited with -11; no CC Stats block,,,,,,,,,,,
graphs_set,Geant2012,data/batch_2/graphs_set/Geant2012.txt,time_out,,process timeout,,,,,,,,,,,
graphs_set,Globenet,data/batch_2/graphs_set/Globenet.txt,success,0.357753,,1,275901,17,3,4,156,3443,55730,1868,36761,659
graphs_set,HiberniaGlobal,data/batch_2/graphs_set/HiberniaGlobal.txt,success,1.046672,,1,78609,10,2,4,10,2039,212807,296,46398,496
graphs_set,Highwinds,data/batch_2/graphs_set/Highwinds.txt,success,0.062583,,1,2454,15,1,4,346,3908,28831,2016,21146,528
graphs_set,Iij,data/batch_2/graphs_set/Iij.txt,success,0.596436,,1,29880,7,1,4,7,937,55504,227,28758,197
graphs_set,Internode,data/batch_2/graphs_set/Internode.txt,success,0.445950,,1,30691,7,2,4,66,1242,49220,454,27550,79
graphs_set,Interoute,data/batch_2/graphs_set/Interoute.txt,success,3.056333,,1,21650,612,34,4,9191,143119,1128022,57811,798696,16470
graphs_set,Intranetwork,data/batch_2/graphs_set/Intranetwork.txt,success,0.261156,,1,6026,68,1,4,1942,22892,134994,10830,98868,2923
graphs_set,Iris,data/batch_2/graphs_set/Iris.txt,success,0.006979,,1,2766,7,1,4,154,1383,5141,668,3233,251
graphs_set,Latnet,data/batch_2/graphs_set/Latnet.txt,success,0.986287,,1,10749,648,204,4,5889,88721,514317,30455,304624,8806
graphs_set,Missouri,data/batch_2/graphs_set/Missouri.txt,success,0.414981,,1,6758,225,11,4,4408,57050,280180,20875,169378,6100
graphs_set,Ntelos,data/batch_2/graphs_set/Ntelos.txt,success,0.015075,,1,6064,7,1,4,165,1628,8925,933,6757,277
graphs_set,Ntt,data/batch_2/graphs_set/Ntt.txt,success,0.209891,,1,4369,47,4,4,1119,14620,103457,7306,78278,1887
graphs_set,Oteglobe,data/batch_2/graphs_set/Oteglobe.txt,success,0.062037,,1,42947,9,2,4,7,507,12240,50,2195,81
graphs_set,Palmetto,data/batch_2/graphs_set/Palmetto.txt,success,0.110567,,1,3936,39,2,4,1062,11583,65429,6041,48437,1662
graphs_set,Pern,data/batch_2/graphs_set/Pern.txt,success,0.027855,,1,11828,7,1,4,126,1734,13075,1026,10054,343
graphs_set,PionierL3,data/batch_2/graphs_set/PionierL3.txt,success,0.016553,,1,5878,6,1,4,5,427,9769,84,3104,119
graphs_set,RedBestel,data/batch_2/graphs_set/RedBestel.txt,success,7.017279,,1,30954,4941,1049,4,28598,539898,3224547,140296,1708015,40911
graphs_set,Renater2010,data/batch_2/graphs_set/Renater2010.txt,success,0.021294,,1,4139,10,3,4,176,1913,11456,1062,8701,324
graphs_set,RoedunetFibre,data/batch_2/graphs_set/RoedunetFibre.txt,success,0.064184,,1,2727,34,1,4,1073,10980,47427,5160,31790,1436
graphs_set,Sinet,data/batch_2/graphs_set/Sinet.txt,time_out,,process timeout,,,,,,,,,,,
graphs_set,Surfnet,data/batch_2/graphs_set/Surfnet.txt,success,8.827121,,1,37416,207,45,4,2037,50582,1279038,30150,1134838,6161
graphs_set,Switch,data/batch_2/graphs_set/Switch.txt,success,0.039528,,1,23547,10,2,4,73,1129,11025,395,3938,202
graphs_set,SwitchL3,data/batch_2/graphs_set/SwitchL3.txt,success,0.019222,,1,3166,8,1,4,273,2741,11965,1308,8296,368
graphs_set,Syringa,data/batch_2/graphs_set/Syringa.txt,success,0.157686,,1,21313,14,4,11,148,2409,25140,1119,14525,424
graphs_set,TataNld,data/batch_2/graphs_set/TataNld.txt,success,0.173329,,1,46818,6,1,4,6,538,20597,138,10662,79
graphs_set,Telcove,data/batch_2/graphs_set/Telcove.txt,success,159.365920,,1,486228,86,10,4,1456,49446,3399595,35752,2974702,4880
graphs_set,Tinet,data/batch_2/graphs_set/Tinet.txt,success,0.227109,,1,19860,21,3,7,385,5598,64312,2718,48374,711
graphs_set,Tw,data/batch_2/graphs_set/Tw.txt,success,0.722556,,1,74300,9,2,4,8,1252,118549,345,64139,92
graphs_set,Ulaknet,data/batch_2/graphs_set/Ulaknet.txt,time_out,,process timeout,,,,,,,,,,,
graphs_set,Uninett2010,data/batch_2/graphs_set/Uninett2010.txt,success,17.867398,,1,276651,11,2,4,11,2427,410698,652,221816,212
graphs_set,UsCarrier,data/batch_2/graphs_set/UsCarrier.txt,success,1.017953,,1,2028585,10,1,4,9,454,4094,41,738,88
graphs_set,UsSignal,data/batch_2/graphs_set/UsSignal.txt,success,28.877969,,1,41482,1713,185,4,17385,328826,4185893,123165,3276585,32910
graphs_set,Uunet,data/batch_2/graphs_set/Uunet.txt,success,0.014897,,1,3611,6,1,4,120,1308,9059,743,6181,212
graphs_set,VtlWavenet2008,data/batch_2/graphs_set/VtlWavenet2008.txt,success,0.166274,,1,23193,7,2,4,5,482,8416,67,2202,159
graphs_set,VtlWavenet2011,data/batch_2/graphs_set/VtlWavenet2011.txt,success,0.391836,,1,25419,9,2,4,9,741,11475,68,1984,105
graphs_set,grafo10006.98,data/batch_2/graphs_set/grafo10006.98.txt,success,0.207048,,1,64189,10,1,4,8,924,39939,57,3964,143
graphs_set,grafo10072.97,data/batch_2/graphs_set/grafo10072.97.txt,success,0.957015,,1,51848,10,2,4,8,2332,271388,154,28435,336
graphs_set,grafo10084.97,data/batch_2/graphs_set/grafo10084.97.txt,success,0.117425,,1,139956,7,1,4,6,461,11996,78,3336,111
graphs_set,grafo10093.98,data/batch_2/graphs_set/grafo10093.98.txt,success,0.023964,,1,15697,8,1,4,46,709,6682,277,2617,127
graphs_set,grafo10099.94,data/batch_2/graphs_set/grafo10099.94.txt,success,0.577152,,1,38780,8,1,4,33,496,5295,179,2070,107
graphs_set,grafo10100.99,data/batch_2/graphs_set/grafo10100.99.txt,success,0.234931,,1,30114,15,1,4,13,2479,97646,97,7451,276
graphs_set,grafo10105.93,data/batch_2/graphs_set/grafo10105.93.txt,success,15.203938,,1,718973,9,2,4,7,5952,2440015,694,378992,1198
graphs_set,grafo10112.98,data/batch_2/graphs_set/grafo10112.98.txt,success,0.662819,,1,258749,6,1,4,6,449,11015,59,2493,111
graphs_set,grafo10113.94,data/batch_2/graphs_set/grafo10113.94.txt,success,0.242207,,1,22942,7,1,4,43,929,22336,234,7362,184
graphs_set,grafo10124.100,data/batch_2/graphs_set/grafo10124.100.txt,success,2.591829,,1,24180,9,1,4,8,720,12229,70,2523,144
graphs_set,grafo10129.99,data/batch_2/graphs_set/grafo10129.99.txt,success,3.036956,,1,6166199,10,1,4,30,1408,54362,222,10612,223
graphs_set,grafo10146.97,data/batch_2/graphs_set/grafo10146.97.txt,success,0.160290,,1,64984,12,2,4,10,950,15521,65,2279,152
graphs_set,grafo10156.97,data/batch_2/graphs_set/grafo10156.97.txt,success,0.318298,,1,28137,9,2,4,8,1257,81812,249,20739,259
graphs_set,grafo10161.99,data/batch_2/graphs_set/grafo10161.99.txt,success,1002.196829,,1,2938091,7,1,4,6,12301,12775316,1882,2764293,5803
graphs_set,grafo10162.93,data/batch_2/graphs_set/grafo10162.93.txt,success,3.380077,,1,298035,11,1,4,11,5041,1060801,364,111678,791
graphs_set,grafo10171.99,data/batch_2/graphs_set/grafo10171.99.txt,success,0.172031,,1,95591,12,1,4,11,795,12603,45,1230,95
graphs_set,grafo10175.99,data/batch_2/graphs_set/grafo10175.99.txt,success,0.110301,,1,16693,8,1,4,8,462,5096,70,1513,73
graphs_set,grafo10176.97,data/batch_2/graphs_set/grafo10176.97.txt,success,0.460826,,1,110904,12,2,4,11,1537,70458,144,8752,222
graphs_set,grafo10179.97,data/batch_2/graphs_set/grafo10179.97.txt,success,3.697921,,1,155151,15,1,4,13,2333,159490,102,10911,231
graphs_set,grafo10184.100,data/batch_2/graphs_set/grafo10184.100.txt,success,0.326401,,1,75534,217,7,4,3310,45571,192376,13879,94809,4122
graphs_set,grafo10195.99,data/batch_2/graphs_set/grafo10195.99.txt,success,0.081760,,1,20604,11,2,4,11,1357,40557,124,5746,232
graphs_set,grafo10203.97,data/batch_2/graphs_set/grafo10203.97.txt,success,0.146563,,1,20656,54,1,4,1054,13445,75520,5296,41974,1513
graphs_set,grafo10204.100,data/batch_2/graphs_set/grafo10204.100.txt,success,0.611021,,1,161816,7,1,4,6,1191,87649,143,15592,308
graphs_set,grafo10205.97,data/batch_2/graphs_set/grafo10205.97.txt,success,0.238448,,1,35150,7,1,4,7,1183,84917,259,23530,206
graphs_set,grafo10207.98,data/batch_2/graphs_set/grafo10207.98.txt,success,0.068073,,1,84297,8,1,4,168,1584,7414,621,3967,175
graphs_set,grafo10209.99,data/batch_2/graphs_set/grafo10209.99.txt,success,0.100784,,1,53965,13,1,4,11,1112,36358,55,2918,139
graphs_set,grafo10215.93,data/batch_2/graphs_set/grafo10215.93.txt,success,0.032906,,1,18235,8,1,4,6,601,20758,69,4139,181
graphs_set,grafo10220.97,data/batch_2/graphs_set/grafo10220.97.txt,success,0.342424,,1,328580,11,1,4,9,710,13347,60,2097,32
graphs_set,grafo10223.100,data/batch_2/graphs_set/grafo10223.100.txt,success,12.325807,,1,222393,8,1,4,7,4474,1329099,322,153777,758
graphs_set,grafo10244.99,data/batch_2/graphs_set/grafo10244.99.txt,success,0.923010,,1,582226,10,2,4,9,2100,205894,183,27261,220
graphs_set,grafo10250.100,data/batch_2/graphs_set/grafo10250.100.txt,success,0.115938,,1,77097,7,1,4,6,623,16173,79,3373,196
graphs_set,grafo10262.100,data/batch_2/graphs_set/grafo10262.100.txt,success,0.044176,,1,34056,11,1,4,10,1082,42413,82,4836,133
graphs_set,grafo10265.100,data/batch_2/graphs_set/grafo10265.100.txt,error,,solver exited with -11; no CC Stats block,,,,,,,,,,,
graphs_set,grafo10266.94,data/batch_2/graphs_set/grafo10266.94.txt,success,0.048058,,1,33420,13,3,6,22,437,1570,60,335,69
graphs_set,grafo10269.99,data/batch_2/graphs_set/grafo10269.99.txt,success,16.535974,,1,391266,9,3,4,6,4307,1445351,360,189854,855
graphs_set,grafo10273.97,data/batch_2/graphs_set/grafo10273.97.txt,success,0.207061,,1,133312,7,1,4,6,309,2843,39,633,54
graphs_set,grafo10275.97,data/batch_2/graphs_set/grafo10275.97.txt,success,0.985689,,1,51243,12,1,4,11,2381,190158,96,12546,235
graphs_set,grafo10288.95,data/batch_2/graphs_set/grafo10288.95.txt,success,0.037205,,1,19035,9,1,4,35,506,3684,115,922,99
graphs_set,grafo10291.93,data/batch_2/graphs_set/grafo10291.93.txt,success,0.353919,,1,28673,9,2,4,20,1134,63429,254,18406,247
graphs_set,grafo10293.99,data/batch_2/graphs_set/grafo10293.99.txt,success,0.043914,,1,44908,7,1,4,6,247,1815,27,372,33
graphs_set,grafo10297.98,data/batch_2/graphs_set/grafo10297.98.txt,success,0.046069,,1,21048,8,1,4,6,238,2516,30,593,56
graphs_set,grafo10298.97,data/batch_2/graphs_set/grafo10298.97.txt,success,0.043903,,1,37898,8,2,4,6,425,10776,51,2139,107
graphs_set,grafo10303.96,data/batch_2/graphs_set/grafo10303.96.txt,success,0.055117,,1,25766,9,1,4,8,917,34912,78,5024,133
graphs_set,grafo10305.100,data/batch_2/graphs_set/grafo10305.100.txt,success,0.510071,,1,264142,6,1,4,5,1162,111284,146,22803,273
graphs_set,grafo10318.98,data/batch_2/graphs_set/grafo10318.98.txt,success,0.348318,,1,213116,10,1,4,8,321,2325,35,570,53
graphs_set,grafo10327.97,data/batch_2/graphs_set/grafo10327.97.txt,success,0.058155,,1,31681,11,2,4,9,609,5695,43,914,121
graphs_set,grafo10339.95,data/batch_2/graphs_set/grafo10339.95.txt,success,0.768787,,1,168018,13,1,4,12,2184,144975,121,13242,335
graphs_set,grafo10346.97,data/batch_2/graphs_set/grafo10346.97.txt,success,0.334236,,1,13281,8,1,4,7,380,4215,50,1245,84
graphs_set,grafo10351.97,data/batch_2/graphs_set/grafo10351.97.txt,error,,solver exited with -11; no CC Stats block,,,,,,,,,,,
graphs_set,grafo10353.99,data/batch_2/graphs_set/grafo10353.99.txt,success,0.473894,,1,32172,15,3,4,15,2659,199996,135,13826,277
graphs_set,grafo10354.99,data/batch_2/graphs_set/grafo10354.99.txt,success,0.049779,,1,52625,13,2,4,108,1288,4422,321,1398,113
graphs_set,grafo10359.95,data/batch_2/graphs_set/grafo10359.95.txt,error,,solver exited with -11; no CC Stats block,,,,,,,,,,,
graphs_set,grafo10365.97,data/batch_2/graphs_set/grafo10365.97.txt,success,2.329429,,1,1454759,8,2,4,6,1350,119026,186,20819,293
graphs_set,grafo10369.100,data/batch_2/graphs_set/grafo10369.100.txt,success,2.245649,,1,152432,7,2,4,7,1899,400229,495,125999,653
graphs_set,grafo10387.97,data/batch_2/graphs_set/grafo10387.97.txt,success,0.024654,,1,24436,10,1,4,80,1161,9838,438,4149,205
graphs_set,grafo10388.95,data/batch_2/graphs_set/grafo10388.95.txt,success,0.130124,,1,113430,9,1,4,9,750,11352,67,1981,128
graphs_set,grafo10409.96,data/batch_2/graphs_set/grafo10409.96.txt,success,0.273358,,1,42342,9,2,4,8,1550,123806,156,18929,267
graphs_set,grafo10416.96,data/batch_2/graphs_set/grafo10416.96.txt,success,0.066758,,1,60168,8,1,4,38,836,15416,186,4393,344
graphs_set,grafo10418.100,data/batch_2/graphs_set/grafo10418.100.txt,success,0.050888,,1,42210,6,1,4,5,296,3879,53,1322,84
graphs_set,grafo10420.97,data/batch_2/graphs_set/grafo10420.97.txt,success,0.038385,,1,22294,7,1,4,6,273,2426,39,677,51
graphs_set,grafo10421.99,data/batch_2/graphs_set/grafo10421.99.txt,success,0.192323,,1,113802,9,1,4,7,1293,96803,119,15890,231
graphs_set,grafo10426.100,data/batch_2/graphs_set/grafo10426.100.txt,success,3.946325,,1,54856,12,1,4,11,953,16699,71,2508,113
graphs_set,grafo10432.99,data/batch_2/graphs_set/grafo10432.99.txt,success,0.122101,,1,38342,9,2,4,7,376,5218,50,1365,69
graphs_set,grafo10436.95,data/batch_2/graphs_set/grafo10436.95.txt,success,0.447293,,1,388127,9,1,4,9,1112,47470,121,7754,221
graphs_set,grafo10444.100,data/batch_2/graphs_set/grafo10444.100.txt,success,0.153088,,1,47450,8,1,4,7,950,36714,121,6964,88
graphs_set,grafo10445.94,data/batch_2/graphs_set/grafo10445.94.txt,success,0.235670,,1,426744,9,1,4,7,261,2072,26,337,34
graphs_set,grafo10446.95,data/batch_2/graphs_set/grafo10446.95.txt,success,0.100261,,1,14353,8,2,4,15,822,34143,190,9931,193
graphs_set,grafo10452.94,data/batch_2/graphs_set/grafo10452.94.txt,success,0.028253,,1,23922,9,1,4,50,759,7924,295,2732,147
graphs_set,grafo10453.97,data/batch_2/graphs_set/grafo10453.97.txt,error,,solver exited with -11; no CC Stats block,,,,,,,,,,,
graphs_set,grafo10467.100,data/batch_2/graphs_set/grafo10467.100.txt,success,0.190946,,1,50691,10,2,4,7,1092,66651,79,8036,234
graphs_set,grafo10469.100,data/batch_2/graphs_set/grafo10469.100.txt,success,0.246840,,1,57345,10,1,4,11,1398,37502,85,4421,177
graphs_set,grafo10484.99,data/batch_2/graphs_set/grafo10484.99.txt,success,0.232578,,1,576566,10,2,4,8,465,7353,55,1574,104
graphs_set,grafo10488.98,data/batch_2/graphs_set/grafo10488.98.txt,success,0.051227,,1,91889,11,1,4,9,416,2814,32,532,59
graphs_set,grafo10492.96,data/batch_2/graphs_set/grafo10492.96.txt,success,4.518879,,1,4963256,12,1,4,12,2153,139736,120,12243,263
graphs_set,grafo10501.96,data/batch_2/graphs_set/grafo10501.96.txt,success,0.299890,,1,54874,9,1,4,8,482,4478,39,765,73
graphs_set,grafo10502.91,data/batch_2/graphs_set/grafo10502.91.txt,success,0.308644,,1,273301,15,2,4,57,1427,22750,230,4237,57
graphs_set,grafo10516.94,data/batch_2/graphs_set/grafo10516.94.txt,success,0.852192,,1,111005,9,1,4,8,731,15917,65,2528,124
graphs_set,grafo10522.99,data/batch_2/graphs_set/grafo10522.99.txt,success,0.704908,,1,748289,14,1,4,12,1074,27836,47,1772,132
graphs_set,grafo10523.97,data/batch_2/graphs_set/grafo10523.97.txt,success,0.143691,,1,311390,7,2,4,6,362,11686,56,2641,83
graphs_set,grafo10532.99,data/batch_2/graphs_set/grafo10532.99.txt,success,1.153971,,1,63314,10,1,4,8,534,9580,61,2065,121
graphs_set,grafo10533.100,data/batch_2/graphs_set/grafo10533.100.txt,success,0.827164,,1,85944,8,1,4,7,426,4724,55,1173,22
graphs_set,grafo10534.100,data/batch_2/graphs_set/grafo10534.100.txt,success,0.097436,,1,39325,9,2,4,7,997,56341,141,10991,262
graphs_set,grafo10536.99,data/batch_2/graphs_set/grafo10536.99.txt,success,0.150138,,1,29065,7,1,4,57,1294,64015,358,16368,97
graphs_set,grafo10547.94,data/batch_2/graphs_set/grafo10547.94.txt,success,0.228442,,1,184821,10,2,4,9,989,21744,69,3531,176
graphs_set,grafo10549.99,data/batch_2/graphs_set/grafo10549.99.txt,success,0.352568,,1,214266,6,1,4,5,797,50458,128,14126,281
graphs_set,grafo10552.96,data/batch_2/graphs_set/grafo10552.96.txt,success,1.083250,,1,119990,8,1,4,7,726,26009,59,3765,136
graphs_set,grafo10560.95,data/batch_2/graphs_set/grafo10560.95.txt,success,0.085727,,1,38713,7,1,4,7,532,13935,89,4104,155
graphs_set,grafo10575.99,data/batch_2/graphs_set/grafo10575.99.txt,success,1.768059,,1,149683,11,1,4,9,4093,854410,261,92217,864
graphs_set,grafo10577.100,data/batch_2/graphs_set/grafo10577.100.txt,success,0.604092,,1,843581,7,1,4,6,1148,87714,110,13598,295
graphs_set,grafo10578.96,data/batch_2/graphs_set/grafo10578.96.txt,success,0.087474,,1,98987,7,1,4,8,701,16283,64,2208,135
graphs_set,grafo10586.100,data/batch_2/graphs_set/grafo10586.100.txt,success,0.326282,,1,37650,17,5,11,72,1674,60436,517,31188,88
graphs_set,grafo10589.93,data/batch_2/graphs_set/grafo10589.93.txt,success,0.644972,,1,190788,11,1,4,9,2067,196687,119,18597,271
graphs_set,grafo10592.98,data/batch_2/graphs_set/grafo10592.98.txt,success,0.194468,,1,26668,7,1,4,7,824,23479,82,3956,136
graphs_set,grafo10596.99,data/batch_2/graphs_set/grafo10596.99.txt,success,0.127048,,1,24276,10,2,4,7,267,1758,22,244,37
graphs_set,grafo10603.100,data/batch_2/graphs_set/grafo10603.100.txt,success,0.528886,,1,11980,9,2,4,8,514,4424,54,823,107
graphs_set,grafo10608.93,data/batch_2/graphs_set/grafo10608.93.txt,success,0.116790,,1,40617,11,2,4,9,1129,53895,86,6261,153
graphs_set,grafo10624.91,data/batch_2/graphs_set/grafo10624.91.txt,success,0.052747,,1,30998,17,4,4,199,2573,15388,1148,9320,392
graphs_set,grafo10626.100,data/batch_2/graphs_set/grafo10626.100.txt,success,0.031973,,1,18185,9,1,4,7,381,3818,46,1084,70
graphs_set,grafo10630.94,data/batch_2/graphs_set/grafo10630.94.txt,success,1.893434,,1,68172,12,2,4,11,1316,37061,69,3237,170
graphs_set,grafo10632.100,data/batch_2/graphs_set/grafo10632.100.txt,success,0.450924,,1,413461,8,1,4,6,378,5017,55,1446,76
graphs_set,grafo10634.96,data/batch_2/graphs_set/grafo10634.96.txt,success,0.633341,,1,132324,10,1,4,8,423,4124,38,731,50
graphs_set,grafo10635.95,data/batch_2/graphs_set/grafo10635.95.txt,success,0.191738,,1,49562,12,2,4,11,1791,79656,107,8025,248
graphs_set,grafo10637.94,data/batch_2/graphs_set/grafo10637.94.txt,success,0.125858,,1,17330,8,2,4,6,333,4286,27,634,75
graphs_set,grafo10638.100,data/batch_2/graphs_set/grafo10638.100.txt,success,0.127052,,1,16088,8,2,4,6,399,9399,46,1668,86
graphs_set,grafo10644.100,data/batch_2/graphs_set/grafo10644.100.txt,success,0.218811,,1,50382,8,3,4,5,205,1411,15,199,50
graphs_set,grafo10646.100,data/batch_2/graphs_set/grafo10646.100.txt,success,0.127616,,1,25309,13,3,4,50,1030,9241,157,1340,115
graphs_set,grafo10648.98,data/batch_2/graphs_set/grafo10648.98.txt,success,0.424371,,1,443107,11,1,4,9,778,18277,62,2666,139
graphs_set,grafo10650.98,data/batch_2/graphs_set/grafo10650.98.txt,success,4.048733,,1,3976134,10,1,4,9,742,11007,51,1643,92
graphs_set,grafo10653.100,data/batch_2/graphs_set/grafo10653.100.txt,success,1.328974,,1,398210,13,3,4,10,521,8288,34,801,56
graphs_set,grafo10662.100,data/batch_2/graphs_set/grafo10662.100.txt,success,0.428039,,1,42386,10,1,4,9,369,2214,38,442,44
graphs_set,grafo10663.99,data/batch_2/graphs_set/grafo10663.99.txt,success,0.072172,,1,55618,9,1,4,8,441,6941,55,1369,101
graphs_set,grafo10676.100,data/batch_2/graphs_set/grafo10676.100.txt,success,0.063091,,1,23448,8,2,4,6,454,8084,52,1809,102
graphs_set,grafo10685.98,data/batch_2/graphs_set/grafo10685.98.txt,success,0.093631,,1,38266,11,1,4,21,1127,36717,149,5797,135
graphs_set,grafo10688.95,data/batch_2/graphs_set/grafo10688.95.txt,success,123.790843,,1,725653,8,1,4,9,8431,3419520,973,642571,615
graphs_set,grafo10689.98,data/batch_2/graphs_set/grafo10689.98.txt,success,0.203608,,1,632253,8,1,4,8,578,8702,58,1717,143
graphs_set,grafo10693.98,data/batch_2/graphs_set/grafo10693.98.txt,success,0.108410,,1,22112,7,1,4,140,1680,25354,507,9998,367
graphs_set,grafo10695.98,data/batch_2/graphs_set/grafo10695.98.txt,success,0.115981,,1,46714,12,1,4,10,752,15322,39,1269,95
graphs_set,grafo10696.99,data/batch_2/graphs_set/grafo10696.99.txt,success,0.528575,,1,92999,8,1,4,7,632,18175,73,3332,142
graphs_set,grafo10698.95,data/batch_2/graphs_set/grafo10698.95.txt,success,0.024235,,1,21262,7,1,4,6,390,7860,62,2155,102
graphs_set,grafo10700.98,data/batch_2/graphs_set/grafo10700.98.txt,success,0.075466,,1,18792,8,1,4,8,763,21468,75,3519,157
graphs_set,grafo10712.98,data/batch_2/graphs_set/grafo10712.98.txt,success,0.219263,,1,173464,8,1,4,7,1095,70219,148,14685,298
graphs_set,grafo10722.96,data/batch_2/graphs_set/grafo10722.96.txt,success,0.244986,,1,565154,12,1,4,23,998,22823,149,4325,136
graphs_set,grafo10726.99,data/batch_2/graphs_set/grafo10726.99.txt,success,2.948849,,1,113124,10,2,4,8,3514,695497,225,69231,837
graphs_set,grafo10736.99,data/batch_2/graphs_set/grafo10736.99.txt,success,0.107162,,1,134553,14,4,4,9,769,19399,34,1303,104
graphs_set,grafo10737.99,data/batch_2/graphs_set/grafo10737.99.txt,success,0.271486,,1,140252,14,1,4,12,1585,65692,70,4685,180
graphs_set,grafo10750.100,data/batch_2/graphs_set/grafo10750.100.txt,success,0.105807,,1,59629,7,1,4,6,283,2722,34,656,62
graphs_set,grafo10758.96,data/batch_2/graphs_set/grafo10758.96.txt,success,0.091804,,1,97806,16,1,4,135,1836,13326,548,4926,243
graphs_set,grafo10780.99,data/batch_2/graphs_set/grafo10780.99.txt,success,38.555137,,1,364022,12,1,4,10,906,13935,69,2676,133
graphs_set,grafo10781.100,data/batch_2/graphs_set/grafo10781.100.txt,success,208.729727,,1,939071,9,1,4,8,10722,6923231,584,609983,2264
graphs_set,grafo10792.98,data/batch_2/graphs_set/grafo10792.98.txt,success,0.201938,,1,164408,11,3,4,8,977,50147,108,7600,182
graphs_set,grafo10806.97,data/batch_2/graphs_set/grafo10806.97.txt,success,7.282137,,1,55464,11,2,4,9,735,9482,61,1867,85
graphs_set,grafo10808.98,data/batch_2/graphs_set/grafo10808.98.txt,success,0.426082,,1,254930,9,1,4,9,695,13854,42,1426,106
graphs_set,grafo10811.96,data/batch_2/graphs_set/grafo10811.96.txt,success,1.006410,,1,31172,13,2,4,43,2532,148169,266,16613,293
graphs_set,grafo10814.98,data/batch_2/graphs_set/grafo10814.98.txt,success,0.596591,,1,116433,10,1,4,9,567,8034,63,1988,116
graphs_set,grafo10825.98,data/batch_2/graphs_set/grafo10825.98.txt,success,0.028863,,1,15656,10,3,4,30,605,8357,137,2281,107
graphs_set,grafo10829.97,data/batch_2/graphs_set/grafo10829.97.txt,success,0.177361,,1,22470,26,7,4,223,2765,18871,719,5421,294
graphs_set,grafo10831.98,data/batch_2/graphs_set/grafo10831.98.txt,success,0.096041,,1,28469,7,1,4,7,497,12927,79,3261,134
graphs_set,grafo10836.97,data/batch_2/graphs_set/grafo10836.97.txt,success,0.085183,,1,108031,10,2,4,8,1040,52478,103,8116,191
graphs_set,grafo10849.95,data/batch_2/graphs_set/grafo10849.95.txt,success,0.123191,,1,27556,7,1,4,6,1022,64545,137,13020,202
graphs_set,grafo10854.99,data/batch_2/graphs_set/grafo10854.99.txt,success,0.077273,,1,52101,11,1,4,225,2280,8981,832,4711,276
graphs_set,grafo10859.97,data/batch_2/graphs_set/grafo10859.97.txt,success,0.162034,,1,24895,8,2,4,6,825,43274,87,7608,172
graphs_set,grafo10860.93,data/batch_2/graphs_set/grafo10860.93.txt,success,0.039242,,1,103852,7,1,4,7,555,13697,78,3428,129
graphs_set,grafo10861.100,data/batch_2/graphs_set/grafo10861.100.txt,success,0.083706,,1,35065,7,1,4,6,331,4702,38,945,80
graphs_set,grafo10864.99,data/batch_2/graphs_set/grafo10864.99.txt,success,0.763502,,1,516950,11,1,4,10,799,11409,69,2272,111
graphs_set,grafo10866.98,data/batch_2/graphs_set/grafo10866.98.txt,success,171.793916,,1,1283930,8,1,4,9,7512,5053522,1526,1267009,1971
graphs_set,grafo10878.94,data/batch_2/graphs_set/grafo10878.94.txt,success,0.108581,,1,72341,8,1,4,6,279,4021,47,1162,61
graphs_set,grafo10882.95,data/batch_2/graphs_set/grafo10882.95.txt,success,0.280699,,1,81567,11,1,4,11,1320,41535,82,4263,190
graphs_set,grafo10883.93,data/batch_2/graphs_set/grafo10883.93.txt,success,0.121021,,1,215851,8,1,4,6,317,5693,56,1801,86
graphs_set,grafo10898.95,data/batch_2/graphs_set/grafo10898.95.txt,error,,solver exited with -11; no CC Stats block,,,,,,,,,,,
graphs_set,grafo10905.97,data/batch_2/graphs_set/grafo10905.97.txt,success,0.050053,,1,24435,9,1,4,114,1501,20817,441,5495,244
graphs_set,grafo10907.99,data/batch_2/graphs_set/grafo10907.99.txt,success,1.669799,,1,2871829,13,2,4,11,1116,22604,56,2085,151
graphs_set,grafo10908.98,data/batch_2/graphs_set/grafo10908.98.txt,success,0.254938,,1,140667,12,1,4,10,593,8182,32,617,65
graphs_set,grafo10918.98,data/batch_2/graphs_set/grafo10918.98.txt,success,0.690441,,1,36379,11,1,4,11,1036,15745,56,1588,129
graphs_set,grafo10919.97,data/batch_2/graphs_set/grafo10919.97.txt,success,0.118172,,1,28333,7,1,4,6,725,30024,112,6951,155
graphs_set,grafo10926.99,data/batch_2/graphs_set/grafo10926.99.txt,success,0.027097,,1,25055,9,1,4,7,315,2562,36,668,61
graphs_set,grafo10937.100,data/batch_2/graphs_set/grafo10937.100.txt,success,0.083532,,1,23670,9,1,4,32,451,3138,101,1011,84
graphs_set,grafo10943.95,data/batch_2/graphs_set/grafo10943.95.txt,error,,solver exited with -11; no CC Stats block,,,,,,,,,,,
graphs_set,grafo10945.98,data/batch_2/graphs_set/grafo10945.98.txt,success,0.120731,,1,131578,9,1,4,16,449,3868,62,746,89
graphs_set,grafo10970.100,data/batch_2/graphs_set/grafo10970.100.txt,success,0.357591,,1,36952,6,1,4,5,919,41562,107,8062,274
graphs_set,grafo10976.92,data/batch_2/graphs_set/grafo10976.92.txt,success,52.288529,,1,433137,11,2,4,11,4248,1309307,881,393784,1093
graphs_set,grafo11000.99,data/batch_2/graphs_set/grafo11000.99.txt,success,0.310536,,1,40158,9,1,4,8,535,7899,64,2107,105
graphs_set,grafo11003.100,data/batch_2/graphs_set/grafo11003.100.txt,success,9.186600,,1,44535,4897,955,4,28423,558108,4029259,126191,1768638,37516
graphs_set,grafo11011.100,data/batch_2/graphs_set/grafo11011.100.txt,success,0.509045,,1,45127,6,1,4,6,1186,103779,207,30490,301
graphs_set,grafo11014.100,data/batch_2/graphs_set/grafo11014.100.txt,success,0.109306,,1,21121,7,1,4,6,394,7875,65,2010,115
graphs_set,grafo11016.98,data/batch_2/graphs_set/grafo11016.98.txt,success,0.115040,,1,201159,10,1,4,9,454,4329,28,426,85
graphs_set,grafo11020.100,data/batch_2/graphs_set/grafo11020.100.txt,success,0.479653,,1,25321,80,6,4,1107,17486,148074,7112,97064,1997
graphs_set,grafo11035.99,data/batch_2/graphs_set/grafo11035.99.txt,success,0.048033,,1,36665,7,1,4,6,664,24185,75,4828,149
graphs_set,grafo11039.96,data/batch_2/graphs_set/grafo11039.96.txt,success,0.780178,,1,21255,11,2,4,9,1740,101735,153,12941,277
graphs_set,grafo11044.95,data/batch_2/graphs_set/grafo11044.95.txt,success,0.044932,,1,12444,9,1,4,8,710,12183,50,1562,126
graphs_set,grafo11050.98,data/batch_2/graphs_set/grafo11050.98.txt,success,0.272208,,1,37060,10,1,4,9,1595,93723,137,12832,279
graphs_set,grafo11056.98,data/batch_2/graphs_set/grafo11056.98.txt,success,0.256086,,1,121245,9,1,4,7,384,4735,58,1667,63
graphs_set,grafo11060.99,data/batch_2/graphs_set/grafo11060.99.txt,error,,solver exited with -11; no CC Stats block,,,,,,,,,,,
graphs_set,grafo11069.93,data/batch_2/graphs_set/grafo11069.93.txt,success,0.339471,,1,34589,7,1,4,6,380,4271,41,912,46
graphs_set,grafo11070.94,data/batch_2/graphs_set/grafo11070.94.txt,success,0.127696,,1,35148,10,1,4,8,900,34636,79,5184,123
graphs_set,grafo11076.97,data/batch_2/graphs_set/grafo11076.97.txt,success,0.054880,,1,18256,9,1,4,8,670,7660,55,1285,149
graphs_set,grafo11088.97,data/batch_2/graphs_set/grafo11088.97.txt,success,0.207728,,1,154418,8,1,4,7,1426,115709,107,13773,316
graphs_set,grafo11096.97,data/batch_2/graphs_set/grafo11096.97.txt,error,,solver exited with -11; no CC Stats block,,,,,,,,,,,
graphs_set,grafo11101.95,data/batch_2/graphs_set/grafo11101.95.txt,success,0.452326,,1,600923,11,3,4,9,411,6387,24,430,64
graphs_set,grafo11102.98,data/batch_2/graphs_set/grafo11102.98.txt,time_out,,process timeout,,,,,,,,,,,
graphs_set,grafo11105.95,data/batch_2/graphs_set/grafo11105.95.txt,success,1.370975,,1,71157,9,2,4,9,1366,103321,161,16957,304
graphs_set,grafo11106.99,data/batch_2/graphs_set/grafo11106.99.txt,success,0.244136,,1,42210,9,1,4,8,790,24421,73,3562,133
graphs_set,grafo11110.99,data/batch_2/graphs_set/grafo11110.99.txt,success,0.356268,,1,31107,8,2,4,6,1444,124533,222,22710,363
graphs_set,grafo11112.96,data/batch_2/graphs_set/grafo11112.96.txt,success,0.602195,,1,27553,13,2,4,11,959,17835,45,1293,100
graphs_set,grafo11113.98,data/batch_2/graphs_set/grafo11113.98.txt,success,0.078719,,1,10513,6,1,4,49,735,10176,208,3540,134
graphs_set,grafo11114.93,data/batch_2/graphs_set/grafo11114.93.txt,success,0.288694,,1,29645,8,1,4,7,661,17557,69,3403,155
graphs_set,grafo11115.92,data/batch_2/graphs_set/grafo11115.92.txt,success,0.025381,,1,28855,8,1,4,7,452,10801,78,3433,117
graphs_set,grafo11119.98,data/batch_2/graphs_set/grafo11119.98.txt,success,3.838731,,1,45217,10,1,4,10,1661,59684,134,9050,305
graphs_set,grafo11140.98,data/batch_2/graphs_set/grafo11140.98.txt,success,0.028231,,1,8752,8,1,4,7,424,5705,58,1541,76
graphs_set,grafo11142.99,data/batch_2/graphs_set/grafo11142.99.txt,success,0.443440,,1,16878,8,1,4,31,641,6312,139,1521,93
graphs_set,grafo11143.98,data/batch_2/graphs_set/grafo11143.98.txt,success,0.018300,,1,9888,10,2,4,7,297,2181,25,382,63
graphs_set,grafo11144.92,data/batch_2/graphs_set/grafo11144.92.txt,success,0.157401,,1,30172,11,1,4,10,1605,107264,133,13210,239
graphs_set,grafo11145.99,data/batch_2/graphs_set/grafo11145.99.txt,success,1.746696,,1,112975,8,1,4,6,677,27201,84,5935,143
graphs_set,grafo11148.99,data/batch_2/graphs_set/grafo11148.99.txt,success,2.117692,,1,103799,10,1,4,8,520,7990,53,1724,95
graphs_set,grafo11157.100,data/batch_2/graphs_set/grafo11157.100.txt,success,0.588547,,1,611788,10,1,4,9,600,9486,57,1762,89
graphs_set,grafo11181.95,data/batch_2/graphs_set/grafo11181.95.txt,success,0.030791,,1,26280,9,1,4,65,992,9203,380,3714,177
graphs_set,grafo11201.99,data/batch_2/graphs_set/grafo11201.99.txt,success,0.655704,,1,44282,39,6,4,503,8644,123357,4054,70809,1330
graphs_set,grafo11218.99,data/batch_2/graphs_set/grafo11218.99.txt,success,26.575161,,1,393733,10,1,4,10,8831,3648858,584,329272,1273
graphs_set,grafo11223.99,data/batch_2/graphs_set/grafo11223.99.txt,time_out,,process timeout,,,,,,,,,,,
graphs_set,grafo11227.100,data/batch_2/graphs_set/grafo11227.100.txt,success,0.898032,,1,35609,12,2,4,12,2510,171658,158,17262,327
graphs_set,grafo11250.99,data/batch_2/graphs_set/grafo11250.99.txt,success,0.298828,,1,71008,11,1,4,10,718,12550,57,1848,113
graphs_set,grafo11251.93,data/batch_2/graphs_set/grafo11251.93.txt,success,0.070897,,1,34490,9,1,4,8,617,18145,87,4291,147
graphs_set,grafo11254.99,data/batch_2/graphs_set/grafo11254.99.txt,success,0.741866,,1,177247,12,1,4,10,476,3676,24,267,51
graphs_set,grafo11271.99,data/batch_2/graphs_set/grafo11271.99.txt,success,12.062137,,1,288044,7,1,4,7,4308,1234627,372,161125,852
graphs_set,grafo11313.96,data/batch_2/graphs_set/grafo11313.96.txt,success,18.737473,,1,42344,473,223,68,2349,92576,3935930,49472,2171840,8699
graphs_set,grafo11324.100,data/batch_2/graphs_set/grafo11324.100.txt,success,0.220217,,1,107691,6,1,4,6,535,13232,79,2456,104
graphs_set,grafo11335.100,data/batch_2/graphs_set/grafo11335.100.txt,success,0.063071,,1,24289,6,1,4,5,419,13364,80,4723,108
graphs_set,grafo11458.100,data/batch_2/graphs_set/grafo11458.100.txt,success,0.519202,,1,101765,10,1,4,9,646,10992,74,2562,97
graphs_set,grafo11469.96,data/batch_2/graphs_set/grafo11469.96.txt,success,0.396512,,1,33305,11,1,4,9,606,7427,51,1491,113
graphs_set,grafo11546.97,data/batch_2/graphs_set/grafo11546.97.txt,success,0.074111,,1,33424,8,1,4,6,348,6095,33,1021,100
graphs_set,grafo11569.93,data/batch_2/graphs_set/grafo11569.93.txt,success,0.128425,,1,143399,9,1,4,7,361,3749,38,733,71
graphs_set,grafo3435.99,data/batch_2/graphs_set/grafo3435.99.txt,success,0.827426,,1,812192,12,2,4,46,1187,26727,199,4717,230
graphs_set,grafo3532.99,data/batch_2/graphs_set/grafo3532.99.txt,success,0.044929,,1,27498,9,1,4,9,456,5639,73,1914,104
graphs_set,grafo3680.99,data/batch_2/graphs_set/grafo3680.99.txt,success,0.099853,,1,144999,8,1,4,7,519,9255,57,1938,111
graphs_set,grafo3712.95,data/batch_2/graphs_set/grafo3712.95.txt,success,0.063912,,1,23538,8,1,4,8,425,4693,51,1170,106
graphs_set,grafo3861.99,data/batch_2/graphs_set/grafo3861.99.txt,error,,solver exited with -11; no CC Stats block,,,,,,,,,,,
graphs_set,grafo3890.96,data/batch_2/graphs_set/grafo3890.96.txt,error,,solver exited with -11; no CC Stats block,,,,,,,,,,,
graphs_set,grafo3898.99,data/batch_2/graphs_set/grafo3898.99.txt,success,39.776222,,1,621231,8,2,4,7,4214,1867270,980,479260,1217
graphs_set,grafo3979.98,data/batch_2/graphs_set/grafo3979.98.txt,success,0.070548,,1,100593,12,3,4,11,1429,60228,108,5972,219
graphs_set,grafo3995.97,data/batch_2/graphs_set/grafo3995.97.txt,success,0.255844,,1,122596,7,1,4,8,766,32446,162,12716,128
graphs_set,grafo4091.99,data/batch_2/graphs_set/grafo4091.99.txt,success,0.744216,,1,767392,7,1,4,6,982,61890,106,10932,249
graphs_set,grafo6562.98,data/batch_2/graphs_set/grafo6562.98.txt,success,0.047458,,1,21818,7,2,4,5,624,28853,98,6658,181
graphs_set,grafo6625.99,data/batch_2/graphs_set/grafo6625.99.txt,success,0.176158,,1,25299,10,2,4,7,290,2228,35,649,55
graphs_set,grafo6975.39,data/batch_2/graphs_set/grafo6975.39.txt,success,0.106800,,1,80911,10,1,4,8,1084,56178,66,5700,169
graphs_set,grafo7221.99,data/batch_2/graphs_set/grafo7221.99.txt,success,0.036807,,1,16070,10,2,4,35,829,14793,169,4176,126
graphs_set,grafo7263.99,data/batch_2/graphs_set/grafo7263.99.txt,success,2.635088,,1,644630,14,1,4,13,3839,453747,185,33994,449
graphs_set,grafo7417.39,data/batch_2/graphs_set/grafo7417.39.txt,success,0.065462,,1,13722,69,4,4,905,11425,42989,3367,18868,1046
graphs_set,grafo7785.100,data/batch_2/graphs_set/grafo7785.100.txt,success,0.078215,,1,50012,8,2,4,6,391,4118,35,608,88
graphs_set,grafo7797.100,data/batch_2/graphs_set/grafo7797.100.txt,success,1.206917,,1,1977104,7,1,4,7,632,9672,103,2846,144
graphs_set,grafo7907.80,data/batch_2/graphs_set/grafo7907.80.txt,success,0.105548,,1,30507,9,2,4,8,402,5333,42,843,77
graphs_set,grafo8008.95,data/batch_2/graphs_set/grafo8008.95.txt,success,2.354244,,1,110399,8,2,4,6,2430,438859,239,68285,486
graphs_set,grafo8127.78,data/batch_2/graphs_set/grafo8127.78.txt,success,0.011587,,1,14952,6,1,4,5,203,1641,32,498,55
graphs_set,grafo8198.99,data/batch_2/graphs_set/grafo8198.99.txt,success,0.056830,,1,22376,10,2,4,8,736,23447,70,3540,158
graphs_set,grafo8223.99,data/batch_2/graphs_set/grafo8223.99.txt,success,0.036865,,1,12255,7,1,4,6,386,5278,47,1166,95
graphs_set,grafo8373.100,data/batch_2/graphs_set/grafo8373.100.txt,success,0.036487,,1,31332,9,2,4,8,690,18485,63,2746,144
graphs_set,grafo8478.98,data/batch_2/graphs_set/grafo8478.98.txt,success,0.432254,,1,38484,13,2,4,12,2951,190178,203,18803,388
graphs_set,grafo8490.95,data/batch_2/graphs_set/grafo8490.95.txt,success,4.937312,,1,2835269,7,2,4,5,584,11960,101,3099,155
graphs_set,grafo8510.100,data/batch_2/graphs_set/grafo8510.100.txt,success,0.120710,,1,68728,9,1,4,7,409,6210,41,1190,83
graphs_set,grafo8513.100,data/batch_2/graphs_set/grafo8513.100.txt,success,176.839160,,1,1272167,10,2,4,9,13125,9349408,1589,1260467,2351
graphs_set,grafo8566.98,data/batch_2/graphs_set/grafo8566.98.txt,success,0.268599,,1,243738,7,1,4,6,331,4323,54,1433,92
graphs_set,grafo8571.94,data/batch_2/graphs_set/grafo8571.94.txt,success,0.143383,,1,87704,10,1,4,8,337,2359,33,524,62
graphs_set,grafo8673.98,data/batch_2/graphs_set/grafo8673.98.txt,success,0.569790,,1,465116,11,4,4,8,1870,160222,197,22897,320
graphs_set,grafo8674.100,data/batch_2/graphs_set/grafo8674.100.txt,success,0.207086,,1,83221,9,1,4,7,258,1529,29,351,45
graphs_set,grafo8739.99,data/batch_2/graphs_set/grafo8739.99.txt,success,14.223476,,1,378884,6,1,4,5,3921,1447464,564,304640,952
graphs_set,grafo8777.98,data/batch_2/graphs_set/grafo8777.98.txt,success,0.025938,,1,16186,9,1,4,24,436,3592,102,1046,83
graphs_set,grafo8780.96,data/batch_2/graphs_set/grafo8780.96.txt,success,12.784854,,1,208928,9,2,4,8,2038,405050,615,190794,133
graphs_set,grafo8791.94,data/batch_2/graphs_set/grafo8791.94.txt,success,1.853780,,1,61144,7,2,4,6,2353,261962,349,45839,514
graphs_set,grafo8793.100,data/batch_2/graphs_set/grafo8793.100.txt,success,0.049607,,1,20431,15,2,4,12,1158,20573,56,2037,109
graphs_set,grafo8823.93,data/batch_2/graphs_set/grafo8823.93.txt,success,0.141861,,1,223690,16,4,4,43,1419,37774,184,5626,195
graphs_set,grafo8826.100,data/batch_2/graphs_set/grafo8826.100.txt,success,0.061895,,1,32532,7,1,4,7,505,8871,77,2487,157
graphs_set,grafo8857.99,data/batch_2/graphs_set/grafo8857.99.txt,success,0.185756,,1,73798,9,3,4,5,1116,110457,114,18397,61
graphs_set,grafo8864.98,data/batch_2/graphs_set/grafo8864.98.txt,success,0.116817,,1,96589,11,2,4,23,1163,24867,161,4215,182
graphs_set,grafo8867.97,data/batch_2/graphs_set/grafo8867.97.txt,success,2.624901,,1,56608,8,2,4,6,1079,82927,139,18120,288
graphs_set,grafo8882.100,data/batch_2/graphs_set/grafo8882.100.txt,success,0.333240,,1,38490,8,2,4,7,532,5918,46,1164,117
graphs_set,grafo8892.100,data/batch_2/graphs_set/grafo8892.100.txt,success,0.094033,,1,16183,8,1,4,8,1300,72668,96,8870,222
graphs_set,grafo8893.96,data/batch_2/graphs_set/grafo8893.96.txt,success,0.017143,,1,7086,17,1,4,188,2113,8462,625,3235,200
graphs_set,grafo8943.98,data/batch_2/graphs_set/grafo8943.98.txt,success,2.582371,,1,114076,10,1,4,8,550,7996,64,2291,123
graphs_set,grafo8963.92,data/batch_2/graphs_set/grafo8963.92.txt,success,4.669116,,1,913735,8,1,4,7,3048,598513,278,91602,528
graphs_set,grafo9008.91,data/batch_2/graphs_set/grafo9008.91.txt,success,0.087413,,1,29977,11,2,4,9,477,6966,48,1094,82
graphs_set,grafo9357.99,data/batch_2/graphs_set/grafo9357.99.txt,success,1.735164,,1,3559748,13,2,4,10,620,10222,36,908,87
graphs_set,grafo9362.98,data/batch_2/graphs_set/grafo9362.98.txt,success,0.876719,,1,53280,16,1,4,15,4581,569108,148,28625,383
graphs_set,grafo9691.79,data/batch_2/graphs_set/grafo9691.79.txt,success,0.032275,,1,13143,8,1,4,7,275,2845,35,659,71
graphs_set,grafo9738.100,data/batch_2/graphs_set/grafo9738.100.txt,success,7.838782,,1,40409,8,2,4,6,601,22512,96,5197,221
graphs_set,grafo9788.80,data/batch_2/graphs_set/grafo9788.80.txt,success,0.058301,,1,19672,10,3,4,7,732,28968,89,5146,252
graphs_set,grafo9973.96,data/batch_2/graphs_set/grafo9973.96.txt,success,0.378558,,1,133822,9,1,4,8,1108,49379,138,8202,249
graphs_set,grafo9984.96,data/batch_2/graphs_set/grafo9984.96.txt,success,0.365841,,1,34660,9,2,4,7,1810,178937,231,28555,345
graphs_set,grafo9995.94,data/batch_2/graphs_set/grafo9995.94.txt,success,0.279027,,1,53825,12,1,4,10,1352,66408,88,7091,255
set_partition_benchmarks,delta,data/batch_2/set_partition_benchmarks/delta.txt,success,76.103221,,1,253034,6,0,3,10,7829,1332981,866,224568,1218
set_partition_benchmarks,meteor,data/batch_2/set_partition_benchmarks/meteor.txt,time_out,,process timeout,,,,,,,,,,,
set_partition_benchmarks,sppnw08,data/batch_2/set_partition_benchmarks/sppnw08.txt,error,,solver exited with -11; no CC Stats block,,,,,,,,,,,
set_partition_benchmarks,sppnw09,data/batch_2/set_partition_benchmarks/sppnw09.txt,error,,solver exited with -11; no CC Stats block,,,,,,,,,,,
set_partition_benchmarks,sppnw10,data/batch_2/set_partition_benchmarks/sppnw10.txt,success,22.883003,,1,302628,11,2,8,100,3396,620738,1826,318543,1267
set_partition_benchmarks,sppnw12,data/batch_2/set_partition_benchmarks/sppnw12.txt,success,11.357719,,1,146210,7,1,4,71,3325,594309,802,146658,803
set_partition_benchmarks,sppnw15,data/batch_2/set_partition_benchmarks/sppnw15.txt,success,4.336831,,1,81675,8,2,4,43,4014,308243,2377,175131,769
set_partition_benchmarks,sppnw19,data/batch_2/set_partition_benchmarks/sppnw19.txt,time_out,,process timeout,,,,,,,,,,,
set_partition_benchmarks,sppnw20,data/batch_2/set_partition_benchmarks/sppnw20.txt,time_out,1511.481845,solver time limit reached,0,186545,1307,45,3,18680,1152099,72621481,826253,64012786,178372
set_partition_benchmarks,sppnw21,data/batch_2/set_partition_benchmarks/sppnw21.txt,success,4.685344,,1,135538,5,0,3,47,2201,302502,843,139520,692
set_partition_benchmarks,sppnw22,data/batch_2/set_partition_benchmarks/sppnw22.txt,success,8.924398,,1,143284,7,0,3,154,4742,394644,2585,204058,1174
set_partition_benchmarks,sppnw23,data/batch_2/set_partition_benchmarks/sppnw23.txt,time_out,1524.401617,solver time limit reached,0,224607,284,23,4,5414,472310,57919240,414941,54363460,30857
set_partition_benchmarks,sppnw24,data/batch_2/set_partition_benchmarks/sppnw24.txt,success,412.930728,,1,855421,27,0,3,592,30212,4632622,22571,3597759,3993
set_partition_benchmarks,sppnw25,data/batch_2/set_partition_benchmarks/sppnw25.txt,time_out,,process timeout,,,,,,,,,,,
set_partition_benchmarks,sppnw26,data/batch_2/set_partition_benchmarks/sppnw26.txt,success,36.494035,,1,226642,5,0,3,24,5073,1311078,1344,259699,1077
set_partition_benchmarks,sppnw27,data/batch_2/set_partition_benchmarks/sppnw27.txt,success,362.060087,,1,845764,9,1,5,185,11263,3781962,6046,1783809,2689
set_partition_benchmarks,sppnw28,data/batch_2/set_partition_benchmarks/sppnw28.txt,success,225.441959,,1,702911,11,1,3,231,12076,2842553,8858,1855095,1764
set_partition_benchmarks,sppnw29,data/batch_2/set_partition_benchmarks/sppnw29.txt,time_out,,process timeout,,,,,,,,,,,
set_partition_benchmarks,sppnw30,data/batch_2/set_partition_benchmarks/sppnw30.txt,time_out,,process timeout,,,,,,,,,,,
set_partition_benchmarks,sppnw31,data/batch_2/set_partition_benchmarks/sppnw31.txt,time_out,,process timeout,,,,,,,,,,,
set_partition_benchmarks,sppnw32,data/batch_2/set_partition_benchmarks/sppnw32.txt,success,1.595598,,1,32063,15,2,4,355,7839,230160,4815,133044,1406
set_partition_benchmarks,sppnw33,data/batch_2/set_partition_benchmarks/sppnw33.txt,time_out,,process timeout,,,,,,,,,,,
set_partition_benchmarks,sppnw34,data/batch_2/set_partition_benchmarks/sppnw34.txt,time_out,,process timeout,,,,,,,,,,,
set_partition_benchmarks,sppnw35,data/batch_2/set_partition_benchmarks/sppnw35.txt,success,407.498973,,1,1324348,10,0,3,134,11734,3742142,6769,1814080,2751
set_partition_benchmarks,sppnw36,data/batch_2/set_partition_benchmarks/sppnw36.txt,time_out,,process timeout,,,,,,,,,,,
set_partition_benchmarks,sppnw37,data/batch_2/set_partition_benchmarks/sppnw37.txt,time_out,1522.819899,solver time limit reached,0,232474,953,26,3,16539,987494,64207668,734019,57959581,131836
set_partition_benchmarks,sppnw38,data/batch_2/set_partition_benchmarks/sppnw38.txt,success,458.050440,,1,679589,9,2,6,154,18190,5721264,14857,4432055,1549
set_partition_benchmarks,sppnw39,data/batch_2/set_partition_benchmarks/sppnw39.txt,success,8.165713,,1,195051,5,0,3,118,3189,422693,1666,214091,1013
set_partition_benchmarks,sppnw40,data/batch_2/set_partition_benchmarks/sppnw40.txt,success,241.691367,,1,63250,775,102,3,9326,456774,21925630,309072,18949913,67214
set_partition_benchmarks,sppnw41,data/batch_2/set_partition_benchmarks/sppnw41.txt,success,17.886019,,1,12071,342,2,3,4060,143289,3560731,85665,2704028,25836
set_partition_benchmarks,sppnw42,data/batch_2/set_partition_benchmarks/sppnw42.txt,success,85.956641,,1,482262,5,0,3,7,6294,2571986,1565,808420,1548
set_partition_benchmarks,sppnw43,data/batch_2/set_partition_benchmarks/sppnw43.txt,time_out,,process timeout,,,,,,,,,,,
